setor,cod_pca_pdf,objeto_pdf,uo,qtd,valor_unit,status,score_texto,item_id_sistema,codigo_pca_sistema,descricao_sistema,status_aprovacao_atual
CAA,146E,VASILHAME DE GAS DE COZINHA SEM CARGA DE GAS - GLP 45 KG COM MONTAGEM INCLUSA,pgj,2.0,1115.71,SEM CORRESPONDENCIA,,,,,
CAA,5A3F,"Recarga de Gas Liquefeito de Petroleo (GLP), somente a recarga, 13kg",pgj,50.0,131.0,CASADO (texto divergente - revisar),0.327,708,L26-CAA-146,"Torneira Metalica Cromada De Mesa Para Lavatorio, Bica Alta, Com Arejador (Ref 1195).",pendente
CAA,2FE7,"Servico de Manutencao Preventiva e Corretiva de Aparelhos de Ar-Condicionado, bebedouro, purificador de agua, frigobar, geladeira",pgj,1.0,90000.0,SEM CORRESPONDENCIA,,,,,
CAA,0409,Servico de Recarga de Extintores de Incendio,pgj,1.0,17267.56,SEM CORRESPONDENCIA,,,,,
CAA,6F6F,Servico de Manutencao Preventiva e Corretiva de Aparelhos de Ar-Condicionado (apostilamento),pgj,1.0,40000.0,CASADO,0.521,560,L26-CAA-13,"Manutenção Preventiva e Corretiva com Fornecimento de Peças dos Aparelhos de Ar- Condiconador Tipo split, Bebedouro, Purificador de  Água, Frigobar, Geladeira, Bem como recarga de Gás para o MP-PI",pendente
CAA,JGI0,Servicos Securitarios para os Veiculos Pertencentes a Frota Propria do PROCON,fepdc,1.0,7900.0,SEM CORRESPONDENCIA,,,,,
CAA,A6A4,Ribbon de resina,fepdc,50.0,35.0,CASADO,1.0,545,L26-CAA-7,Ribbon de resina,pendente
CAA,2233,Purificador de agua,fepdc,2.0,956.37,CASADO,1.0,544,L26-CAA-6,Purificador de água,pendente
CAA,80FE,"Manutencao Preventiva e Corretiva com Fornecimento de Pecas dos Aparelhos de Ar-Condicionado, Bebedouro, Purificador de Agua, Frigobar, Geladeira MP-PI",pgj,1.0,170066.0,CASADO,0.865,1052,L26-CAA-352,"Manutenção Preventiva e Corretiva com Fornecimento de Peças dos Aparelhos de Ar- Condiconador Tipo split, Bebedouro, Purificador de  Água, Frigobar, Geladeira, Bem como recarga de Gás para o MP-PI",pendente
CAA,E57C,Gerenciamento do Abastecimento e da manutencao da Frota Veicular do MPPI,fmmp,1.0,1173010.0,SEM CORRESPONDENCIA,,,,,
CAA,F8OH,Contratacao de servicos securitarios para veiculos frota propria FEPDC/PI,fepdc,1.0,13212.65,SEM CORRESPONDENCIA,,,,,
CAA,2CB8,Servico Securitarios para as Sedes da Procuradoria Geral de Justica,pgj,1.0,13285.0,CASADO,0.673,772,L26-CAA-208,Serviço Securitários para as Sedes da Procuradoria Geral de Justiça com cobertura de incêndio e danos causados por fenômeno  natural,pendente
CAA,973B,"Manutencao Preventiva e Corretiva com Fornecimento de Pecas dos Aparelhos de Ar-Condicionador tipo split, Bebedouro, Purificador de Agua, Frigobar, Geladeira, recarga de Gas MP-PI",pgj,1.0,11500.0,SEM CORRESPONDENCIA,,,,,
CAA,MWAY,Acucar tipo Cristal Pacote de 1 kg,pgj,994.0,3.96,SEM CORRESPONDENCIA,,,,,
CAA,1936,"Servicos continuados de Auxiliar Administrativo, Agente de Limpeza, Auxiliar de Servicos Gerais, Bombeiro Hidraulico, Carregador de Volumes, Copeiragem, Eletricista, Garconaria, Motorista, Office Boy, Operador de Som e Imagem, Recepcionista, Telefonista",pgj,1.0,3572724.8,SEM CORRESPONDENCIA,,,,,
CAA,2DFE,Aquisicao de material de manutencao predial e construcao,pgj,1.0,178773.21,SEM CORRESPONDENCIA,,,,,
CAA,B886,Cabo Hdmi De 15 Metros Alta Velocidade Tecnologia Ultra Hd 4K,pgj,5.0,97.97,CASADO (texto divergente - revisar),0.232,606,L26-CAA-44,"Cabo Hdmi De 15 Metros, Alta Velocidade Com Tecnologia Ultra Hd, 4K, 3D. Transmite Vídeo No Formato 4K. Nível De Proteção Superior, Pois Tem Dupla Malha De Revestimento Interno (Blindagem) E Revestimento Externo compatível Hdtv Versão 1.0, 1.2, 1.3A, 1.3B Cat2, Hight Speed 1.4 Multicondutor, Termoplástico Isolado E Revestido.",pendente
CAA,CA01,Garrafa termica de 500 ml com ampola de vidro rosca higienica alca ergonomica,pgj,70.0,21.5,SEM CORRESPONDENCIA,,,,,
CAA,F0BC,GAVETEIRO VOLANTE COM 4 GAVETAS 400X470X620 MM,fepdc,5.0,834.17,CASADO,0.829,860,L26-CAA-221,GAVETEIRO VOLANTE COM 4 GAVETAS. DIMENSÕES: 400X470X620 MM(LXPXH),pendente
CAA,4D96,MESA RETANGULAR DIMENSOES 1200 X 600 X 740 MM,fepdc,24.0,874.32,CASADO,0.918,861,L26-CAA-222,MESA RETANGULAR DIMENSÕES: 1200 X 600 X 740 MM(LXPXH),pendente
CAA,11DB,MESA REUNIAO REDONDA DIMENSOES 1200 X 740 MM,fepdc,5.0,1087.03,CASADO,0.989,862,L26-CAA-223,MESA REUNIÃO REDONDA DIMENSÕES: 1200 X 740 MM,pendente
CAA,AE17,CADEIRA ESTOFADA FIXA,fepdc,10.0,796.0,CASADO,1.0,865,L26-CAA-226,CADEIRA ESTOFADA FIXA,pendente
CAA,B3B4,POLTRONA GIRATORIA OPERACIONAL ESPALDAR MEDIO COM BRACOS REGULAVEIS,fepdc,20.0,1400.0,CASADO (texto divergente - revisar),0.04,755,L26-CAA-193,"Cadeira giratória em tela, espaldar médio telado na cor preta, giratória a gás, base em aço com capa e rodízios duplos de nylon, com
bandas de rodagem em P.U. apropriados para piso frio. Mecanismo Digitador com regulagem de inclinação e altura de encosto,
Contato permanente. Com braço regulável tipo 'T', com regulagem de altura acionado por botão; apoio de braço em Polipropileno.",pendente
CAA,3D6A,CADEIRA EMPILHAVEL,fepdc,24.0,515.0,SEM CORRESPONDENCIA,,,,,
CAA,E994,BEBEDOURO TIPO COLUNA PARA GARRAFAO DE 20 LITROS,fepdc,6.0,900.0,CASADO,0.98,868,L26-CAA-229,"BEBEDOURO, TIPO COLUNA, PARA GARRAFÃO DE 20 LITROS",pendente
CAA,835D,"Vasilhame para agua mineral de 20 litros, somente o vasilhame, produto novo primeiro uso",pgj,75.0,19.15,SEM CORRESPONDENCIA,,,,,
CAA,DEC4,Servicos Continuados de Auxiliar Administrativo - Cidade de Pedro II,pgj,1.0,0.0,CASADO,1.0,876,L26-CAA-231,Serviços Continuados de Auxiliar Administrativo - Cidade de Pedro II,pendente
CAA,BAE4,"Agua mineral, natural, sem gas, em garrafa de 1,5 litro, fardo com 6 unidades",pgj,11250.0,1.59,SEM CORRESPONDENCIA,,,,,
CAA,F79C,"Agua mineral, natural, sem gas, em copo de 200ml, caixa com 48 unidades",pgj,10000.0,0.85,CASADO,0.993,880,L26-CAA-235,"Água mineral, natural, sem gás, em copo de 200ml, caixa com 48 unidades.",pendente
CAA,4F3A,"Garrafa termica com capacidade de 1 litro, corpo em polipropileno, ampola em vidro",pgj,60.0,24.7,SEM CORRESPONDENCIA,,,,,
CAA,601D,"Garrafa termica, de pressao, com capacidade de 1,8 litro, corpo em aco inox",pgj,15.0,74.0,SEM CORRESPONDENCIA,,,,,
CAA,83D6,"Coador de papel para filtrar cafe no 103, caixa com 30 unidades",pgj,140.0,3.0,SEM CORRESPONDENCIA,,,,,
CAA,B3B8,Coador Cafe - Filtro De Tecido Para Cafe 22 Cm Diametro X 30 Cm Altura,pgj,35.0,6.8,SEM CORRESPONDENCIA,,,,,
CAA,8D8D,"Agua mineral, natural, sem gas, em garrafoes de 20 litros (L) retornavel, com tampa e lacre de seguranca, validade minima de 06 meses (recarga). Regional Norte",pgj,3000.0,15.0,SEM CORRESPONDENCIA,,,,,
CAA,7SMD,Servico de mao de obra com dedicacao exclusiva - Auxiliar Administrativo,pgj,1.0,568806.0,CASADO (texto divergente - revisar),0.469,814,L26-CAA-219,Serviços Continuados de Auxiliar Administrativo -  Teresina e Campo Maior,pendente
CAA,0525,"Servico de Agente de Limpeza Institucional, com dedicacao exclusiva de mao de obra",fmmp,1.0,1865936.0,SEM CORRESPONDENCIA,,,,,
CAA,CD36,Frasco de plastico de 500 ml para Sabonete Liquido Com Valvula Pump (Saboneteira),pgj,55.0,4.97,CASADO,0.994,937,L26-CAA-292,Frasco de plástico de 500 ml para Sabonete Liquido Com Valvula Pump (Saboneteira).,pendente
CAA,F5B1,Memoria Portatil Microcomputador Capacidade Memoria 16 Gb Pen Drive,pgj,30.0,22.0,CASADO,0.753,923,L26-CAA-278,"Memória Portátil Microcomputador Capacidade Memória: 16 Gb, Aplicação: Armazenamento De Dados , Tipo: Pen Drive",pendente
CAA,929E,"Mouse, confeccionado em plastico, optico, com 3 botoes",pgj,40.0,17.49,CASADO (texto divergente - revisar),0.335,924,L26-CAA-279,"Mouse, confeccionado em plastico, optico, com 3 botoes, com botao de rolagem scroll, compativel com windows 7, 8.1, 10, com conector usb, resolucao de 1000 dpi, cabo de aproximadamente 180 cm, dimensoes aproximadas 112,96 x 61,7 x 38,4 mm (axlxp), garantia de 12 meses",pendente
CAA,C4D7,"Teclado para computador, Padrao Abnt-2, Com Conector Usb",pgj,30.0,32.0,CASADO (texto divergente - revisar),0.31,925,L26-CAA-280,"Teclado para computador, Padrao Abnt-2, Com Conector Usb, Garantia De 01 Ano, Contra Defeitos De Fabricacao, Com as seguintes características mínimas: - compatível com windows 10, windows rt e windows 7, cor: preta com identificação das teclas em branco – deve possuir teclado numérico na lateral direita.",pendente
CAA,D884,"Papel Timbrado Folha Oficio A4, Gramatura 75G/M2, Medindo 21X29,7Cm, Na Cor Branca",pgj,2500.0,26.5,CASADO,0.835,926,L26-CAA-281,"Papel Timbrado Folha Ofício A4, Gramatura 75G/M², Medindo 21X29,7Cm, Na Cor Branca. Embalagem/resma com 500 Fls.",pendente
CAA,B81D,Agua Sanitaria 1L,pgj,4950.0,1.5,CASADO (texto divergente - revisar),0.072,927,L26-CAA-282,"Água Sanitária 1L - Composição Química: Hipoclorito De Sódio, Hidróxido De Sódio, Cloreto , Teor Cloro Ativo: Varia De 2 A 2,50% , Cor: Incolor , Aplicação: Lavagem E Alvejante De Roupas, Banheiras, Pias, rótulo com identificação do produto, marca do Fabricante, data de validade, registro na ANVISA. Frasco de 1L. Com data de fabricação não superior a 6 meses na data da entrega. Marcas de Referências: Ypê, Brilux ou de qualidade semelhante ou superior.",pendente
CAA,29AC,Desinfetante 1 L,pgj,5940.0,2.5,CASADO (texto divergente - revisar),0.088,928,L26-CAA-283,"Desinfetante 1 L - Composição: À Base De Quaternário De Amônio, Princípio Ativo: Cloreto Alquil Dimetil Benzil Amônio +Tensioativos, Teor Ativo: Solução Concentrada, Teor Ativo Em Torno De 50%, Forma Física: Solução Aquosa, Característica Adicional: Com Aroma. Marcas de Referências: Ypê, Bom Bril, Minuano ou de qualidade semelhante ou superior.",pendente
CAA,E491,"Sabao Po - aplicacao lavar roupas, limpeza geral",pgj,3025.0,3.2,CASADO (texto divergente - revisar),0.194,930,L26-CAA-285,"Sabão Pó - aplicação lavar roupas, limpeza geral, características adicionais/ingredientes: Tensoativo aniônico, tamponantes, coadjuvantes, sinergista, corantes, enzimas, branqueador óptico, fragrâncias e carga. Contém alquil benzeno sulfonato de sódio. Contém tensoativo biodegradável. Contém ativo biodegradável. Aditivos: Alvejante E Amaciante. Embalagem de 500g.. Marcas de Referências: Ypê, Ala, Minuano ou de qualidade semelhante ou superior.",pendente
CAA,5351,Sabao barra - Composicao Basica Sais e Acido Graxo,pgj,138.0,9.0,CASADO (texto divergente - revisar),0.447,931,L26-CAA-286,"Sabão barra - Composição Básica: Sais + Ácido Graxo, Tipo: Com Alvejante, Características Adicionais: Com Perfume, Peso: 200 G, Formato: Retangular. Embalagem 5,00 unid.",pendente
CAA,0CFF,"Cera liquida, alto brilho, Resistente E Antiestatico",pgj,11.0,43.0,CASADO,0.55,932,L26-CAA-287,"Cera líquida, alto brilho, Resistente E Antiestático. Aplicação: Tratamento De Pisos. Para todos os tipos de piso. Embalagem de 5 Litros.",pendente
CAA,1471,"Cadeira giratoria espaldar alto, tipo fraque telado, Giratoria a gas",fepdc,8.0,2000.0,SEM CORRESPONDENCIA,,,,,
CAA,BE4B,Lustrador Moveis Componentes Cera Microcristalina Oleo Parafinico Silicone,pgj,1100.0,3.0,CASADO (texto divergente - revisar),0.113,933,L26-CAA-288,"Lustrador Móveis Componentes: Cera Microcristalina, Óleo Parafínico, Silicone, A , Aroma: Lavanda , Aplicação: Móveis E Superfícies Lisas , Aspecto Físico: Pastoso. Embalagem descartável, com datas de fabricação e de validade impressas na embalagem, sendo a validade mínima de 12 (doze) meses a partir da data da entrega, frasco de 200 ml. Marcas de referências: Ypê, Peroba, Bravo ou de qualidade semelhante ou superior.",pendente
CAA,DA05,Esponja Limpeza Material Espuma Fibra Sintetica Formato Retangular,pgj,3300.0,0.85,CASADO (texto divergente - revisar),0.417,963,L26-CAA-318,"Esponja Limpeza Material: Espuma / Fibra Sintética , Formato: Retangular , Aplicação: Limpeza Geral , Características Adicionais: Dupla Face , Comprimento Mínimo: 100 Mm, Largura Mínima: 70 Mm, Espessura Mínima: 20 MM",pendente
CAA,2D7F,Aparelho Ar Condicionado Tipo Split Hi Wall Capacidade Refrigeracao 18.000 BTU,fepdc,6.0,3587.36,CASADO,0.667,573,L26-CAA-20,"Aparelho Ar Condicionado Tipo: Split Hi Wall Capacidade Refrigeração: 18.000 BTU Tensão: 220 V Características Adicionais 1: Controle Remoto S/Fio, Inverter",pendente
CAA,FC0F,"Letra metalica, material aco inox, dimensoes 50x30x3cm",fepdc,10.0,1000.0,SEM CORRESPONDENCIA,,,,,
CAA,A505,"letra metalica, material chapa aco escovado no 22, dimensoes 40,0x3,0",fepdc,10.0,480.0,SEM CORRESPONDENCIA,,,,,
CAA,C245,Seguro para veiculos do PROCON: Onibus e Motocicletas,fepdc,1.0,0.0,SEM CORRESPONDENCIA,,,,,
CAA,BF97,Servicos Continuados de Auxiliar Administrativo - Cidade de Teresina e Picos,pgj,1.0,200000.0,SEM CORRESPONDENCIA,,,,,
CAA,6507,Mesa Escritorio Material Estrutura Madeira Material Tampo Madeira Revestimento,fepdc,8.0,850.0,SEM CORRESPONDENCIA,,,,,
CAA,34B6,CADEIRA SOB LONGARINA 03 LUGARES,fepdc,15.0,1990.0,CASADO,1.0,867,L26-CAA-228,CADEIRA SOB LONGARINA 03 LUGARES,pendente
CAA,8A53,Toner Impressora Samsung SL-M4070FR,pgj,165.0,264.0,CASADO (texto divergente - revisar),0.393,587,L26-CAA-25,"Toner Impressora Samsung SL-M4070FR. Referência Cartucho: MLT-D203U-AG, Cor Tinta: Preta, Tipo Cartucho: Original Do Fabricante Do Equipamento.",pendente
CAA,B9D6,Toner Impressora Samsung SCX-4833,pgj,70.0,185.0,CASADO (texto divergente - revisar),0.4,588,L26-CAA-26,"Toner Impressora Samsung SCX-4833. Referência: MLT-D205L-AG, Tipo Cartucho: Original Do Fabricante Do Equipamento, Cor Tinta: Preta.",pendente
CAA,A522,Toner Impressora HP PRO M428FDW (monocromatica),pgj,90.0,279.0,CASADO,0.543,589,L26-CAA-27,Toner Impressora HP PRO M428FDW (monocromática): TONER PRETO CF258XC (10.000 pág.) Tipo: Original Do Fabricante Do Equipamento,pendente
CAA,D4CD,"Fita Adesiva - Material Plastico Adesivo, Tipo Rotuladora, Largura 12 Mm",pgj,25.0,10.5,CASADO,0.699,904,L26-CAA-259,"Fita Adesiva - Material: Plástico Adesivo, Tipo: Rotuladora, Largura: 12 Mm, Cor: Branca, Aplicação: Rotulador Eletrônico, Mod. Pt-80.",pendente
CAA,9PVI,"servicos continuos de manejo arboreo, Poda de Rebaixamento de Copa e Supressao",pgj,1.0,40700.0,SEM CORRESPONDENCIA,,,,,
CAA,18FB,contratacao do posto de agente de limpeza para sede da Promotoria de Justica de Buriti dos Lopes,fmmp,1.0,19631.59,CASADO,0.995,869,L26-CAA-230,contratação do posto de agente de limpeza para sede da Promotoria de Justição de Buriti dos Lopes,pendente
CAA,5733,"Disco Corte Material Videa, Diametro 30 Cm",pgj,10.0,35.29,CASADO (texto divergente - revisar),0.36,680,L26-CAA-118,"Disco Corte Material: Vídea , Diâmetro: 30 Cm, Diâmetro Furo: 25 Mm, Aplicação: Corte De Madeira , Características Adicionais: Dentes De Corte Em Vidia Fina , Quantidade Dentes: 48",pendente
CAA,2192,Borrifador Material Plastico Aplicacao Acondicionar Solucao Reveladora,pgj,28.0,7.5,CASADO,0.704,936,L26-CAA-291,Borrifador Material: Plástico Aplicação: Acondicionar Solução Reveladora Capacidade: 500 ML Tipo: Spray Contendo Bico Borrifador.,pendente
CAA,73C6,"CAFE em po torrado e moido (referencia 3 coracoes premium, marata superior ou santa clara premium)",pgj,11450.0,15.21,SEM CORRESPONDENCIA,,,,,
CAA,0D8E,"Cadeira giratoria em tela, espaldar medio telado na cor preta, Giratoria a gas",fepdc,18.0,1400.0,SEM CORRESPONDENCIA,,,,,
CAA,0D2A,"Frigobar, capacidade 120 l, tensao alimentacao 110/220 v",fepdc,20.0,1215.23,CASADO,0.61,733,L26-CAA-171,"Frigobar, capacidade:120 l, tensão alimentação:110/220 v, cor: branca, características adicionais: prateleiras removíveis",pendente
CAA,AF35,"Limpa Vidro - Aspecto Fisico Liquido, Composicao Lauril Eter, Sulfato De Sodio",pgj,50.0,12.5,CASADO,0.596,949,L26-CAA-304,"Limpa Vidro – Aspecto Físico: Líquido. Composição: Lauril Éter, Sulfato de Sódio. Características Adicionais: Pulverizador com Gatilho. Frasco de 500 ml, Validade Mínima 3 Anos.",pendente
CAA,C71B,"Cafeteira Eletrica Material Aco Inoxidavel Capacidade 1,2 L",fepdc,17.0,241.0,SEM CORRESPONDENCIA,,,,,
CAA,E4EE,Suporte De Videocassete Televisao Material Aco Tipo Parede,fepdc,10.0,40.35,CASADO,0.63,738,L26-CAA-176,"Suporte De Videocassete / Televisao Material: Aço Tipo: Parede Tamanho: Para Tv De 32"" Até 75"" Acabamento Superficial: Natural",pendente
CAA,5935,"Forno micro-ondas, capacidade 30 l, voltagem 220 v",fepdc,17.0,807.0,CASADO,0.593,735,L26-CAA-173,"Forno micro-ondas, capacidade:30 l, voltagem:220 v, características adicionais: com prato giratório, cor: branca",pendente
CAA,052C,"Detergente liquido lava louca com glicerina, testado dermatologicamente",pgj,4455.0,2.5,CASADO (texto divergente - revisar),0.43,929,L26-CAA-284,"Detergente líquido lava louça com glicerina, testado dermatologicamente, biodegradável, com registro na ANVISA/MS, frasco de 500ml. Validade mínima de 06 meses. Tipo NEUTRO. Marcas de Referências: Ypê, Bom Bril, Minuano ou de qualidade semelhante ou superior.",pendente
CAA,B615,Aquisicao de Plantas Ornamentais e vasos,fmmp,1.0,11000.0,CASADO,0.964,543,L26-CAA-5,Aquisição de Plantas  Ornamentais e e vasos,pendente
CAA,4C80,Aquisicao de tapetes em capacho,fmmp,25.0,409.0,CASADO,1.0,539,L26-CAA-1,Aquisição de tapetes em capacho,pendente
CAA,B6A8,Fogao Gas. Tipo Fogao Convencional. Quantidade Bocas 4 UN,fepdc,4.0,1287.0,SEM CORRESPONDENCIA,,,,,
CAA,7B29,Armario Material Mdp 25mm Tipo Baixo Quantidade Portas 2 UN,fepdc,5.0,903.31,CASADO (texto divergente - revisar),0.373,739,L26-CAA-177,Armário Material: Mdp 25mm Tipo: Baixo Quantidade Portas: 2 UN Tipo Portas: Mdp 18mm Cor: Cerezo Leon Altura: 800 MM Largura: 600 MM Profundidade: 740 MM Características Adicionais: Sapatas Niveladoras Quantidade Prateleiras: 1 Aplicação: Guardar Documentos,pendente
CAA,8960,Gaveteiro Movel Material Mdp 25mm Quantidade Gavetas 3 UN,fepdc,5.0,834.17,CASADO (texto divergente - revisar),0.424,740,L26-CAA-178,"Gaveteiro Móvel Material: Mdp 25mm Quantidade Gavetas: 3 UN Altura: 600 MM Largura: 410 MM Profundidade: 530 MM Tipo Pés: Com Rodízio Características Adicionais: 4 Rodízios Duplo Giro, Fechadura Frontal Com Trava",pendente
CAA,2BEE,Mesa Escritorio Material Estrutura Tubo Aco Material Tampo Madeira Revestimento Mesa Em L,fepdc,10.0,1395.65,CASADO (texto divergente - revisar),0.352,742,L26-CAA-180,"Mesa Escritório Material Estrutura: Tubo Aço Material Tampo: Madeira Revestimento Tampo: Laminado Melamínico Baixa Pressão Cor Tampo: Madeirado Largura: 1400 MM Profundidade: 600 MM Altura: 740 MM Padrão Acabamento Tampo: Madeirado Cor Estrutura: Grafite Acabamento Estrutura: Pintura Eletrostática A Pó Espessura Tampo: 25 MM Características Adicionais: Mesa Em ""L""",pendente
CAA,22DB,"Mesa Reuniao oval Material Madeira Aglomerada Mdp Comprimento 2,70 M",fepdc,1.0,2031.09,CASADO (texto divergente - revisar),0.092,748,L26-CAA-186,"Mesa Reunião Retangular Material: Madeira Aglomerada Mdp Comprimento: 2,70 M Largura: 1.200 MM Altura: 740 MM Cor: Carvalho Malva Revestimento: Laminado Melamínico Tipo Bordas: Arredondadas Tipo Estrutura: Aço Material Borda Lateral: Pvc Características Adicionais: Calha Metálica Para Fiação. Sapatas Niveladoras Espessura Tampo: 25 MM Cor Estrutura: Preta Acabamento Estrutura: Pintado",pendente
CAA,06D3,Mesa Material Estrutura Parafusos Material Tampo Mdp Largura 1200 mm Altura 740 mm,fepdc,12.0,874.32,CASADO (texto divergente - revisar),0.313,743,L26-CAA-181,Mesa Material Estrutura: Parafusos Material Tampo: Mdp Material Borda: Filme Melamínico Largura: 1200 MM Altura: 740 MM Espessura Tampo: 25 MM Formato: Retangular Características Adicionais: Conforme Modelo Revestimento: Melamínico Formato Tampo: Retangular,pendente
CAA,CA35,Mesa Material Estrutura Parafusos Material Tampo Mdp Largura 1200 mm Altura 740 mm (pregao),fepdc,10.0,900.0,SEM CORRESPONDENCIA,,,,,
CAA,AD48,"Mesa Reuniao Retangular Material Madeira Aglomerada Mdp Comprimento 2,00 M",fepdc,3.0,1698.2,CASADO (texto divergente - revisar),0.25,747,L26-CAA-185,"Mesa Reunião Retangular Material: Madeira Aglomerada Mdp Comprimento: 2,00 M Largura: 1.100 MM Altura: 740 MM Cor: Argila Revestimento: Laminado Melamínico Tipo Estrutura: Aço Galvanizado Material Borda Lateral: Pvc Espessura Tampo: 25 MM",pendente
CAA,3667,"Cadeira giratoria espaldar alto, tipo fraque telado, com apoio de cabeca, Giratoria a gas (dispensa)",fepdc,27.0,1991.0,CASADO (texto divergente - revisar),0.386,751,L26-CAA-189,"Cadeira giratória espaldar alto, tipo fraque telado, com apoio de cabeça. Giratória a gás. Base piramidal em nylon preto com
rodízios duplos de nylon. Mecanismo Sincro Auto Ajuste com 3 pontos de bloqueio, sistema anti pânico. Regulagem de profundidade do
assento. Bracos reguláveis.",pendente
CAA,BD6A,"Cadeira giratoria espaldar alto, tipo fraque telado, com apoio de cabeca, Giratoria a gas (pregao)",fepdc,13.0,2300.0,CASADO (texto divergente - revisar),0.388,752,L26-CAA-190,"Cadeira giratória espaldar alto, tipo fraque telado, com apoio de cabeça. Giratória a gás. Base piramidal em nylon preto com
rodízios duplos de nylon. Mecanismo Sincro Auto Ajuste com 3 pontos de bloqueio, sistema anti pânico. Regulagem de profundidade do
assento. Bracos reguláveis.",pendente
CAA,DBCF,"Servicos de manutencao preventiva e corretiva, com o fornecimento de pecas, para 2 motores-geradores de energia eletrica",pgj,1.0,10000.0,CASADO,0.972,542,L26-CAA-4,"Serviços de manutenção preventiva e corretiva, com o fornecimento de peças, para 2 (dois) motores-geradores de energia elétrica",pendente
CAA,342C,"Cadeira giratoria espaldar alto, tipo fraque telado, Giratoria a gas (dispensa baixa)",fepdc,10.0,1822.0,CASADO (texto divergente - revisar),0.317,753,L26-CAA-191,"Cadeira giratória espaldar alto, tipo fraque telado. Giratória a gás. Base piramidal em nylon preto com
rodízios duplos de nylon. Mecanismo Sincro Auto Ajuste com 3 pontos de bloqueio, sistema anti pânico. Regulagem de profundidade do
assento. Bracos reguláveis.",pendente
CAA,B267,Cadeira Empilhavel Material Estrutura Aco Inox Cor Preta,fepdc,80.0,515.0,SEM CORRESPONDENCIA,,,,,
CAA,F4D2,"Letra metalica, material aco inox, dimensoes 15x10x3cm",fepdc,100.0,122.0,CASADO,0.653,763,L26-CAA-201,"Letra metálica, material:aço inox, dimensões:15 x 10 x 3 cm, características adicionais:escovado",pendente
CAA,C5CC,"Letra metalica, material aco escovado, dimensoes 10x5cm",fepdc,100.0,85.0,SEM CORRESPONDENCIA,,,,,
CAA,555C,Contratacao de empresa especializada na prestacao de servicos securitarios para a Van Sprinter laboratorio movel PROCON,fepdc,1.0,5648.0,CASADO,0.891,540,L26-CAA-2,Contratação de empresa especializada na prestação de serviços securitários para a Van Sprinter que funciona como laboratório móvel do PROCON do MPPI,pendente
CAA,B42E,Plaquetas em poliester (etiqueta adesiva),fepdc,50.0,110.0,CASADO,1.0,546,L26-CAA-8,Plaquetas em poliester (etiqueta adesiva),pendente
CAA,DC4B,"Prestacao de Servico de Dedetizacao, Desratizacao e Descupinizacao das Sedes do MPPI",pgj,2830.0,0.49,SEM CORRESPONDENCIA,,,,,
CAA,9500,Bebedouro Agua Garrafao Material Aco Galvanizado Tipo Eletrico De Coluna,fepdc,13.0,695.73,CASADO (texto divergente - revisar),0.345,798,L26-CAA-210,"Bebedouro Água Garrafão Material: Aço Galvanizado Tipo: Elétrico De Coluna Acabamento Externo: Pintura Epoxi Pó Capacidade: 20 L Voltagem: 220 V Cor: Branca Características Adicionais: Gás R 134 A, 2 Torneiras. Painel Frontal Em Plásti",pendente
CAA,44AA,Bebedouro Agua Garrafao Material Aco Galvanizado Tipo Eletrico De Coluna (pregao),fepdc,8.0,720.0,SEM CORRESPONDENCIA,,,,,
CAA,7F50,Contratacao de empresa especializada na prestacao de servicos de chaveiro,pgj,1.0,11840.0,SEM CORRESPONDENCIA,,,,,
CAA,26E3,Servico de Administracao de Estacionamento atraves de cancelas de acesso na sede leste em Teresina-PI,pgj,1.0,20292.0,SEM CORRESPONDENCIA,,,,,
CAA,06C4,Aparelho Ar Condicionado Tipo Split Hi Wall Capacidade Refrigeracao 12.000 BTU,fepdc,11.0,1719.0,CASADO,0.667,569,L26-CAA-16,"Aparelho Ar Condicionado Tipo: Split Hi Wall Capacidade Refrigeração: 12.000 BTU Tensão: 220 V Características Adicionais 1: Controle Remoto S/Fio, Inverter",pendente
CAA,8953,Aquisicao de cavaletes para exposicao de quadros de Obra de Arte,fepdc,10.0,200.0,SEM CORRESPONDENCIA,,,,,
CAA,E044,Aparelho Ar Condicionado Tipo Split Hi Wall Capacidade Refrigeracao 18.000 BTU (dispensa),fepdc,8.0,2778.0,CASADO,0.678,571,L26-CAA-18,"Aparelho Ar Condicionado Tipo: Split Hi Wall Capacidade Refrigeração: 18.000 BTU Tensão: 220 V Características Adicionais 1: Controle Remoto S/Fio, Inverter",pendente
CAA,AE62,"Letra metalica, material aco inox, dimensoes 20x15x3cm",fepdc,32.0,144.0,CASADO,0.693,764,L26-CAA-202,"Letra metálica, material:aço inox, dimensões:20 x 15 x 3 cm, características adicionais:escovado",pendente
CAA,8E17,Aparelho Ar Condicionado Tipo Split Hi Wall Capacidade Refrigeracao 12.000 BTU (dispensa),fepdc,4.0,2443.26,CASADO,0.678,570,L26-CAA-17,"Aparelho Ar Condicionado Tipo: Split Hi Wall Capacidade Refrigeração: 12.000 BTU Tensão: 220 V Características Adicionais 1: Controle Remoto S/Fio, Inverter",pendente
CAA,EEAF,Aparelho Ar Condicionado Tipo Split Hi Wall Capacidade Refrigeracao 18.000 BTU (dispensa 2),fepdc,6.0,3587.36,CASADO,0.688,572,L26-CAA-19,"Aparelho Ar Condicionado Tipo: Split Hi Wall Capacidade Refrigeração: 18.000 BTU Tensão: 220 V Características Adicionais 1: Controle Remoto S/Fio, Inverter",pendente
CAA,7BAC,Aparelho Ar Condicionado Tipo Split Modelo Split Inverter Capacidade Refrigeracao 24.000 BTU,fepdc,7.0,3304.0,CASADO,0.648,574,L26-CAA-21,Aparelho Ar Condicionado Tipo: Split Modelo: Split Inverter Capacidade Refrigeração: 24.000 BTU Tensão: 110/220 VCaracterísticas Adicionais 1: Controle Remoto/Display Digital/Timer/Selo Procel,pendente
CAA,FF6A,Aparelho Ar Condicionado Tipo Split Modelo Split Inverter Capacidade Refrigeracao 30.000 BTU,fepdc,4.0,4300.0,CASADO,0.657,576,L26-CAA-23,"Aparelho Ar Condicionado Tipo: Split Modelo: Split Inverter Capacidade Refrigeração: 30.000 BTU Tensão: 220 V Características Adicionais 1: Ciclo Frio, Selo Procel, Controle Remoto Sem Fio",pendente
CAA,ED02,Aparelho Ar Condicionado Tipo Split Modelo Split Inverter Capacidade Refrigeracao 24.000 BTU (2),fepdc,3.0,4552.04,CASADO,0.653,575,L26-CAA-22,Aparelho Ar Condicionado Tipo: Split Modelo: Split Inverter Capacidade Refrigeração: 24.000 BTU Tensão: 110/220 VCaracterísticas Adicionais 1: Controle Remoto/Display Digital/Timer/Selo Procel,pendente
CAA,2577,Aparelho Ar Condicionado Tipo Split Modelo Split Inverter Capacidade Refrigeracao 30.000 BTU (2),fepdc,3.0,6025.73,CASADO,0.662,577,L26-CAA-24,"Aparelho Ar Condicionado Tipo: Split Modelo: Split Inverter Capacidade Refrigeração: 30.000 BTU Tensão: 220 V Características Adicionais 1: Ciclo Frio, Selo Procel, Controle Remoto Sem Fio",pendente
CAA,BCF5,Aquisicao de Banco de Preco,pgj,1.0,11679.87,CASADO,1.0,803,L26-CAA-215,Aquisição de Banco de Preço,pendente
CAA,EF79,Desodorizador Sanitario Composicao Dodecil Benzeno Sulfonato De Sodio,pgj,5940.0,1.2,CASADO (texto divergente - revisar),0.373,934,L26-CAA-289,"Desodorizador Sanitário Composição: Dodecil Benzeno, Sulfonato De Sódio, Coadjuvante E , Essência: Variado , Aspecto Físico: Sólido , Características Adicionais: Suporte Compatível. Caixa com 1 (um) unidade. Marcas de Referências: Glade, Q-odor, Azulim ou Sanol ou de qualidade semelhante ou superior.",pendente
CAA,2B8D,Balde De Plastico - 15 L Em Plastico De Alta Resistencia E Reforcado,pgj,110.0,10.0,CASADO,0.523,935,L26-CAA-290,"Balde De Plastico - 15 L Em Plastico De Alta Resistência E Reforçado, Com Capacidade Para 15 Litros, Com Alça E Pegador. Marca De Referência: Sanremo, Plasútil, De Qualidade Igual Ou Superior.",pendente
CAA,FC94,Cesto lixo Material Plastico Capacidade 30 L Caracteristicas Adicionais Pedal E Tampa,pgj,28.0,50.0,CASADO,0.685,938,L26-CAA-293,"Cesto lixo Material: Plástico, Capacidade: 30 L, Características Adicionais: Pedal E Tampa. Marca De Referência: Sanremo, Plasútil, De Qualidade Igual Ou Superior.",pendente
CAA,6DDC,Cesto Lixo Material Plastico Capacidade 10 L Caracteristicas Adicionais Telado,pgj,33.0,8.0,CASADO,0.664,939,L26-CAA-294,"Cesto Lixo Material: Plástico , Capacidade: 10 L, Características Adicionais: Telado. Marca De Referência: Sanremo, Plasútil, De Qualidade Igual Ou Superior.",pendente
CAA,5861,"Lixeira em aco inox, 20 litros com acionamento por pedal e com balde",pgj,14.0,150.0,CASADO,0.564,940,L26-CAA-295,"Lixeira em aço inox, 20 litros com acionamento por pedal e com balde, com capacidade para 20 litros. Marca De Referência: Tramontina, Brinox, De Qualidade Igual Ou Superior.",pendente
CAA,D03A,"Alcool Gel Glicerinado Neutro Antisseptico Para Maos, Etanol A 70%",pgj,83.0,5.64,CASADO (texto divergente - revisar),0.41,941,L26-CAA-296,"Alcool Gel Glicerinado Neutro Antisseptico Para Maos, Etanol A 70%, Agentes Hidratantes, Agentes Emoliente, Incolor, Inodoro, Apresentacao Em Frasco Pump Contendo 500 Ml. Embalagem Individual Contendo Dados De Identificacao, Procedencia, Data De Fabricaca.",pendente
CAA,179A,"Alcool Etilico Hidratado 46 Inpm, 1 Litro",pgj,825.0,4.81,CASADO (texto divergente - revisar),0.319,942,L26-CAA-297,"Alcool Etilico Hidratado 46° Inpm, 1 Litro. Apresentação Liquida. Na Embalagem Do Produto Deve Constar A Identificação Do Fabricante, A Marca, O Responsável Técnico E O Registro Ou Notificação No Ministério Da Saúde.",pendente
CAA,518E,Alcool Gel Anti-Septico Para As Maos 5 Litros Principio Ativo Etilico 70%,pgj,33.0,34.55,CASADO,0.541,943,L26-CAA-298,"Alcool Gel Anti-Séptico Para As Mãos 5 Litros Principio Ativo Etilico 70%, Testado Dermatologicamente. Prazo de Validade de no mínimo de 06 meses contados da data de entrega. Embalagem de 5 Litros.",pendente
CAA,D931,"Mascara Cirurgica Tripla Descartavel, C Clip Nasal, Filtro Bfe>95% Atoxica",pgj,165.0,10.16,CASADO,0.511,944,L26-CAA-299,"Máscara Cirúrgica Tripla Descartável,C/ Clip Nasal, Filtro Bfe>95% Atóxica, Hipoalérgica 100% Polipropileno, Não Esteril, Não Inflamável, Insento De Fibra De Vidro Sem Latéx, Com Elástico. Caixa C/ 50 Unidade",pendente
CAA,12DE,Luva Para Procedimento Nao Cirurgico Material Latex Natural Integro E Uniforme Tamanho Medio,pgj,17.0,24.7,CASADO (texto divergente - revisar),0.468,945,L26-CAA-300,"Luva Para Procedimento Não Cirúrgico, Material Látex Natural Íntegro E Uniforme Tamanho Médio Características Adicionais Lubrificada Com Pó Bioabsorvível, Descartável Apresentação Atóxica Tipo Ambidestra Tipo Uso Descartável Modelo Formato Anatômico Finalidade Resistente À Tração. Caixa 100 unidades.",pendente
CAA,64D2,"Luva De Protecao Material Nitrilica, Aplicacao Limpeza, Tamanho Unico",pgj,248.0,14.13,CASADO,0.568,946,L26-CAA-301,"Luva De Proteção Material: Nitrílica , Aplicação: Limpeza , Tamanho: Único , Acabamento Palma: Antiderrapante , Características Adicionais: Com Forro , Tipo Uso: Reutilizável",pendente
CAA,7F2C,"Copo descartavel - Material Plastico, Capacidade 180 ML. Caixa 2500 unidades",pgj,165.0,81.0,CASADO,0.667,947,L26-CAA-302,"Copo descartável - Material: Plástico, Capacidade: 180 ML. Caixa 2500,00 unidades. ABNT NBR 14865:2012. Produto sujeito a verificacao no ato da entrega.",pendente
CAA,C761,"Copo Descartavel Material Poliestireno, Capacidade 50 Ml, Aplicacao Cafe",pgj,22.0,85.0,CASADO (texto divergente - revisar),0.284,948,L26-CAA-303,"Copo Descartável Material: Poliestireno , Capacidade: 50 Ml, Aplicação: Café , Características Adicionais: Atóxico, De Acordo C/ Norma Abnt, Nbr 14865 , Cor: Branco. Caixa 5000,00 unidades. ABNT NBR 14865:2012. Produto sujeito a verificacao no ato da entrega.",pendente
CAA,4AEF,"Inseticida Domestico, Aerosol, Composto De Ingredientes Ativos Imiprotrina 0,07%",pgj,100.0,8.7,CASADO (texto divergente - revisar),0.283,950,L26-CAA-305,"Inseticida Domestico, Aerosol, Composto De Ingredientes Ativos:Imiprotrina 0,07%,Cipermetrina 0,20%, Solvente,Antioxidante,Emulsificante,Veiculo E Propelentes, P/ Controle De Insetos Rasteiros Como:Baratas,Formigas Doceiras,Aranhas E Escorpioes, Aplicacao 360º, Embalado Em Embalagem Apropriada, Produto Sujeito A Verificacao No Ato Da Entrega, Aos Procedimentos Administrativos Determinados Pela Anvisa. Marca De Referência: SBP, Baygon, Raid ou de Qualidade Igual ou Superior.",pendente
CAA,65DE,Aromatizador De Ambientes Aerossol - Capacidade 360Ml/305G,pgj,350.0,9.6,CASADO,0.547,951,L26-CAA-306,"Aromatizador De Ambientes Aerossol - Capacidade: 360Ml/305G; - Fragrância: Lavanda. Marca De Referência:  Bom Ar, Glade ou de Qualidade Igual ou Superior.",pendente
CAA,89B9,Limpador Multiuso Instantaneo. Embalagem Frasco Com No Minimo 500 Ml,pgj,300.0,3.45,CASADO,0.657,952,L26-CAA-307,"Limpador Multiuso Instantâneo. Embalagem Frasco Com No Mínimo 500 Ml, Contendo A Marca Do Fabricante E Prazo De Validade. Fragrância Suave.",pendente
CAA,1251,Soda Caustica em Escamas Embalagem De 01 Kg,pgj,2.0,18.0,CASADO,0.989,953,L26-CAA-308,Soda Cáustica Em Escamas Embalagem De 01 Kg.,pendente
CAA,5B76,"Limpa carpete, tapetes e estofados, indicado para remocao de sujeiras de dificil remocao",pgj,20.0,11.0,CASADO,0.68,954,L26-CAA-309,"Limpa carpete, tapetes e estofados, indicado para remoção de sujeiras de difícil remoção sem danificar o tecido, com leve fragrância. Embalado em frasco plástico de 500ml.",pendente
CAA,CE2D,"Sabonete Liquido Aspecto Fisico Liquido Cremoso Perolado, Aplicacao Assepsia Das Maos",pgj,80.0,14.0,CASADO (texto divergente - revisar),0.296,955,L26-CAA-310,"Sabonete Líquido Aspecto Físico: Líquido Cremoso Perolado, Aplicação: Assepsia Das Mãos , Características Adicionais: Ph Neutro, Densidade 0,9 A 1,05 G/M3 , Composição: Agentes Emolientes E Hidratantes,Compostos De Sais, fragrancia erva doce, cor verde, produto sujeito a verificacao no ato da entrega, aos procedimentos adm. determinados pela anvisa. Galão 5 Litros.",pendente
CAA,D126,"Disco, Limpador, Cor Verde, Cerda Em Fibra Sintetica, Em Mineral Abrasivo E Adesivo Sintetico",pgj,11.0,31.6,CASADO (texto divergente - revisar),0.483,956,L26-CAA-311,"Disco, Limpador, Cor Verde, Cerda Em Fibra Sintetica,Em Mineral Abrasivo E Adesivo Sintetico Resistente A Agua, Medindo 510 Mm De Diametro,25Mm De Espessura,Orificio Central Medindo 85Mm De Diametro, utilizados em máquinas enceradeiras industriais para remoção da sujidade pesada no piso.",pendente
CAA,9175,"Rodo Material Cabo Madeira Com Capa Plastica, Comprimento Suporte 40 Cm",pgj,110.0,8.8,CASADO,0.584,957,L26-CAA-312,"Rodo Material Cabo: Madeira Com Capa Plástica , Material Suporte: Madeira , Comprimento Suporte: 40 Cm, Quantidade Borrachas: 2 Un, Características Adicionais: Cabo 1,40 M.",pendente
CAA,3221,"Rodo Limpa Vidros (Telescopico, Cabo Extensor 3,10 Metros Para Vidros E Janelas)",pgj,8.0,115.0,CASADO,0.784,958,L26-CAA-313,"Rodo Limpa Vidros (Telescópico, Cabo Extensor 3,10 Metros Para Vidros E Janelas, Com Cabo Fechado, Reduz Ao Tamanho E 1,25M)",pendente
CAA,3E7E,"Pa Coletora Lixo, Material Coletor Zinco Galvanizado Material Cabo Madeira",pgj,50.0,7.5,CASADO,0.667,959,L26-CAA-314,"Pá Coletora Lixo, Material Coletor Zinco Galvanizado Material Cabo Madeira Comprimento Cabo 90 Cm Comprimento 21 Cm Largura 19 Cm Aplicação Limpeza.",pendente
CAA,8D4F,"Vassoura Nylon Multiuso Para Limpeza De Pisos Diversos, Corredores E Patios Em Geral",pgj,330.0,9.5,CASADO (texto divergente - revisar),0.29,960,L26-CAA-315,"Vassoura Nylon Multiuso Para Limpeza De Pisos Diversos, Corredores E Pátios Em Geral. Cerdas Sintéticas Médias Macias De Nylon Luxo Firme E Comprimento Mínimo (Saliente) De 11Cm, Espessura Média De 0,8Mm, Base Em Polipropileno, Dispostas Em No Mínimo De 4 Carreiras De Tufos Justapostos, Homogêneos, De Modo A Preencher Toda A Base, A Fixação No Cabo Com Sistema De Rosca, Cabo De Madeira Revestido De Plástico E/Ou Alumínio, Medindo 120 Cm. De Boa Qualidade. Dimensões: 4 X 31 X 20.5 Cm; 275 G.",pendente
CAA,4BA6,"Escova Limpeza Geral, Material Corpo Plastico Material Cerdas Nailon, Aplicacao Vaso Sanitario",pgj,165.0,5.2,CASADO,0.791,961,L26-CAA-316,"Escova Limpeza Geral, Material Corpo Plástico Material Cerdas Náilon Características Adicionais Formato Arredondado Aplicação Vaso Sanitário.",pendente
CAA,1532,"Escova Multiuso Oval, Produzida Em Plastico Resistente Com Cerdas Sinteticas",pgj,33.0,6.1,CASADO,0.641,962,L26-CAA-317,"Escova Multiuso Oval, Produzida Em Plástico Resistente Com Cerdas Sintéticas, Medindo Aproximadamente 13 Cm De Comprimento, Com 7 Cm De Largura E 5 Cm De Altura.",pendente
CAA,536D,"Esponja Limpeza Material La De Aco Carbono, Formato Retangular",pgj,83.0,1.5,CASADO (texto divergente - revisar),0.31,964,L26-CAA-319,"Esponja Limpeza Material: Lã De Aço Carbono , Formato: Retangular , Aplicação: Utensílios E Limpeza Em Geral , Características Adicionais: Textura Macia E Isenta De Sinais De Oxidação , Comprimento Mínimo: 90 Mm, Largura Mínima: 40 Mm, Peso Líquido Mínimo: 42G / 8Un.",pendente
CAA,D7B7,"Pano Limpeza Material 100% Algodao, Comprimento 80 Cm, Largura 50 Cm",pgj,2200.0,4.5,CASADO (texto divergente - revisar),0.333,965,L26-CAA-320,"Pano Limpeza Material: 100% Algodão , Comprimento: 80 Cm, Largura: 50 Cm, Características Adicionais: Alvejado. Produto de qualidade com fios que não sejam distantes fazendo com o que o produto seja transparente, ou seja, não devem existir espaços entre os fios.",pendente
CAA,D650,"Pano Prato, Material Algodao Alvejado Comprimento 71 Cm Largura 48 Cm Cor Branca",pgj,550.0,4.6,CASADO,0.737,966,L26-CAA-321,"Pano Prato, Material Algodão Alvejado Comprimento 71 Cm Largura 48 Cm Cor Branca Características Adicionais Absorvente/Lavável E Durável.",pendente
CAA,F901,"Flanela, Medindo 40X60cm. Tecido Com Acabamento Flanelado Em Ambos Os Lados",pgj,1760.0,1.99,CASADO,0.517,967,L26-CAA-322,"Flanela, Medindo 40X60cm. Tecido Com Acabamento Flanelado Em Ambos Os Lados, Usada Como Pano Para Limpeza, Para Evitar Riscar Ou Arranhar O Objeto A Ser Limpo. Composição: 100% Algodão. De Boa Qualidade. COR BRANCA.",pendente
CAA,402C,"Saco De Lixo P Uso Domestico, De Polietileno, Reforcado, Fundo Reto, Com Capacidade De 15 Litros",pgj,330.0,6.0,CASADO (texto divergente - revisar),0.425,968,L26-CAA-323,"Saco De Lixo P/Uso Domestico, De Polietileno, Reforcado, Fundo Reto, Com Capacidade De 15 Litros, Medindo (39 X 58) Cm (L X A), Preto, E Suas Condicoes Deverao Estar De Acordo Com A Nbr 9191:2008 E Alteracoes Posteriores. Suportando Peso Até 3Kg, (Não Reciclado) Impermeável, Com Ausência De Furos, Rasgos Ou Ranhuras – COR PRETO. Pacote 100 unidades.",pendente
CAA,0387,"Saco De Lixo P Uso Domestico, De Polietileno, Reforcado, Com Capacidade De 100 Litros",pgj,385.0,16.0,CASADO,0.525,969,L26-CAA-324,"Saco De Lixo P/Uso Domestico, De Polietileno, Reforcado, Com Capacidade De 100 Litros, Medindo (75 X 105)Cm (L X A), E Suas Condicoes Deverao Estar De Acordo Com A Nbr 9191:2008 E Alteracoes Posteriores. COR PRETO. Pacote 100 unidades.",pendente
CAA,4B19,"Saco De Lixo P Uso Domestico, De Polietileno, Com Capacidade De 30 Litros",pgj,330.0,7.0,CASADO (texto divergente - revisar),0.468,970,L26-CAA-325,"Saco De Lixo P/Uso Domestico, De Polietileno, Com Capacidade De 30 Litros, Medindo (59 X 62)Cm (L X A), Suportando 6 Kg, E Suas Condicoes Deverao Estar De Acordo Com A Nbr 9191:2008 E Alteracoes Posteriores. COR PRETO. Pacote 100 unid.",pendente
CAA,1697,"Saco De Lixo P Uso Domestico, De Polietileno, Reforcado, Fundo Reto, Com Capacidade De 50 Litros",pgj,220.0,10.0,CASADO,0.552,971,L26-CAA-326,"Saco De Lixo P/Uso Domestico, De Polietileno, Reforcado, Fundo Reto, Com Capacidade De 50 Litros, Medindo (63 X 80)Cm (L X A), Preto, E Suas Condicoes Deverao Estar De Acordo Com A Nbr 9191:2008 E Alteracoes Posteriores. COR PRETO. Pacote 100 unid.",pendente
CAA,41E5,"Papel higienico 30 metros, Classe 01, folha dupla, cor branca, fardo com 64 rolos",pgj,396.0,88.95,CASADO,0.611,972,L26-CAA-327,"Papel higienico 30 metros, Classe 01, folha dupla, cor branca, fardo com 64 rolos embalados em pacotes com 4 rolos. Ou seja, Cada fardo deve possuir 16 pacotes com 4 rolos de 30 metros",pendente
CAA,BE93,"Toalha De Papel - Material Papel, Tipo Folha 2 Dobras, Comprimento 21,50 Cm",pgj,4950.0,8.99,CASADO (texto divergente - revisar),0.338,974,L26-CAA-329,"Toalha De Papel - Material: Papel, Tipo Folha: 2 Dobras, Comprimento: 21,50 Cm, Largura: 22 A 25 Cm, Cor: Branca, Características Adicionais: Interfolhada, Aplicação: Higiene Pessoal. Acondicionado Em Pacote De 1.000 Fol, Tipo Folha: 2 Dobras. Pacote 1.000 unid.",pendente
CAA,5C9F,"Guardanapo De Papel Material Celulose, Largura 24 Cm, Comprimento 24 Cm",pgj,2475.0,4.4,CASADO,0.559,975,L26-CAA-330,"Guardanapo De Papel Material: Celulose , Largura: 24 Cm, Comprimento: 24 Cm, Cor: Branca , Tipo Folhas: Dupla , Características Adicionais: Extra Macio, pacotes com no mínimo 50 unid.",pendente
CAA,7B72,Servicos Continuados de Auxiliar Administrativo - Uniao,pgj,1.0,43247.16,CASADO,1.0,1013,L26-CAA-334,Serviços Continuados de Auxiliar Administrativo - União,pendente
CAA,6D16,Fornecimento de Agua Tratada e tratamento de Esgoto - SAAE OEIRAS,pgj,1.0,2000.0,CASADO,1.0,1017,L26-CAA-336,Fornecimento de Água Tratada e tratamento de Esgoto - SAAE OEIRAS,pendente
CAA,E435,Prestacao de Servico Terceirizado de Assistente Social e Pedagogo e Psicologo para atender projetos NAVI,pgj,1.0,768117.36,CASADO,1.0,1021,L26-CAA-340,Prestação de Serviço Terceirizado de Assistente Social e Pedagogo e Psicólogo para atender projetos NAVI,pendente
CAA,6E44,Fornecimento de Agua Tratada e Tratamento de Esgoto - SAAE CAMPO MAIOR,pgj,1.0,1000.0,CASADO,1.0,1018,L26-CAA-337,Fornecimento de Água Tratada e Tratamento de Esgoto - SAAE CAMPO MAIOR,pendente
CAA,3521,Fornecimento de Agua Tratada e Tratamento de Esgoto Sanitario - Aguas de Teresina,pgj,1.0,160000.0,CASADO,1.0,1019,L26-CAA-338,Fornecimento de Água Tratada e Tratamento de Esgoto Sanitário - Águas de Teresina,pendente
CAA,B8CB,Servico de Monitoramento e Rastreamento dos Veiculos do MPPI,pgj,42.0,20.0,CASADO,1.0,1023,L26-CAA-342,Serviço de Monitoramento e Rastreamento dos Veículos do MPPI,pendente
CAA,AF89,Servico de Monitoramento e Rastreamento dos Veiculos do MPPI (FEPDC),fepdc,21.0,20.0,CASADO,0.938,1024,L26-CAA-343,Serviço de Monitoramento e Rastreamento dos Veículos do MPPI,pendente
CAA,D6F4,Prestacao de Servico de Telefonia Movel Pessoal e Servicos de Dados - Procon,fepdc,1.0,25322.64,CASADO,0.937,1020,L26-CAA-339,Prestação de Serviço de Telefonia Móvel Pessoal e Serviços de Dados,pendente
CAA,179D,"Agua Mineral Natural, sem gas, (Recarga), acondicionada em embalagem retornavel, (Garrafao), de 20 litros. Lote Teresina",pgj,2500.0,4.2,CASADO,1.0,877,L26-CAA-232,"Água Mineral Natural, sem gás, (Recarga), acondicionada em embalagem retornável, (Garrafão), de 20 litros. Lote Teresina",pendente
CAA,1C44,"Servico de Telefonia fixa Comutada IP, com estrutura de Comunicacoes Unificadas e PABX em Nuvem",pgj,1.0,397063.24,CASADO,0.527,1026,L26-CAA-345,Serviço de Telefonia fixa Comutada,pendente
CAA,9FFC,Plaquetas em poliester (etiqueta adesiva),fepdc,50.0,20.0,CASADO,1.0,1046,L26-CAA-350,Plaquetas em poliester (etiqueta adesiva),pendente
CAA,3E0E,"Televisor, Tamanho Tela 43 POL Voltagem 110/220 V",fepdc,10.0,1644.41,CASADO (texto divergente - revisar),0.445,737,L26-CAA-175,"Televisor, Tamanho Tela: 43 POL Voltagem: 110/220 V Características Adicionais: Ful Hd, Smart Tv, Dvt, Widescreen, 2 Entradas Rf Tipo Tela: Led Acessórios: Controle Remoto",pendente
CAA,2FFB,"Refrigerador domestico, capacidade 240 a 260 l, voltagem 220 v",fepdc,4.0,2244.0,CASADO,0.563,734,L26-CAA-172,"Refrigerador doméstico, capacidade:240 a 260 l, voltagem:220 v, características adicionais: prateleiras removíveis com travas de segurança, cor: branca",pendente
CAA,A3AA,Gaveteiro Fixo Material Madeira Tipo Madeira Aglomerado Mdp Quantidade Gavetas 2 UN,fepdc,15.0,360.0,CASADO (texto divergente - revisar),0.24,749,L26-CAA-187,"Gaveteiro Fixo Material: Madeira Tipo Madeira: Aglomerado / Mdp Tipo Revestimento: Laminado Melamínico Quantidade Gavetas: 2 UN Altura: 26 CM Largura: 40 CM Profundidade: 43 CM Cor: Carvalho Malva Material Gaveta: Frente Madeira, Lados E Fundo Em Aço Características Adicionais: Fechadura Metálica Frontal E Trancas Simultâneas Acabamento Bordas: Arredondadas Tipo Puxadores: Meia Lua Material Puxador: Metal",pendente
CAA,1D78,"Cadeira giratoria espaldar alto telado, com regulagem de apoio lombar, com apoio de cabeca",fepdc,6.0,2911.0,CASADO (texto divergente - revisar),0.382,750,L26-CAA-188,"Cadeira giratória espaldar alto telado, regulagem de apoio lombar, com apoio de cabeça. Base piramidal em alumínio polido com
rodízios duplos de nylon, com bandas de rodagem em PU, apropriados para piso frio. Mecanismo sincronizado de assento e encosto
auto ajustável com 3 pontos de bloqueio e regulagem de profundidade de assento. Braços 4D com apoios em PU.",pendente
CAA,6136,Contratacao de Transporte Intermunicipal de Carga - PAC correios,pgj,1.0,6182.28,CASADO,0.992,806,L26-CAA-218,Contratação de Transporte Intermunicipal de Carga - PAC correios.,pendente
CAA,D16A,Servico de Monitoramento e Rastreamentos dos veiculos do MPPI (PGJ),pgj,42.0,840.0,CASADO,0.953,804,L26-CAA-216,Serviço de Monitoramento e Rastreamentos dos veículos do MPPI,pendente
CAA,A656,Servico de Monitoramento e Rastreamentos dos veiculos do MPPI (FEPDC),fepdc,21.0,240.0,CASADO,0.938,805,L26-CAA-217,Serviço de Monitoramento e Rastreamentos dos veículos do MPPI,pendente
CAA,0F7C,Aquisicao de material de manutencao predial e construcao (aditivo),pgj,1.0,94612.25,CASADO,0.918,1074,L26-CAA-360,Aquisição de material de manutenção predial e construção,pendente
CAA,C94E,"Recarga de Gas Liquefeito de Petroleo (GLP), somente a recarga, 45kg",pgj,15.0,501.0,SEM CORRESPONDENCIA,,,,,
CAA,D18C,"Saco Plastico Transparente, De Alta Resistencia, Dimensoes 50X80 Cm",pgj,28.0,55.0,CASADO (texto divergente - revisar),0.494,1075,L26-CAA-361,"Saco Plastico Transparente, De Alta Resistência, Dimensões 50X80 Cm, Com Expessura Mínima De 0,010Mm, E Resistência Para 30 (Trinta) Quilos. Características Adicionais: Sanfonado. Pacote Com 100 unidades.",pendente
CAA,B4F9,Contratacao de servicos de fornecimento de agua tratada e coleta de esgoto sanitario - imoveis interior - AGUAS DO PIAUI,pgj,1.0,84000.0,CASADO,0.748,1064,L26-CAA-355,Contratação de serviços de fornecimento de água tratada e coleta de esgoto sanitário para os imóveis sedes do Ministério Público do Estado do Piauí localizadas no interior do Estado - ÁGUAS DO PIAUÍ,pendente
CAA,AB16,Servicos sem dedicacao exclusiva de mao de obra de empresa tecnica especializada laboratorio movel PROCON,fepdc,1.0,259000.0,CASADO,0.747,1061,L26-CAA-354,Serviços sem dedicação exclusiva de mão de obra de empresa técnica especializada capaz de suprir a necessidade de uma solução integrada para o laboratório móvel do PROCON/MP-PI,pendente
CAA,D053,Prestacao de Servico de Telefonia Movel Pessoal e Servicos de Dados,pgj,1.0,333118.0,CASADO,1.0,1067,L26-CAA-357,Prestação de Serviço de Telefonia Móvel Pessoal e Serviços de Dados,pendente
CAA,A3F2,"Servico de Agente de Limpeza Institucional, com dedicacao exclusiva de mao de obra - POSTO BURITI DOS LOPES",fmmp,1.0,44974.0,SEM CORRESPONDENCIA,,,,,
CAA,82DF,Servicos Securitarios para os Veiculos Pertencentes a Frota Propria da PGJ,pgj,1.0,53297.0,CASADO,0.993,1065,L26-CAA-356,Serviços Securitários para os Veículos Pertencentes a Frota Propria  da PGJ,pendente
CAA,DC40,Prestacao de Servico de Coleta de Lixo do MP-PI em Teresina,pgj,1.0,20266.5,CASADO,1.0,1007,L26-CAA-332,Prestação de Serviço de Coleta de Lixo do MP-PI em Teresina,pendente
CAA,7C88,Contratacao de produtos e servicos por meio de pacote de Servico dos correios,pgj,1.0,120000.0,CASADO,1.0,1029,L26-CAA-346,Contratação de produtos e serviços por meio de pacote de Serviço dos correios,pendente
CAA,816C,"Servicos de manutencao preventiva e corretiva, com o fornecimento de pecas, para 2 motores-geradores de energia eletrica (2)",pgj,1.0,116604.04,CASADO,0.956,1044,L26-CAA-348,"Serviços de manutenção preventiva e corretiva, com o fornecimento de peças, para 2 (dois) motores-geradores de energia elétrica",pendente
CAA,9994,Ribbon de resina (2),fepdc,50.0,35.0,CASADO,0.889,1045,L26-CAA-349,Ribbon de resina,pendente
CAA,45C7,Servicos Continuados de Auxiliar Administrativo - Teresina e Campo Maior,pgj,1.0,150000.0,SEM CORRESPONDENCIA,,,,,
CAA,F92C,"Papel Higienico Rolao Medindo 300M X 0,10Cm",pgj,25.0,32.99,CASADO,0.782,973,L26-CAA-328,"Papel Higiênico Rolão Medindo 300M X 0,10Cm; Embalagens Com 8 unid.",pendente
CAA,0AD4,Aquisicao de tapetes em capacho (2),pgj,25.0,460.0,CASADO,0.939,1043,L26-CAA-347,Aquisição de tapetes em capacho,pendente
CAA,6A65,Aquisicao de pick-up,fmmp,2.0,231990.0,CASADO,1.0,1055,L26-CAA-353,Aquisição de pick-up,pendente
CCF,BD0B,Servicos de arrecadacao de taxas e emolumentos cartorarios pelo BRADESCO - FMMPPI,fmmp,1.0,1358.8,CASADO,1.0,1035,L26-CCF-13,Serviços de arrecadação de taxas e emolumentos cartorários pelo BRADESCO - FMMPPI,pendente
CCF,E877,Treinamento Reforma tributaria e seus impactos no Setor Publico CBS IBS IS,pgj,6.0,2690.0,CASADO,0.502,585,L26-CCF-2,"Reforma tributária e seus impáctos no Setor Público: CBS, IBS e IS; substituição de tributos; efeitos sobre contratos e retenções; adequações nos sistemas e fluxos internos.",pendente
CCF,AA43,Treinamento Gestao Tributaria no Setor publico. Retencoes de IRRF INSS ISS,pgj,3.0,3490.0,CASADO (texto divergente - revisar),0.482,584,L26-CCF-1,"Gestão Tributária no Setor público. Retenções de IRRF, INSS, ISS, PIS/COFINS/CSLL; Compensações tributárias; EFD-Reinf, DCTFWeb e eSocial; Responsabilidade solidária do órgão público.",pendente
CCF,8641,Sistema Web de Gestao Tributaria,pgj,1.0,13000.0,CASADO,1.0,1004,L26-CCF-11,Sistema Web de Gestão Tributária,pendente
CCF,3EA6,Gerenciamento do duodecimo e cartao corporativo da PGJ pelo Banco do Brasil,pgj,1.0,1500.0,SEM CORRESPONDENCIA,,,,,
CCF,864E,"Servicos de gerenciamento e pagamento da folha de pagamento de membros, servidores e estagiarios do MPPI",pgj,1.0,0.0,CASADO,0.995,1034,L26-CCF-12,"Serviços de gerenciamento e pagamento da folha de pagamento de membros, servidores e estagiários  do MPPI",pendente
CCF,737E,Servicos de arrecadacao de taxas e emolumentos cartorarios pelo BRADESCO - FPROCON,fepdc,1.0,5000.0,CASADO,1.0,1036,L26-CCF-14,Serviços de arrecadação de taxas e emolumentos cartorários pelo BRADESCO - FPROCON,pendente
CCS,A41C,11o Premio MPPI de Jornalismo,pgj,1.0,37500.0,CASADO,0.966,874,L26-CCS-14,11° Prêmio MPPI de Jornalismo,pendente
CCS,EFBE,Assinatura de servico de streaming para transmissao da Radio MPPI e servicos de manutencao da radio,pgj,1.0,8622.0,SEM CORRESPONDENCIA,,,,,
CCS,8986,Producao e edicao de videos institucionais,pgj,1.0,50000.0,SEM CORRESPONDENCIA,,,,,
CCS,B0ED,Fornecimento de flores,fmmp,1.0,26990.0,SEM CORRESPONDENCIA,,,,,
CCS,93D0,Fornecimento de coqueteis e outras refeicoes festivas,pgj,1.0,10000.0,SEM CORRESPONDENCIA,,,,,
CCS,0A99,"Confeccao de placas em inox, gravadas por corrosao quimica, para uso em inauguracoes de sedes",fmmp,1.0,55000.0,CASADO,1.0,789,L26-CCS-12,"Confecção de placas em inox, gravadas por corrosão química, para uso em inaugurações de sedes",pendente
CCS,B354,Servico de locacao de mobiliario e itens de decoracao para eventos,pgj,1.0,65200.0,SEM CORRESPONDENCIA,,,,,
CCS,35EB,"Trofeus, medalhas e placas de homenagem",fmmp,1.0,20000.0,CASADO (texto divergente - revisar),0.388,580,L26-CCS-8,Brindes para divulgação de campanhas e ações institucionais,pendente
CCS,FC11,Prestacao de Servico de Interpretacao Simultanea em Libras,pgj,1.0,5000.0,SEM CORRESPONDENCIA,,,,,
CCS,8818,Prestacao de Servicos Graficos,pgj,1.0,150000.0,SEM CORRESPONDENCIA,,,,,
CCS,84EF,"Servico de Agenciamento de Viagens, Especializada em Emissao de Passagens Aereas Nacionais",pgj,1.0,800000.0,CASADO,0.687,1027,L26-CCS-17,"Serviço de Agenciamento de Viagens, Especializada em Emissão de Passagens Aéreas Nacionais, Compreendendo Serviços de Reservas, Marcação, Cancelamento, Remarcação e Emissão",pendente
CCS,35E0,Servicos de Clipping Jornalistico,pgj,1.0,3910.5,SEM CORRESPONDENCIA,,,,,
CEAF,4B81,Servico de Acesso a Plataforma Juridica de Pesquisa Online Jus Brasil Pro,pgj,1.0,95000.0,CASADO,1.0,1009,L26-CEAF-1,Serviço de Acesso a Plataforma Jurídica de Pesquisa Online Jus Brasil Pro,pendente
CLC,F6DD,Assinatura Anual (5 Licenca) da Ferramenta Zenite Facil com IA,pgj,1.0,21800.0,CASADO,0.976,555,L26-CLC-1,"Assinatura Anual ( 5 Licença) da Ferramenta ""Zênite Fácil"" com IA",pendente
CLC,D455,Curso sobre a nova lei de licitacoes e contratos para pareceristas,pgj,2.0,2850.0,CASADO,1.0,990,L26-CLC-6,Curso sobre a nova lei de licitações e contratos para pareceristas,pendente
CLC,072D,Publicacao de editais e outros em jornal de grande circulacao,pgj,180.0,0.0,SEM CORRESPONDENCIA,,,,,
CLC,7830,Curso de gestao e fiscalizacao de contratos,pgj,3.0,2850.0,CASADO,1.0,989,L26-CLC-5,Curso de gestão e fiscalização de contratos,pendente
CPPT,AAC2,Ata de Manutencao Predial - Lote I - Teresina,fmmp,1.0,399960.0,CASADO,1.0,815,L26-CPPT-17,Ata de Manutenção Predial - Lote I - Teresina,pendente
CPPT,743F,Ata de Manutencao Predial - Lote III (varios municipios do interior),fmmp,1.0,266640.0,CASADO (texto divergente - revisar),0.157,981,L26-CPPT-20,"Ata de Manutenção Predial - Lote III - Campo Maior, União, Batalha, Alto Longá, Valença, Pimenteiras, Regeneração, Altos, Barro Duro, José de Freitas, Inhuma, Água Branca, Amarante, Beneditinos, Castelo do Piauí, Demerval Lobão, Elesbão Veloso, Miguel Alves, Palmeirais, Regeneração, São Pedro do Piauí, Angical do Piauí, Aroazes, Arraial, Francinópolis, Ipiranga do Piaui, Monsenhor Gil, São Feliz do Piaui, São Gonçalo do Piaui.",pendente
CPPT,80CD,"Locacao de Imovel para o GAECO, GSI E GERGOG",pgj,1.0,201224.0,CASADO,1.0,559,L26-CPPT-3,"Locação de Imóvel para o GAECO, GSI E GERGOG",pendente
CPPT,D024,"Aquisicao, Instalacao e Manutencao de cercas eletricas nas Sedes das Promotorias de Justica do interior do Estado",fmmp,1.0,100000.0,CASADO,0.982,993,L26-CPPT-22,"Aquisição, Instalação e Manutenção de cercas elétricas nas Sedes de Promotorias de Justiça do interior do Estado.",pendente
CPPT,Y1NX,Aquisicao de testes psicologicos,pgj,8.0,214.8,SEM CORRESPONDENCIA,,,,,
CPPT,846B,Locacao de imovel para a PJ de Buriti dos Lopes,pgj,1.0,28238.0,CASADO,1.0,795,L26-CPPT-12,Locação de imóvel para a PJ de Buriti dos Lopes,pendente
CPPT,49AF,IPTU sede leste,pgj,1.0,222553.99,SEM CORRESPONDENCIA,,,,,
CPPT,B4ED,Locacao de Imovel para a PJ de Barro Duro - PI,pgj,1.0,11000.0,CASADO,1.0,770,L26-CPPT-5,Locação de Imóvel para a PJ de Barro Duro - PI,pendente
CPPT,C995,Locacao de Imovel para a Casa da Cidadania,pgj,1.0,333594.76,CASADO,1.0,791,L26-CPPT-8,Locação de Imóvel para a Casa da Cidadania,pendente
CPPT,66BB,Sistemas de protecao contra incendios,fmmp,1.0,300000.0,CASADO,1.0,771,L26-CPPT-6,Sistemas de proteção contra incêndios,pendente
CPPT,C69C,Locacao de Imovel para a PJ de Monsenhor Gil - PI,pgj,1.0,25200.0,CASADO,0.99,793,L26-CPPT-10,Locação de Imóvel  para a PJ de Monsenhor Gil - PI,pendente
CPPT,09C2,Locacao de Imovel para a PJ de Picos - PI,pgj,1.0,289116.0,CASADO,1.0,794,L26-CPPT-11,Locação de Imóvel para a PJ de Picos - PI,pendente
CPPT,B0EC,Contratacao de empresa para fornecimento de energia eletrica,fmmp,1.0,1251000.0,SEM CORRESPONDENCIA,,,,,
CPPT,378C,Locacao de Imovel para a PJ de Esperantina - PI (renovacao),pgj,1.0,39329.1,SEM CORRESPONDENCIA,,,,,
CPPT,EBA5,Locacao de Imovel para a PJ de Regeneracao -PI (nova),pgj,1.0,0.0,CASADO,0.929,812,L26-CPPT-15,Locação de Imóvel para a PJ de Regeneração -PI,pendente
CPPT,33AB,Ata de Manutencao Predial - Lote II (varios municipios do interior),fmmp,1.0,133320.0,CASADO (texto divergente - revisar),0.244,980,L26-CPPT-19,"Ata de Manutenção Predial - Lote II - Parnaiba, Piripiri, Barras, Pedro II, Esperantina, Luis Correia, buriti dos Lopes, Cocal, Piracuruca, Luzilândia, Matias Olimpio, Porto, Capitão de Campos, Joaquim Pires, N Sra dos Remedios.",pendente
CPPT,F77B,Manutencao Corretiva da plataforma elevatoria da sede das Promotorias de Floriano e Oeiras,fmmp,1.0,31860.0,CASADO,0.942,1014,L26-CPPT-30,Manutenção Corretiva da plataforma elevatória da sede das Promotorias de Justiça de Floriano e Oeiras,pendente
CPPT,2337,Manutencao Preventiva e Corretiva de Elevadores,pgj,1.0,102967.93,CASADO,1.0,1010,L26-CPPT-29,Manutenção Preventiva e Corretiva de Elevadores,pendente
CPPT,544E,Contratacao de locacao de imovel para abrigar a Promotoria de Justica de Piracuruca,pgj,1.0,27000.0,CASADO,1.0,1015,L26-CPPT-31,Contratação de locação de imóvel para abrigar a Promotoria de Justiça de Piracuruca,pendente
CPPT,2E72,Locacao de Imovel para a PJ de Amarante - PI,pgj,1.0,15000.0,CASADO,0.989,1033,L26-CPPT-32,Locação de Imóvel para a PJ de  Amarante - PI,pendente
CPPT,C5DE,Locacao de Imovel na Zona Leste de Teresina,pgj,1.0,1320000.0,SEM CORRESPONDENCIA,,,,,
CPPT,41D0,Avaliacao de imoveis,pgj,30.0,1000.0,CASADO,1.0,875,L26-CPPT-18,Avaliação de imóveis,pendente
CPPT,BF93,Locacao de Imovel para a PJ de Marcos Parente - PI,pgj,1.0,29610.0,CASADO,1.0,1038,L26-CPPT-33,Locação de Imóvel para a PJ de Marcos Parente - PI,pendente
CPPT,F136,Ata de Manutencao Predial - Lote IV (varios municipios do interior),fmmp,1.0,399960.0,CASADO (texto divergente - revisar),0.147,992,L26-CPPT-21,"Ata de Manutenção Predial - Lote IV - Floriano, Oeiras, Picos, Corrente, Paulistana, Bom Jesus, Urucui, São Raimundo Nonato, Fronteiras, Avelino Lopes, Canto do Buriti, Cristino Castro, Gilbueis, Guadalupe, Itainopolis, Itaueira, Jaicos, Jerumenha, Padre Marcos, Pio IX, São Miguel do Tapuio Simões, Simplicio Mendes, Anisio de Abreu, Antonio  Almeida, Bertolinea, Bocaina, Campinas do Piaui, Caracol, Conceição do Canindé, Cristalândia.",pendente
CPPT,8895,Locacao de Imovel para a PJ de Batalha - PI,pgj,1.0,27588.0,CASADO,1.0,790,L26-CPPT-7,Locação de Imóvel para a PJ de Batalha - PI,pendente
CPPT,463D,Locacao de Imovel para a PJ de Esperantina - PI (nova),pgj,1.0,0.0,CASADO,0.931,807,L26-CPPT-13,Locação de Imóvel para a PJ de Esperantina - PI,pendente
CPPT,4CD5,Locacao de Imovel para a PJ de Jose de Freitas - PI,pgj,1.0,35014.0,CASADO,1.0,1051,L26-CPPT-37,Locação de Imóvel para a PJ de José de Freitas - PI,pendente
CPPT,C30F,Contratacao de software de orcamento de obras - OrcaFascio,pgj,1.0,10071.0,CASADO,1.0,1068,L26-CPPT-39,Contratação de software de orçamento de obras - OrçaFascio,pendente
CPPT,3D42,Locacao de Imovel para a PJ de Altos - PI,pgj,1.0,105000.0,CASADO,0.988,1048,L26-CPPT-35,Locação de  Imóvel para a PJ de Altos - PI,pendente
CPPT,CEE0,"Manutencao de edificacoes com aplicacao de material, para o Ministerio Publico do Estado do Piaui",fmmp,1.0,547.21,CASADO,0.995,1080,L26-CPPT-41,"Manutenção  de edificações com aplicação de material, para o Ministério Público do Estado do Piauí",pendente
CPPT,B977,"Manutencao de edificacoes com aplicacao de material, para o Ministerio Publico do Estado do Piaui (2)",fmmp,1.0,229.69,CASADO,0.975,1082,L26-CPPT-43,"Manutenção  de edificações com aplicação de material, para o Ministério Público do Estado do Piauí",pendente
CPPT,4724,Locacao de Imovel para a PJ de Regeneracao -PI (renovacao),pgj,1.0,13562.1,SEM CORRESPONDENCIA,,,,,
CPPT,6EC3,"Manutencao de edificacoes com aplicacao de material, para o Ministerio Publico do Estado do Piaui (3)",fmmp,1.0,4911.62,CASADO,0.975,1079,L26-CPPT-40,"Manutenção  de edificações com aplicação de material, para o Ministério Público do Estado do Piauí",pendente
CPPT,67BC,"Manutencao de edificacoes com aplicacao de material, para o Ministerio Publico do Estado do Piaui (4)",fmmp,1.0,770.64,CASADO,0.975,1081,L26-CPPT-42,"Manutenção  de edificações com aplicação de material, para o Ministério Público do Estado do Piauí",pendente
CPPT,4716,Locacao de Imovel para a PJ de Sao Raimundo Nonato - PI,pgj,1.0,66062.61,SEM CORRESPONDENCIA,,,,,
CRH,CF40,Servico de Cobertura Securitaria (Apolice Aberta) para Assegura Vidas de Estagiarios e Servidores Voluntarios do MPPI,pgj,1.0,1100.0,CASADO,0.992,551,L26-CRH-2,Serviço de  Cobertura Securitária ( Apólice Aberta) para Assegura Vidas de Estagiaríos e Servidores Voluntários do MPPI,pendente
CRH,EA2C,Aquisicao de crachas,pgj,600.0,8.5,SEM CORRESPONDENCIA,,,,,
CRH,27FB,Coordenacao e Execucao das Aulas de Canto,pgj,1.0,24000.0,CASADO,1.0,1003,L26-CRH-3,Coordenação e Execução das Aulas de Canto,pendente
CTI,FADF,Filtro de linha,fmmp,100.0,98.44,SEM CORRESPONDENCIA,,,,,
CTI,EKOP,HEADSETS (Circumaural - over-ear),fmmp,100.0,190.0,SEM CORRESPONDENCIA,,,,,
CTI,44DB,BATERIA SELADA 12V 9A,fmmp,100.0,139.16,SEM CORRESPONDENCIA,,,,,
CTI,4DBF,Servicos Gerenciados de Computacao em Nuvem - Ready Tecnologia,fmmp,1.0,4000000.0,SEM CORRESPONDENCIA,,,,,
CTI,A435,SSD NVME 480GB,fmmp,20.0,322.58,CASADO,0.929,775,L26-CTI-8,"SSD NVME
480GB",pendente
CTI,369D,Licenca de uso do Software Atlassian Crowd,fmmp,1.0,77183.65,SEM CORRESPONDENCIA,,,,,
CTI,36B7,Servico Anual de Subscricao de Solucao de Protecao de Dispositivos - Antivirus,pgj,1.0,511075.82,SEM CORRESPONDENCIA,,,,,
CTI,B9E9,BATERIA SELADA 12V 7A,fmmp,100.0,98.0,SEM CORRESPONDENCIA,,,,,
CTI,02C8,HD Externo de 2TB,fmmp,20.0,577.83,CASADO,1.0,777,L26-CTI-10,HD Externo de 2TB,pendente
CTI,9583,Memoria RAM DDR4 8GB,fmmp,200.0,204.88,CASADO,0.9,780,L26-CTI-13,"Memória
RAM DDR4
8GB",pendente
CTI,C449,SSD SATA 480GB,fmmp,200.0,297.91,CASADO,0.929,783,L26-CTI-16,"SSD SATA
480GB",pendente
CTI,E63E,Fornecimento de solucao Tecnologicas de Seguranca Corporativa na Modalidade SAAS - Harpia,pgj,1.0,588298.25,CASADO,1.0,553,L26-CTI-2,Fornecimento de solução Tecnólogicas de Segurança Corporativa na Modalidade SAAS - Harpia,pendente
CTI,7E4A,Etiquetadora,fmmp,5.0,285.15,CASADO,1.0,773,L26-CTI-6,Etiquetadora,pendente
CTI,4EB1,BATERIA SELADA 12V 45A Estacionaria,fmmp,6.0,531.43,SEM CORRESPONDENCIA,,,,,
CTI,6525,Abracadeiras de Nylon 20 CM,fmmp,10.0,32.27,CASADO,1.0,823,L26-CTI-23,Abraçadeiras de Nylon 20 CM,pendente
CTI,726B,Bobinas de Etiquetadoras Rotuladoras,fmmp,15.0,51.93,CASADO,0.972,825,L26-CTI-25,Bobinas de Etiquetadoras/Rotuladoras,pendente
CTI,EDA7,Porca Gaiola - pacote com 100,fmmp,10.0,65.46,CASADO,1.0,824,L26-CTI-24,Porca Gaiola - pacote com 100,pendente
CTI,61F1,Conectores RJ-45 CAT6 - pacote com 100,fmmp,30.0,36.45,CASADO,0.974,826,L26-CTI-26,Conectores RJ-45 - CAT6 - pacote com 100,pendente
CTI,29B8,Firewall por 36 meses (Sede MPPI unidade Centro e Sede dos Grupos),pgj,1.0,1553207.77,CASADO,1.0,979,L26-CTI-36,Firewall por 36 meses (Sede MPPI unidade Centro e Sede dos Grupos),pendente
CTI,E66A,"Plataforma Alura, de Ensino a Distancia - EAD",fmmp,15.0,1500.0,SEM CORRESPONDENCIA,,,,,
CTI,85F9,Link de Internet com dupla abordagem,pgj,1.0,234000.0,CASADO,1.0,1040,L26-CTI-42,Link de Internet com dupla abordagem,pendente
CTI,76B0,Fornecimento de Assinaturas Digital ICP-Brasil - BRY TECNOLOGIA,pgj,500000.0,0.08,CASADO,1.0,1030,L26-CTI-41,Fornecimento de Assinaturas Digital ICP-Brasil - BRY TECNOLOGIA,pendente
CTI,DAB3,Fabrica de Software,fmmp,1.0,1056600.0,SEM CORRESPONDENCIA,,,,,
CTI,7FE6,IMacs,fmmp,2.0,20980.0,CASADO,1.0,978,L26-CTI-35,IMacs,pendente
CTI,5125,Nobreak de 1500VA,fmmp,78.0,635.38,SEM CORRESPONDENCIA,,,,,
CTI,A7DC,Desktops,fmmp,100.0,6194.22,SEM CORRESPONDENCIA,,,,,
CTI,340A,Solucao de Tecnologia e Comunicacao de Licencas do Software Microsoft Power Bi Premium per User,fmmp,11.0,1512.07,SEM CORRESPONDENCIA,,,,,
CTI,9DC2,Gestao e Controle de Contas de Usuarios Privilegiados (PAM),fmmp,1.0,2875153.51,SEM CORRESPONDENCIA,,,,,
CTI,1CEE,SOLUCAO DE COMUNICACAO PARA INTERLIGACAO DA SEDE DO MPPI COM AS DEMAIS UNIDADES REDE MPLS,fmmp,1.0,1736634.02,CASADO,0.677,1062,L26-CTI-45,SOLUÇÃO DE COMUNICAÇÃO PARA INTERLIGAÇÃO DA SEDE DO MPPI  COM AS DEMAIS UNIDADES ATRAVÉS DE SERVIÇO DE TECNOLOGIA DA INFORMAÇÃ QUE PERMITE O TRÁFEGO DE INFORMAÇÃO - REDE MPLS,pendente
CTI,C0EB,Alicate de Crimpagem,fmmp,10.0,122.66,CASADO,1.0,827,L26-CTI-27,Alicate de Crimpagem,pendente
CTI,BAD6,Caixa de Cabo de rede CAT6,fmmp,50.0,1002.48,CASADO,1.0,829,L26-CTI-29,Caixa de Cabo de rede CAT6,pendente
CTI,D9B0,Switches 48 portas,fmmp,10.0,19305.55,CASADO,1.0,830,L26-CTI-30,Switches 48 portas,pendente
CTI,54CC,Aquisicao de Certificados Digitais,fmmp,1.0,9000.0,CASADO,1.0,1066,L26-CTI-47,Aquisição de Certificados Digitais,pendente
CTI,4233,Switches 24 portas,fmmp,25.0,13067.16,CASADO,1.0,831,L26-CTI-31,Switches 24 portas,pendente
CTI,634A,Suporte de Servico - SERVICE DESK (CENTRAL DE SERVICOS),fmmp,1.0,1668028.0,SEM CORRESPONDENCIA,,,,,
CTI,E858,Servico de Fornecimento de Link de Acesso a Internet e Comunicacao de Dados,pgj,1.0,32490.47,CASADO,1.0,1054,L26-CTI-44,Serviço de Fornecimento de Link de Acesso á Internet e Comunicação de Dados,pendente
GAECO,CBE0,"Solucao para Contornar e Identificar Bloqueios, Extracao, Processamento e Analise de Dados",fmmp,1.0,363616.32,SEM CORRESPONDENCIA,,,,,
GAECO,C185,Licenca de base do SERPRO para integracao ao OMNIS,pgj,1.0,79367.1,SEM CORRESPONDENCIA,,,,,
GAECO,676A,Falcon Sistemas,fepdc,1.0,84801.0,SEM CORRESPONDENCIA,,,,,
GAECO,CFC6,Clearview - Software de reconhecimento facial Clearview AI versoes basic e professional,pgj,1.0,144690.0,CASADO (texto divergente - revisar),0.404,549,L26-GAECO-1,Clearview Professional,pendente
GAECO,90AD,Micro cameras espia,fepdc,10.0,50.0,CASADO,1.0,821,L26-GAECO-6,Micro câmeras espiã,pendente
GAECO,5AF7,Kit Bateria Dji Mavic 3 Enterprise Series,fepdc,2.0,9000.0,SEM CORRESPONDENCIA,,,,,
GAECO,71E9,Binoculo profissional,fepdc,1.0,2000.0,CASADO,1.0,819,L26-GAECO-4,Binóculo profissional,pendente
GAECO,2C34,Rastreadores veicular,fepdc,10.0,50.0,CASADO,1.0,820,L26-GAECO-5,Rastreadores veicular,pendente
GAECO,A98D,material de Escuta ambiente,fepdc,5.0,100.0,CASADO,1.0,822,L26-GAECO-7,material de Escuta ambiente,pendente
GSI,AB66,Camera de seguranca Tipo speed dome,fepdc,1.0,3724.67,SEM CORRESPONDENCIA,,,,,
GSI,8B03,Aquisicao de testes psicologicos que atendam as necessidades do Ministerio Publico do Estado do Piaui,pgj,12.0,232.33,CASADO,1.0,1002,L26-GSI-27,Aquisição de testes psicológicos que atendam às necessidades do Ministério Público do Estado do Piauí,pendente
GSI,8942,"sistema circuito fechado tv, componentes dvr 16 canais",fepdc,6.0,1609.91,SEM CORRESPONDENCIA,,,,,
GSI,553F,"CONVERSOR IMPEDANCIA, TIPO BALUN BNC/P4",fepdc,65.0,25.0,SEM CORRESPONDENCIA,,,,,
GSI,9948,"CAIXA PLASTICA, MATERIAL POLIETILENO",fepdc,65.0,12.47,SEM CORRESPONDENCIA,,,,,
GSI,474A,Fechadura eletrica de sobrepor com acionamento remoto,fepdc,2.0,169.36,SEM CORRESPONDENCIA,,,,,
GSI,DB20,Botoeira. Especificacoes Alcance RF 100 m sem obstaculo,fepdc,2.0,52.56,SEM CORRESPONDENCIA,,,,,
GSI,HFMQ,CAMERA VHD DOME,fepdc,30.0,271.54,SEM CORRESPONDENCIA,,,,,
GSI,B856,"BATERIA SELADA, TENSAO 12 V, AMPERAGEM 7 AH",fepdc,6.0,121.5,SEM CORRESPONDENCIA,,,,,
GSI,22CB,Fragmentadora de papel,pgj,10.0,950.0,CASADO,1.0,856,L26-GSI-24,Fragmentadora de papel,pendente
GSI,5D49,Camera seguranca (bullet externa),fepdc,36.0,315.02,SEM CORRESPONDENCIA,,,,,
GSI,0DBF,"Sensor eletronico, tipo de presenca",fepdc,12.0,75.88,SEM CORRESPONDENCIA,,,,,
GSI,A82B,"CONECTOR AUDIO-VIDEO, TIPO P4 MACHO",fepdc,100.0,2.45,SEM CORRESPONDENCIA,,,,,
GSI,5BEE,"sistema circuito fechado tv, componentes dvr 8canais hdcvi 1008",fepdc,3.0,1186.9,SEM CORRESPONDENCIA,,,,,
GSI,460E,"sistema circuito fechado tv, componentes dvr 32 canais",fepdc,1.0,4183.19,SEM CORRESPONDENCIA,,,,,
GSI,6116,"Central monitoramento, tensao 100/240 v",fepdc,3.0,796.26,SEM CORRESPONDENCIA,,,,,
GSI,2FC4,Disco Rigido Removivel. Capacidade Memoria 8 TB,fepdc,9.0,1747.49,SEM CORRESPONDENCIA,,,,,
GSI,F681,"FONTE ALIMENTACAO, TENSAO ALIMENTACAO 100/240 V",fepdc,12.0,104.91,SEM CORRESPONDENCIA,,,,,
GSI,E909,"SIRENE MULTIAPLICACAO, TIPO ELETRONICA, SAIDA 12 V",fepdc,3.0,42.67,SEM CORRESPONDENCIA,,,,,
GSI,981C,"MOTOR ELETRICO, TIPO SEMI-INDUSTRIAL PIVOTANTE",fepdc,4.0,1188.75,SEM CORRESPONDENCIA,,,,,
GSI,D482,CONTROLE UNIVERSAL PARA MOTOR DE PORTAO,fepdc,20.0,21.32,SEM CORRESPONDENCIA,,,,,
ASSESPPLAGES,7CEA,"Hospedagem em hotel (Quarto individual e quarto duplo) em Picos/PI, incluindo cafe da manha, wi-fi e estacionamento",pgj,8.0,225.0,SEM CORRESPONDENCIA,,,,,
ASSESPPLAGES,944D,"Hospedagem em hotel (Quarto Triplo) em Picos/PI, incluindo cafe da manha, wi-fi e estacionamento",pgj,4.0,230.0,SEM CORRESPONDENCIA,,,,,
CONINT,,,pgj,3.0000,0.00,ITEM DO SISTEMA SEM CORRESPONDENCIA NO PDF,,1041,L26-CONINT-1,Curso para qualificação,pendente
APG,,,pgj,4.0000,230.00,ITEM DO SISTEMA SEM CORRESPONDENCIA NO PDF,,1071,L26-APG-1,"Hospedagem em hotel (Quarto Triplo) em Picos/PI, incluindo café da manhã, wi-fi e estacionamento.",pendente
CAA,,,pgj,4000.0000,3.80,ITEM DO SISTEMA SEM CORRESPONDENCIA NO PDF,,1630,PCA-J8S1-2026,"Açúcar tipo: cristal, prazo de validade mínimo: 12 meses, na cor branca, de sacarose da cana de açúcar, livre de impurezas, insetos ou micro-organismos ou outras impurezas que possam comprometer o consumo humano ou o armazenamento, embalagem transparente plástica contendo 1kg, informações nutricionais na embalagem, data de fabricação e prazo de validade conforme resolução vigente – ANVISA. Deve ser entregue em fardos.",pendente
CTI,,,pgj,1600.0000,319.42,ITEM DO SISTEMA SEM CORRESPONDENCIA NO PDF,,550,L26-CTI-1,Serviço Anual de Subscrição de Solução de Proteção de Dispositivos - Antivírus,pendente
GSI,,,fepdc,20.0000,30.00,ITEM DO SISTEMA SEM CORRESPONDENCIA NO PDF,,796,L26-GSI-1,CONTROLE UNIVERSAL PARA MOTOR DE PORTÃO,pendente
CPPT,,,pgj,1.0000,47194.92,ITEM DO SISTEMA SEM CORRESPONDENCIA NO PDF,,552,L26-CPPT-1,Locação de Imóvel para a PJ de Esperantina - PI,pendente
CRH,,,pgj,1000.0000,8.50,ITEM DO SISTEMA SEM CORRESPONDENCIA NO PDF,,536,L26-CRH-1,Aquisição de crachás,pendente
CCS,,,fmmp,10.0000,600.00,ITEM DO SISTEMA SEM CORRESPONDENCIA NO PDF,,537,L26-CCS-1,Impressão e veiculação de outdoors,pendente
GSI,,,fepdc,2.0000,3500.00,ITEM DO SISTEMA SEM CORRESPONDENCIA NO PDF,,834,L26-GSI-2,"Câmera de segurança Tipo speed dome - câmera vídeo de segurança, tipo sensor: 1/2,8"" 2 megapixels CMOS - STARVIS™; voltagem: 12V; Resolução real Full HD: 1080p; informações adicionais: Ângulo de visão horizontal: 65.2° (zoom mínimo) — 2.7° (zoom máximo).
Ângulo de visão vertical: 37.7° (zoom mínimo) — 1.6° (zoom máximo). Zoom óptico: 25X; Zoom digital: 4X.
Alcance IR: 100 m",pendente
CAA,,,pgj,12900.0000,19.95,ITEM DO SISTEMA SEM CORRESPONDENCIA NO PDF,,1631,PCA-566B-2026,"CAFÉ – em pó torrado e moído (referência: 3 CORAÇÕES PREMIUM, MARATÁ SUPERIOR OU SANTA CLARA PREMIUM). Características Gerais: Homogêneo, torrado e moído, do tipo superior, de primeira qualidade; Espécie: café arábica ou blendados, admitindo-se a presença de conilon não superior a 10%; Bebida: tipo mole ou dura; Ponto de Torra: variando entre 55 a 65 pontos do Disco Agtron, correspondendo ao intervalo média a média clara; Embalagem: em sistema de alto vácuo ou vácuo puro, em sacos aluminizados, em pacotes de 250 gramas cada, constando nas embalagens a data de fabricação e de validade do produto; Validade: mínima de 6 meses , a contar da data do recebimento definitivo; Características Físicas: Grãos de café do tipo 6 da COB (Classificação Oficial Brasileira), ou superior, com no máximo 10% em peso de grãos com defeitos (pretos, verdes e ardidos). Sem a presença de grão pretos verdes ou fermentados; Características Químicas (exigidas em g/100g): * Umidade em 5,0 % no máximo;*Resíduo mineral fixo em 5,0 %, no máximo; *Resíduo mineral fixo, insolúvel em ácido clorídrico a 10% v/vem 1,0% no máximo; * Cafeína em 0,7%, no mínimo; *Extrato aquoso em 25%, no mínimo; * Extrato etéreo em 8,0%, no mínimo. Deverá possuir registro válido na ABIC (Associação Brasileira da Indústria de Café).",pendente
GAECO,,,fepdc,1.0000,397801.57,ITEM DO SISTEMA SEM CORRESPONDENCIA NO PDF,,817,L26-GAECO-2,Insight - extração de dados 100 quebras (Techbiz Forense),pendente
CONINT,,,pgj,2.0000,0.00,ITEM DO SISTEMA SEM CORRESPONDENCIA NO PDF,,1042,L26-CONINT-2,Curso para qualificação,pendente
APG,,,pgj,8.0000,225.00,ITEM DO SISTEMA SEM CORRESPONDENCIA NO PDF,,1072,L26-APG-2,"Hospedagem em hotel (Quarto individual e quarto duplo) em Picos/PI, incluindo café da manhã, wi-fi e estacionamento.",pendente
CPPT,,,fmmp,1.0000,35000.00,ITEM DO SISTEMA SEM CORRESPONDENCIA NO PDF,,554,L26-CPPT-2,Sondagem e Topografia de terrenos,pendente
CCS,,,fepdc,1.0000,132366.24,ITEM DO SISTEMA SEM CORRESPONDENCIA NO PDF,,538,L26-CCS-2,Equipamentos para produção Audiovisual e de apoio ao Cerimonial,pendente
CLC,,,pgj,3.0000,2850.00,ITEM DO SISTEMA SEM CORRESPONDENCIA NO PDF,,986,L26-CLC-2,"Curso para qualificação profissional- contratação direta, dispensa e inexigibilidade com utilização de IA",pendente
GSI,,,fepdc,70.0000,221.00,ITEM DO SISTEMA SEM CORRESPONDENCIA NO PDF,,835,L26-GSI-3,"Câmera segurança (dome – interna) - câmera vídeo de segurança, tipo sensor:1/2.7""~1/2.8"", resolução horizontal:1920 mpx, resolução vertical:1080 mpx, voltagem:12-24 v, controle ganho:tilt:-15 a 90, características adicionais:ângulo de visão vertical: 33,8~44; horizontal:, componentes adicionais:protocolos: ipv4/ipv6, padrão:ip speed dome, interface:rj45 10/100/1000mbps",pendente
CCF,,,pgj,4.0000,2260.00,ITEM DO SISTEMA SEM CORRESPONDENCIA NO PDF,,586,L26-CCF-3,Prestação de contas e Responsabilidade fiscal. Conceitos da LRF,pendente
CLC,,,pgj,2.0000,2850.00,ITEM DO SISTEMA SEM CORRESPONDENCIA NO PDF,,987,L26-CLC-3,"Curso para qualificação profissional- curso na área de sanção por descumprimento contratual, orientação ao parecerista em licitações ou outra matéria relacionada a lei 14.133/2021.",pendente
GAECO,,,fepdc,4.0000,9000.00,ITEM DO SISTEMA SEM CORRESPONDENCIA NO PDF,,818,L26-GAECO-3,Kit Bateria Dji Mavic 3 Enterprise Séries,pendente
CCS,,,fmmp,1.0000,39450.00,ITEM DO SISTEMA SEM CORRESPONDENCIA NO PDF,,563,L26-CCS-3,Fornecimento de flores,pendente
CTI,,,fmmp,11.0000,1543.08,ITEM DO SISTEMA SEM CORRESPONDENCIA NO PDF,,558,L26-CTI-3,Soluçao de Tecnologia e Comunicação de Licenças do Software Microsoft Power Bi Premium per User (CFQ7TTC0HL8W-0001) POR 12 MESES.,pendente
CAA,,,pgj,1.0000,11340.00,ITEM DO SISTEMA SEM CORRESPONDENCIA NO PDF,,541,L26-CAA-3,Contratação de empresa especializada na prestação de serviços de chaveiro,pendente
CTI,,,fmmp,1.0000,79275.00,ITEM DO SISTEMA SEM CORRESPONDENCIA NO PDF,,562,L26-CTI-4,Licença de uso do Software Atlassian Crowd,pendente
CCS,,,pgj,1.0000,60000.00,ITEM DO SISTEMA SEM CORRESPONDENCIA NO PDF,,564,L26-CCS-4,"Serviço de locação, montagem e desmontagem de estruturas para eventos",pendente
CCF,,,pgj,4.0000,920.00,ITEM DO SISTEMA SEM CORRESPONDENCIA NO PDF,,808,L26-CCF-4,Execução Orçamentária e Financeira. Programação financeira,pendente
CLC,,,pgj,3.0000,2850.00,ITEM DO SISTEMA SEM CORRESPONDENCIA NO PDF,,988,L26-CLC-4,"Curso para qualificação profissional- licitações, formação e atualização de pregoeiro.",pendente
GSI,,,fepdc,24.0000,57.58,ITEM DO SISTEMA SEM CORRESPONDENCIA NO PDF,,836,L26-GSI-4,"Sensor eletrônico, características adicionais: lente 180, tipo:de presença, frequência comutação:60 hz, tensão alimentação:220 v, aplicação: detecção e alarme, instalação: parede. Referência: IVP 5001 PET",pendente
CRH,,,fmmp,1.0000,1300000.00,ITEM DO SISTEMA SEM CORRESPONDENCIA NO PDF,,1056,L26-CRH-4,"Contratação de empresa para prestação de serviços especializados de planejamento, organização e realização de concurso público de provas, para provimento de cargos de analista ministerial, de nível superior, e de técnico ministerial, de nível médio, do quadro de servidores do Ministério Público do Estado do Piauí.",pendente
CPPT,,,pgj,1.0000,295732.48,ITEM DO SISTEMA SEM CORRESPONDENCIA NO PDF,,568,L26-CPPT-4,IPTU sede leste,pendente
CTI,,,fmmp,100.0000,93.84,ITEM DO SISTEMA SEM CORRESPONDENCIA NO PDF,,567,L26-CTI-5,"BATERIA
SELADA
12V 9A",pendente
CCF,,,pgj,4.0000,2940.00,ITEM DO SISTEMA SEM CORRESPONDENCIA NO PDF,,809,L26-CCF-5,Contabilidade Aplicada ao Setor Público (CASP). Estrutura do PCASP,pendente
CCS,,,pgj,1.0000,60000.00,ITEM DO SISTEMA SEM CORRESPONDENCIA NO PDF,,565,L26-CCS-5,Serviço de locação de mobiliário e itens de decoração para eventos,pendente
GSI,,,fepdc,70.0000,232.00,ITEM DO SISTEMA SEM CORRESPONDENCIA NO PDF,,837,L26-GSI-5,"Câmera segurança (bullet – externa) - câmera vídeo de segurança, tipo sensor:cmos ¿.7, resolução horizontal:1920 px, resolução vertical:1080 px, voltagem:12 v, características adicionais:formato bullet, resolução full hd/ infravermelho (, cor:colorida)",pendente
CCS,,,pgj,1.0000,24000.00,ITEM DO SISTEMA SEM CORRESPONDENCIA NO PDF,,578,L26-CCS-6,Oferecimento de media training (treinamento de mídia) para integrantes do MPPI,pendente
GSI,,,fepdc,8.0000,1015.60,ITEM DO SISTEMA SEM CORRESPONDENCIA NO PDF,,838,L26-GSI-6,"sistema circuito fechado tv, componentes:dvr  8canaishdcvi 1008, tipo sistema:gravação digital, aplicação:sistema de segurança, características adicionais:8 canais hdcvi de alta resolução, hd 720p com hdmi",pendente
CCF,,,pgj,4.0000,2200.00,ITEM DO SISTEMA SEM CORRESPONDENCIA NO PDF,,810,L26-CCF-6,"Análise e Elaboração de Demosntrações Contábeis. DCASP – Balanço Orçamentário, Financeiro, Patrimonial, DVP, DFC e Notas Explicativas; Interpretação e análise de resultados.",pendente
CLC,,,pgj,3.0000,2850.00,ITEM DO SISTEMA SEM CORRESPONDENCIA NO PDF,,991,L26-CLC-7,Curso na sobre a lei de licitações e contratos - Congresso sobre a lei 14.133/2021 - pregões week,pendente
CTI,,,fmmp,6.0000,517.87,ITEM DO SISTEMA SEM CORRESPONDENCIA NO PDF,,774,L26-CTI-7,BATERIA SELADA 12V 45A Estacionária,pendente
CCS,,,fepdc,1.0000,20000.00,ITEM DO SISTEMA SEM CORRESPONDENCIA NO PDF,,579,L26-CCS-7,Confecção de bandeiras em diversos tamanhos,pendente
CCF,,,pgj,4.0000,1600.00,ITEM DO SISTEMA SEM CORRESPONDENCIA NO PDF,,870,L26-CCF-7,"Introdução ao Ciclo Orçamentário Público. Planejamento e PPA, LDO, LOA; Classificações orçamentárias; Etapas da despesa pública; Empenho, liquidação e pagamento.",pendente
GSI,,,fepdc,6.0000,1929.91,ITEM DO SISTEMA SEM CORRESPONDENCIA NO PDF,,839,L26-GSI-7,"sistema circuito fechado tv, componentes:dvr 16 canais, tipo sistema:gravação digital, aplicação:sistema de segurança, características adicionais:gravação com resolução de até 5 megapixels",pendente
GSI,,,fepdc,2.0000,3642.21,ITEM DO SISTEMA SEM CORRESPONDENCIA NO PDF,,840,L26-GSI-8,"sistema circuito fechado tv, componentes:dvr 32 canais, tipo sistema:gravação digital, aplicação:sistema de segurança",pendente
CCF,,,pgj,4.0000,2260.00,ITEM DO SISTEMA SEM CORRESPONDENCIA NO PDF,,871,L26-CCF-8,"Suprimento de fundos:Base legal (Decreto e Instruções Normativas); Limites, prazos e prestação de contas; Responsabilidades e controle interno.",pendente
CLC,,,pgj,180.0000,194.00,ITEM DO SISTEMA SEM CORRESPONDENCIA NO PDF,,1032,L26-CLC-8,Publicação de editais e outros em jornal de grande circulação,pendente
GAECO,,,fepdc,4.0000,190000.00,ITEM DO SISTEMA SEM CORRESPONDENCIA NO PDF,,982,L26-GAECO-8,GPUS (Placas de video) com 80 GB ou superior,pendente
CPPT,,,fmmp,1.0000,1680000.00,ITEM DO SISTEMA SEM CORRESPONDENCIA NO PDF,,792,L26-CPPT-9,Contratação de empresa para fornecimento de energia elétrica,pendente
GSI,,,fepdc,19.0000,60.00,ITEM DO SISTEMA SEM CORRESPONDENCIA NO PDF,,841,L26-GSI-9,Suporte para TV. Especificações: suporte para TV 42 polegadas.,pendente
CTI,,,fmmp,100.0000,78.16,ITEM DO SISTEMA SEM CORRESPONDENCIA NO PDF,,776,L26-CTI-9,"BATERIA
SELADA
12V 7A",pendente
CCS,,,pgj,1.0000,249000.00,ITEM DO SISTEMA SEM CORRESPONDENCIA NO PDF,,581,L26-CCS-9,Produção e edição de vídeos institucionais,pendente
CCF,,,pgj,2.0000,2590.00,ITEM DO SISTEMA SEM CORRESPONDENCIA NO PDF,,872,L26-CCF-9,Conciliações contábeis automatizadas e uso de BI,pendente
GAECO,,,fepdc,1.0000,53386.20,ITEM DO SISTEMA SEM CORRESPONDENCIA NO PDF,,983,L26-GAECO-9,Treinamento CCO/CCPA,pendente
CAA,,,pgj,1.0000,35671.56,ITEM DO SISTEMA SEM CORRESPONDENCIA NO PDF,,547,L26-CAA-9,"Locação de Equipamento de Controle de Acesso Pessoal, sedes Leste e Centro em Teresina-PI",pendente
CCS,,,pgj,1.0000,11507.88,ITEM DO SISTEMA SEM CORRESPONDENCIA NO PDF,,582,L26-CCS-10,Assinatura de serviço de streaming para transmissão da Rádio MPPI e serviços de manutenção da rádio,pendente
CCF,,,pgj,2.0000,504.90,ITEM DO SISTEMA SEM CORRESPONDENCIA NO PDF,,873,L26-CCF-10,Fechamento de Balanço e Encerrando de Exercício. Oficina prática de encerramento do exercício,pendente
GSI,,,fepdc,6.0000,1149.37,ITEM DO SISTEMA SEM CORRESPONDENCIA NO PDF,,842,L26-GSI-10,"Central  monitoramento,  tensão:100 / 240 v, 
dimensões:285 x 487 
x 90 mm,  compatibilidade 
sistemas:  transmissores dos  sistemas rfnet e rede  mesh, finalidade:  monitorar alarmes",pendente
CAA,,,fepdc,4.0000,2500.00,ITEM DO SISTEMA SEM CORRESPONDENCIA NO PDF,,548,L26-CAA-10,Curso sobre gestão patrimonial,pendente
GAECO,,,pgj,2.0000,192500.00,ITEM DO SISTEMA SEM CORRESPONDENCIA NO PDF,,984,L26-GAECO-10,1 Clearview Professional,pendente
CTI,,,fmmp,100.0000,193.80,ITEM DO SISTEMA SEM CORRESPONDENCIA NO PDF,,778,L26-CTI-11,Headset (Fones de ouvidos com microfone),pendente
GAECO,,,fmmp,2.0000,363616.32,ITEM DO SISTEMA SEM CORRESPONDENCIA NO PDF,,1011,L26-GAECO-11,"Solução para Contornar e Identificar Bloqueios, Extração, Processamento e Analise de Dados (substituído por novo processo para desbloqueio de 100 aparelhos)",pendente
CAA,,,fmmp,1.0000,1605460.00,ITEM DO SISTEMA SEM CORRESPONDENCIA NO PDF,,556,L26-CAA-11,Gerenciamento do Abastecimento  e da manutenção da Frota Veicular do MPPI,pendente
CCS,,,fepdc,1.0000,20000.00,ITEM DO SISTEMA SEM CORRESPONDENCIA NO PDF,,583,L26-CCS-11,Confecção de camisetas personalizadas para campanhas e projetos,pendente
GSI,,,fepdc,6.0000,2000.00,ITEM DO SISTEMA SEM CORRESPONDENCIA NO PDF,,843,L26-GSI-11,"MOTOR 
ELÉTRICO, 
TIPO:SEMI
-INDUSTRIAL 
PIVOTANTE, 
APLICAÇÃO:POR
TÃO 
ELETRÔNICO, 
CARACTERÍSTIC
AS 
ADICIONAIS:COM 
ACIONAMENTO 
PARA 3 METROS, 
COM CENTRAL 
DE COMA, 
POTÊNCIA 
NOMINAL:1 CV, 
TENSÃO 
NOMINAL:220 V, 
FREQUÊNCIA 
NOMINAL:60 HZ",pendente
GAECO,,,pgj,1.0000,85941.42,ITEM DO SISTEMA SEM CORRESPONDENCIA NO PDF,,1053,L26-GAECO-12,Licença de base do SERPRO para integração ao OMNIS,pendente
CAA,,,pgj,1.0000,61488.00,ITEM DO SISTEMA SEM CORRESPONDENCIA NO PDF,,557,L26-CAA-12,Serviço de Administração de Estacionamento através de cancelas de acesso na sede leste em Teresina-PI,pendente
GSI,,,fepdc,18.0000,72.14,ITEM DO SISTEMA SEM CORRESPONDENCIA NO PDF,,844,L26-GSI-12,"BATERIA SELADA, TENSÃO:12 V, AMPERAGEM:7 AH, COMPRIMENTO:150 MM, LARGURA:60 MM, ALTURA:90 MM, PESO:2,50 KG, FREQÜÊNCIA:60 HZ, APLICAÇÃO:NO BREAK",pendente
CTI,,,fmmp,60.0000,456.00,ITEM DO SISTEMA SEM CORRESPONDENCIA NO PDF,,779,L26-CTI-12,Aruba Central APs,pendente
GSI,,,fepdc,10.0000,75.82,ITEM DO SISTEMA SEM CORRESPONDENCIA NO PDF,,845,L26-GSI-13,"SIRENE MULTIAPLICAÇÃO, TIPO:ELETRÔNICA, SAÍDA:12 V, ALCANCE:500 M, CARACTERÍSTICAS ADICIONAIS:TRANSFORMADOR",pendente
GAECO,,,pgj,1.0000,0.00,ITEM DO SISTEMA SEM CORRESPONDENCIA NO PDF,,1057,L26-GAECO-13,Caseboard professional,pendente
CCS,,,fmmp,1.0000,30000.00,ITEM DO SISTEMA SEM CORRESPONDENCIA NO PDF,,833,L26-CCS-13,"Troféus, medalhas e placas de homenagem",pendente
GAECO,,,fepdc,1.0000,0.00,ITEM DO SISTEMA SEM CORRESPONDENCIA NO PDF,,1060,L26-GAECO-14,Falcon Sistemas,pendente
CTI,,,fmmp,100.0000,491.13,ITEM DO SISTEMA SEM CORRESPONDENCIA NO PDF,,781,L26-CTI-14,"Nobreak de
1500VA",pendente
GSI,,,fepdc,10.0000,65.00,ITEM DO SISTEMA SEM CORRESPONDENCIA NO PDF,,846,L26-GSI-14,"CABO BLINDADO, TIPO:4 VIAS, APLICAÇÃO:REDE DE ALARME E DETECÇÃO DE INCÊNDIO, BITOLA:2 X 1,50 MM² E 2 X 0,75 MM² MM, TEMPERATURA OPERAÇÃO:70 ¿C, COR:VERMELHA",pendente
CPPT,,,pgj,1.0000,0.00,ITEM DO SISTEMA SEM CORRESPONDENCIA NO PDF,,811,L26-CPPT-14,Locação de Imóvel para a PJ de São Raimundo Nonato - PI,pendente
CAA,,,fepdc,1.0000,14500.90,ITEM DO SISTEMA SEM CORRESPONDENCIA NO PDF,,561,L26-CAA-14,Seguro para veículos do PROCON: ÔNIBUS E MOTOCICLETAS.,pendente
CTI,,,fmmp,60.0000,847.00,ITEM DO SISTEMA SEM CORRESPONDENCIA NO PDF,,782,L26-CTI-15,Ampliação dos roteadores WI-FI Aruba,pendente
CCS,,,pgj,1.0000,113460.00,ITEM DO SISTEMA SEM CORRESPONDENCIA NO PDF,,1000,L26-CCS-15,Fornecimento de coquetéis e outras refeições festivas,pendente
CAA,,,pgj,1.0000,485422.00,ITEM DO SISTEMA SEM CORRESPONDENCIA NO PDF,,566,L26-CAA-15,Serviços Continuados  de Auxiliar Administrativo- Cidade de Teresina e Picos,pendente
GSI,,,fepdc,32.0000,170.78,ITEM DO SISTEMA SEM CORRESPONDENCIA NO PDF,,847,L26-GSI-15,"FONTE ALIMENTAÇÃO, TENSÃO ALIMENTAÇÃO:100/240 V, TENSÃO SAÍDA:12 V, CORRENTE SAÍDA:10 A, TIPO:CHAVEADA",pendente
CCF,,,pgj,1.0000,1000.00,ITEM DO SISTEMA SEM CORRESPONDENCIA NO PDF,,1037,L26-CCF-15,Gerenciamento do duodécimo e cartão corporativo da PGJ pelo Banco do Brasil,pendente
CPPT,,,pgj,1.0000,61080.24,ITEM DO SISTEMA SEM CORRESPONDENCIA NO PDF,,813,L26-CPPT-16,Locação de Imóvel para a PJ de São Raimundo Nonato - PI,pendente
CCS,,,pgj,1.0000,30000.00,ITEM DO SISTEMA SEM CORRESPONDENCIA NO PDF,,1008,L26-CCS-16,Prestação de Serviço de Interpretação Simultânea em Libras,pendente
GSI,,,fepdc,200.0000,33.00,ITEM DO SISTEMA SEM CORRESPONDENCIA NO PDF,,848,L26-GSI-16,"CONVERSOR IMPEDÂNCIA, TIPO:BALUN BNC/P4, CARACTERÍSTICAS ADICIONAIS:LEDS: SINALIZAÇÃO DE VIDEO E ALIMENTAÇÃO, TENSÃO ALIMENTAÇÃO:12 V, TIPO CONEXÃO ENTRADA:RJ45, APLICAÇÃO:INTERLIGAÇÃO DE EQUIPAMENTO DE VÍDEO E ALIMENTAÇÃO",pendente
GSI,,,fepdc,19.0000,1300.00,ITEM DO SISTEMA SEM CORRESPONDENCIA NO PDF,,849,L26-GSI-17,"Telvisor SMART TV; Tamanho Tela:  42 POL , Voltagem: 110/220 V 
Características Adicionais: Ful  Hd, Smart Tv,  Dvt, Widescreen, 
2 Entradas Rf ; Tipo Tela: Led 
Acessórios:  Controle Remoto",pendente
CTI,,,fmmp,20.0000,5500.00,ITEM DO SISTEMA SEM CORRESPONDENCIA NO PDF,,784,L26-CTI-17,Licença Anual Permanente JetBrains All Products Pack para Equipe de Desenvolvimento e NEDIA,pendente
CTI,,,fmmp,20.0000,6331.14,ITEM DO SISTEMA SEM CORRESPONDENCIA NO PDF,,785,L26-CTI-18,Notebooks,pendente
GSI,,,fepdc,200.0000,1.90,ITEM DO SISTEMA SEM CORRESPONDENCIA NO PDF,,850,L26-GSI-18,"CONECTOR ÁUDIO-VÍDEO, TIPO:P4 MACHO, APLICAÇÃO:EQUIPAMENTOS ELETRÔNICOS",pendente
CCS,,,pgj,1.0000,250000.00,ITEM DO SISTEMA SEM CORRESPONDENCIA NO PDF,,1031,L26-CCS-18,Prestação de Serviços Gráficos,pendente
GSI,,,fepdc,200.0000,10.90,ITEM DO SISTEMA SEM CORRESPONDENCIA NO PDF,,851,L26-GSI-19,"CAIXA PLÁSTICA, MATERIAL:POLIETILENO, COMPRIMENTO:43 CM, LARGURA:32 CM, ALTURA:19 CM, APLICAÇÃO:MULTIUSO, COR:PRETA, CARACTERÍSTICAS ADICIONAIS:PERSONALIZADA CONFORME MODELO DO ÒRGÃO, MODELO:8",pendente
CCS,,,pgj,12.0000,1955.25,ITEM DO SISTEMA SEM CORRESPONDENCIA NO PDF,,1058,L26-CCS-19,Serviços de Clipping Jornalístico,pendente
CTI,,,fmmp,100.0000,1400.00,ITEM DO SISTEMA SEM CORRESPONDENCIA NO PDF,,786,L26-CTI-19,"Monitores 24"" (Segunda Tela)",pendente
CTI,,,fmmp,53.0000,4260.56,ITEM DO SISTEMA SEM CORRESPONDENCIA NO PDF,,787,L26-CTI-20,Aruba Central Switches,pendente
GSI,,,fepdc,15.0000,378.71,ITEM DO SISTEMA SEM CORRESPONDENCIA NO PDF,,852,L26-GSI-20,"CABO COAXIAL, DIÂMETRO CONDUTOR EXTERIOR:4 MM, CAPACITÂNCIA NOMINAL:101 PF/M, IMPEDÂNCIA:75 OHM, MATERIAL DO CONDUTOR:COBRE PRATEADO, COR DA COBERTURA:BRANCA, MATERIAL COBERTURA:PVC ANTI-CHAMA FLEXÍVEL, DIÂMETRO EXTERNO:4 MM, CARACTERÍSTICAS ADICIONAIS:VELOCIDADE DE PROPAGAÇÃO NOMINAL DE 66%, TIPO BLINDAGEM:COM 95% MALHA DE COBRE, APLICAÇÃO:LIGAÇÃO DE CÂMERA DE CFTV, TIPO:RG59",pendente
GSI,,,fepdc,20.0000,1800.00,ITEM DO SISTEMA SEM CORRESPONDENCIA NO PDF,,853,L26-GSI-21,Disco Rígido Removível. Capacidade Memória: 8 TB. Interface: Serial Ata (Sata III). Velocidade: 5.640 RPM,pendente
CTI,,,fepdc,200.0000,6194.22,ITEM DO SISTEMA SEM CORRESPONDENCIA NO PDF,,788,L26-CTI-21,Desktops,pendente
CTI,,,fmmp,1.0000,2233091.26,ITEM DO SISTEMA SEM CORRESPONDENCIA NO PDF,,816,L26-CTI-22,Ampliação do ambiente Nutanix,pendente
GSI,,,pgj,80.0000,450.00,ITEM DO SISTEMA SEM CORRESPONDENCIA NO PDF,,854,L26-GSI-22,Protocolos para condutas em segurança institucional.,pendente
CPPT,,,fmmp,1.0000,163599.76,ITEM DO SISTEMA SEM CORRESPONDENCIA NO PDF,,994,L26-CPPT-23,Ampliação da sede das PJ de Capitão de Campos,pendente
GSI,,,pgj,60.0000,666.00,ITEM DO SISTEMA SEM CORRESPONDENCIA NO PDF,,855,L26-GSI-23,Inteligência e Contrainteligência no contexto do MP - CAPACITAÇÃO GERAL,pendente
CPPT,,,fmmp,1.0000,108424.21,ITEM DO SISTEMA SEM CORRESPONDENCIA NO PDF,,995,L26-CPPT-24,Ampliação da sede das PJ de Gilbués,pendente
CPPT,,,fmmp,1.0000,2000000.00,ITEM DO SISTEMA SEM CORRESPONDENCIA NO PDF,,996,L26-CPPT-25,Obras Civis Construção: Construção da nova sede do MPPI em Demerval Lobão,pendente
GSI,,,fepdc,2.0000,280.00,ITEM DO SISTEMA SEM CORRESPONDENCIA NO PDF,,857,L26-GSI-25,Fechadura elétrica de sobrepor com acionamento remoto. Especificações: Acabamento: Aço inoxidável,pendente
CPPT,,,fmmp,1.0000,195000.00,ITEM DO SISTEMA SEM CORRESPONDENCIA NO PDF,,997,L26-CPPT-26,Serviço de modernização elevador PGJ,pendente
GSI,,,fepdc,2.0000,50.00,ITEM DO SISTEMA SEM CORRESPONDENCIA NO PDF,,858,L26-GSI-26,"Botoeira. Especificações: Alcance RF: 100 m sem obstáculo. Frequência: 433,92 MHz. Taxa de transmissão: 20 kbps / 2 kbps. Modulação: FSK / OOK. Alimentação: Bateria",pendente
CPPT,,,pgj,1.0000,13172.55,ITEM DO SISTEMA SEM CORRESPONDENCIA NO PDF,,998,L26-CPPT-27,Locação de Imóvel para a PJ de Regeneração -PI,pendente
CAA,,,pgj,5.0000,25.21,ITEM DO SISTEMA SEM CORRESPONDENCIA NO PDF,,590,L26-CAA-28,"Argamassa Composição: Cimento, Calcário e Aditivos, Cor: Cinza, Aplicação: Rejuntes de Placas Cerâmicas em Pisos e Paredes, Tipo: Ac II. Saco de 20 Kg",pendente
CTI,,,fmmp,200.0000,62.67,ITEM DO SISTEMA SEM CORRESPONDENCIA NO PDF,,828,L26-CTI-28,Filtro de linha,pendente
CPPT,,,fmmp,1.0000,9056.25,ITEM DO SISTEMA SEM CORRESPONDENCIA NO PDF,,1001,L26-CPPT-28,Serviço Topográficos e de Sondagem,pendente
CAA,,,pgj,100.0000,1.21,ITEM DO SISTEMA SEM CORRESPONDENCIA NO PDF,,591,L26-CAA-29,"Bloco Ceramico / Tijolo Vazado para alvenaria de dedação, 8 furos na horizontal de 9 x 19 x 29 cm (L X A X C)",pendente
CAA,,,pgj,10.0000,48.07,ITEM DO SISTEMA SEM CORRESPONDENCIA NO PDF,,592,L26-CAA-30,Cimento Portland - Material: Clinker / Tipo: Cp II. Saco de 50 Kg.,pendente
CAA,,,pgj,15.0000,48.62,ITEM DO SISTEMA SEM CORRESPONDENCIA NO PDF,,593,L26-CAA-31,"Gesso Origem: Mineral , Tipo: Estuque , Aspecto Físico: Pó , Cor: Branco , Aplicação: Construção Civil, Saco de 40 Kg.",pendente
CAA,,,pgj,30.0000,59.52,ITEM DO SISTEMA SEM CORRESPONDENCIA NO PDF,,594,L26-CAA-32,"Massa Corrida Método Aplicação: Com Espátula E Desempenadeira , Tempo Secagem: 3 H, Composição Básica: Pva - Policloreto De Vinila , Solubilidade: Água , Aplicação: Imperfeição Superfície Interna Para Pintura. Embalagem de 25 kg.",pendente
CTI,,,fmmp,1.0000,824384.00,ITEM DO SISTEMA SEM CORRESPONDENCIA NO PDF,,832,L26-CTI-32,Backup Contas M365,pendente
CAA,,,pgj,20.0000,154.33,ITEM DO SISTEMA SEM CORRESPONDENCIA NO PDF,,595,L26-CAA-33,"Massa Premium para textura lisa de base acrílica, branca de uso interno e externo. Lata/balde de 25kg.",pendente
CTI,,,fmmp,1.0000,2997.00,ITEM DO SISTEMA SEM CORRESPONDENCIA NO PDF,,976,L26-CTI-33,Treinamento e certificação: Pentest Profissional + Pentest Experience V2 + voucher para o exame DCPT,pendente
CTI,,,fmmp,2.0000,40000.00,ITEM DO SISTEMA SEM CORRESPONDENCIA NO PDF,,977,L26-CTI-34,Switches Fiber Channel,pendente
CPPT,,,pgj,1.0000,1300000.00,ITEM DO SISTEMA SEM CORRESPONDENCIA NO PDF,,1039,L26-CPPT-34,Locação de Imóvel na Zona Leste de Teresina,pendente
CAA,,,pgj,25.0000,42.50,ITEM DO SISTEMA SEM CORRESPONDENCIA NO PDF,,596,L26-CAA-34,"Forro Teto Material: Fibra Mineral , Comprimento: 1.250 Mm, Largura: 625 Mm, Espessura: 15 Mm, Características Adicionais: Revestida Em Látex/Borda Reta(Lay-In) , Cor: Branca, Tipo: Placa.",pendente
CAA,,,pgj,25.0000,49.98,ITEM DO SISTEMA SEM CORRESPONDENCIA NO PDF,,597,L26-CAA-35,"Placa / Chapa De Gesso Acartonado, Resistente A Umidade (Ru), Cor Verde, E = 12,5 Mm, 1200 X 1800 Mm (L X C)",pendente
CPPT,,,fmmp,1.0000,50000.00,ITEM DO SISTEMA SEM CORRESPONDENCIA NO PDF,,1049,L26-CPPT-36,Marcenaria para móveis planejados,pendente
CAA,,,pgj,100.0000,2.70,ITEM DO SISTEMA SEM CORRESPONDENCIA NO PDF,,598,L26-CAA-36,Telha Cerâmica Tipo Colonial,pendente
CAA,,,pgj,10.0000,24.29,ITEM DO SISTEMA SEM CORRESPONDENCIA NO PDF,,599,L26-CAA-37,"Adaptador De Conector, Conversor De Video Hdmi Para Vga, Com Conectores Hdmi (Macho) E Vga (Femea), Resolução Máxima De Video De 1080P",pendente
CTI,,,pgj,1.0000,1668028.00,ITEM DO SISTEMA SEM CORRESPONDENCIA NO PDF,,999,L26-CTI-37,Suporte de Serviço - SERVICE DESK (CENTRAL DE SERVIÇOS),pendente
CPPT,,,fmmp,1.0000,0.00,ITEM DO SISTEMA SEM CORRESPONDENCIA NO PDF,,1059,L26-CPPT-38,"Manutenção em placas de enegia renovável, sede do MPPI, Teresina",pendente
CTI,,,fmmp,15.0000,1580.00,ITEM DO SISTEMA SEM CORRESPONDENCIA NO PDF,,1005,L26-CTI-38,"Plataforma Alura, de Ensino à Distância - EAD",pendente
CAA,,,pgj,10.0000,123.71,ITEM DO SISTEMA SEM CORRESPONDENCIA NO PDF,,600,L26-CAA-38,"Cabo Elétrico Flexível Material: Cobre Eletrolítico , Revestimento: Pvc - Cloreto De Polivinila , Temperatura: 70 °C, Tensão Isolamento: 750 V, Cor: Azul , Seção Nominal Condutor: 1,5 Mm. Rolo com 100 metros. Marcas de Referências: Copperline, Sil ou Megatron",pendente
CAA,,,pgj,20.0000,851.68,ITEM DO SISTEMA SEM CORRESPONDENCIA NO PDF,,601,L26-CAA-39,"Cabo Utp Cat5e Cx Com 305Mts -Características De transmissão Verificadas Até 250 Mhz, Conforme Eia/Tia 568 B.2-1. O Prazo De Garantia Será De Nomínimo 01 (Um) Ano. Marcas de Referências: Multilaser, Furokaua e Megatron",pendente
CTI,,,fmmp,1.0000,5500000.00,ITEM DO SISTEMA SEM CORRESPONDENCIA NO PDF,,1006,L26-CTI-39,Serviços Gerenciados de Computação em Nuvem - Ready Tecnologia,pendente
CTI,,,fmmp,1.0000,1070000.00,ITEM DO SISTEMA SEM CORRESPONDENCIA NO PDF,,1028,L26-CTI-40,Fábrica de Software,pendente
CAA,,,pgj,4.0000,850.55,ITEM DO SISTEMA SEM CORRESPONDENCIA NO PDF,,602,L26-CAA-40,"Cabo Elétrico; De Cobre; Capa Termoplastica Anti-Chama; Tensao De Isolamento P/ 450/750 V; Cabo Tipo Flexivel; Cores Diversas - 10 Mm -Padrao Abnt. Rolo com 100 metros. Marcas de Referências: Copperline, Sil ou Megatron",pendente
CAA,,,pgj,4.0000,216.92,ITEM DO SISTEMA SEM CORRESPONDENCIA NO PDF,,603,L26-CAA-41,"Cabo Flexível Preto 2,5Mm² X 100M: Fios De Cobre, Têmpera Mole, Classe 4; Composto Termoplástico Pvc Tipo Bwf (Antichamas); Isolação Em Dupla Camada; 450/750V; Atender Nbr Nm 247-2 E 247-3 E 280. Rolo com 100 metros. Marcas de Referências: Copperline, Sil ou Megatron",pendente
CAA,,,pgj,5.0000,372.23,ITEM DO SISTEMA SEM CORRESPONDENCIA NO PDF,,604,L26-CAA-42,"Cabo Elétrico Flexível - Tensão Isolamento: 450/750 V, Tipo: Unipolar, Cor Da Cobertura: Vermelha, Material Do Condutor: Cobre, Material Cobertura: Composto Termoplástico Antichama, Bitola: 4,0 Mm. Rolo com 100 metros. Marcas de Referências: Copperline, Sil ou Megatron",pendente
CAA,,,pgj,5.0000,426.36,ITEM DO SISTEMA SEM CORRESPONDENCIA NO PDF,,605,L26-CAA-43,"Cabo Elétrico Flexível - Tensão Isolamento: 450/750 V, Tipo: Unipolar, Cor Da Cobertura: Preta, Material Do Condutor: Cobre, Material Cobertura: Composto Termoplástico Antichama, Bitola: 6 Mm. Rolo com 100 metros. Marcas de Referências: Copperline, Sil ou Megatron",pendente
CTI,,,fmmp,11.0000,1543.08,ITEM DO SISTEMA SEM CORRESPONDENCIA NO PDF,,1050,L26-CTI-43,Soluçao de Tecnologia e Comunicação de Licenças do Software Microsoft Power Bi Premium per User (CFQ7TTC0HL8W-0001) POR 12 MESES.,pendente
CAA,,,pgj,200.0000,3.27,ITEM DO SISTEMA SEM CORRESPONDENCIA NO PDF,,607,L26-CAA-45,"Caixa Para Embutir, Em Pvc, Termoplastico; Na Cor Amarela, Medindo 4 X 2 Polegadas, Caixa De Luz; Alta Resistencia; Para Fixacao De Interruptores E Tomadas Eletricas, Passagem De Eletrodutos E Cabos Eletricos; Para Parede De Alvenaria; Sem Acessorios, Sistema De Fixacao Regulaveis; De Acordo Com A Legislacao Vigente.",pendente
CAA,,,pgj,200.0000,8.54,ITEM DO SISTEMA SEM CORRESPONDENCIA NO PDF,,608,L26-CAA-46,"Canaleta - Material: Pvc - Cloreto De Polivinila, Aplicação: Instalação Elétrica, Cor: Branca, Dimensões: 20 X 10 X 2000 Mm, Tipo: Com Tampa, Características Adicionais: Com Divisória / Com Adesivo Dupla Face.",pendente
CTI,,,fmmp,1.0000,2920491.00,ITEM DO SISTEMA SEM CORRESPONDENCIA NO PDF,,1063,L26-CTI-46,Gestão e Controle de Contas de Usuários Privilegiados(PAM- PRIVILEGED ACCESS MANAGEMENT),pendente
CAA,,,pgj,5.0000,5.79,ITEM DO SISTEMA SEM CORRESPONDENCIA NO PDF,,609,L26-CAA-47,Chave De Teste Elétrico - Chave De Teste Digital De Voltagem 12V A 220.,pendente
CTI,,,fmmp,1.0000,3000000.00,ITEM DO SISTEMA SEM CORRESPONDENCIA NO PDF,,1073,L26-CTI-48,Gestão e Controle de Contas de Usuários Privilegiados(PAM- PRIVILEGED ACCESS MANAGEMENT),pendente
CAA,,,pgj,40.0000,161.27,ITEM DO SISTEMA SEM CORRESPONDENCIA NO PDF,,610,L26-CAA-48,"Conector Cabo Par Trançado Tipo: Macho , Modelo: Rj45 , Quantidade Vias: 8 , Categoria: 5E , Características Adicionais: Padrão T568 A/B , Aplicação: Para Cabo Utp. Pacote com 500 unidades.",pendente
CAA,,,pgj,700.0000,9.44,ITEM DO SISTEMA SEM CORRESPONDENCIA NO PDF,,611,L26-CAA-49,"Conector Cabo Par Trançado Tipo: Fêmea , Modelo: Rj45 , Quantidade Vias: 8 , Quantidade Contatos: 8 , Categoria: 5E",pendente
CAA,,,pgj,5.0000,36.74,ITEM DO SISTEMA SEM CORRESPONDENCIA NO PDF,,612,L26-CAA-50,"Detector E Teste De Alta Tensao, Para Tensao Alternada, Manual E Portatil, Sem Contato, Alimentacao 2X Pilha 1.5 V Aaa, 50 / 60 Hz, Por Aproximacao Ao Campo Eletrico, Tamanho De Bolso, Faixa De Aplicacao 90 A 1000 Vca, Revestimento Em Material Isolante, Seguranca Cat Iv 1000 V, Indicacao Luminosa E Sonora, Peso Maximo 100 G, Em Embalagem Apropriada, Sem Adaptador, Temperatura 0 A 50 ºc.",pendente
CAA,,,pgj,25.0000,28.80,ITEM DO SISTEMA SEM CORRESPONDENCIA NO PDF,,613,L26-CAA-51,"Disjuntor Termomagnético, Tensão De Trabalho/Operação: 250/440V, Corrente Nominal: 25A, 2 Polos, Curva De Disparo: C, Fixação Em Perfil Din, Secção Dos Condutores: 0,75 A 25 Mm², Capacidade De Interrupção(Icn): 5Ka Em 127/220V, Vida Útil Com Cargas: 20.000 Atuações, Com Certificação Do Inmetro.",pendente
CAA,,,pgj,20.0000,74.75,ITEM DO SISTEMA SEM CORRESPONDENCIA NO PDF,,614,L26-CAA-52,"Eletroduto - Material: Pvc, Tipo: Flexível Corrugado, Bitola: 25 Mm/1 pol. Rolo com 50 metros.",pendente
CAA,,,pgj,20.0000,10.55,ITEM DO SISTEMA SEM CORRESPONDENCIA NO PDF,,615,L26-CAA-53,"Eletroduto “Rígido 3/4” (25 Mm) - Fabricados Em Pvc, Anti-Chama, Em Tubos Fornecidos Em Barras De 3 Metros, Com Rosca Nas Duas Extremidades, Classificação Ip (Índice De Proteção) 40, Conforme Norma Nbr 15465 E Nbr Nm Iso 7-1.",pendente
CAA,,,pgj,80.0000,3.38,ITEM DO SISTEMA SEM CORRESPONDENCIA NO PDF,,616,L26-CAA-54,"Espelho Para Tomadas E Interruptores; De Pvc Rigido; Para Caixa De Parede, Tipo Placa Cega; No Formato Retangular; Nas Dimensoes 4X2; Branca.",pendente
CAA,,,pgj,300.0000,5.92,ITEM DO SISTEMA SEM CORRESPONDENCIA NO PDF,,617,L26-CAA-55,"Espelho Tomada Material: Pvc , Aplicação: Instalação Rede De Informática , Cor: Cinza , Características Adicionais: Para 1 Tomada Modelo Rj45/Com Janela De Proteção , Formato: 4 X 2.",pendente
CAA,,,pgj,500.0000,6.13,ITEM DO SISTEMA SEM CORRESPONDENCIA NO PDF,,618,L26-CAA-56,"Espelho Tomada - Material: Pvc, Aplicação: Instalação Elétrica, Cor: Cinza-Claro, Características Adicionais: Para 2 Tomadas Modelo Rj45/Com Janela De Proteçao, Formato: 4 X 2 Pol.",pendente
CAA,,,pgj,25.0000,52.27,ITEM DO SISTEMA SEM CORRESPONDENCIA NO PDF,,619,L26-CAA-57,"Extensão Elétrica Componentes: 3 Tomadas Fêmeas E Plugue Terra , Comprimento: 10 M, Corrente Nominal: 10 A, Tipo: Flexível , Normas Técnicas: Nbr 14136 , Tensão Nominal: 250V",pendente
CAA,,,pgj,5.0000,24.27,ITEM DO SISTEMA SEM CORRESPONDENCIA NO PDF,,620,L26-CAA-58,"Conversor Cabo Coaxial Aplicação: Cabo De Rede Cat 5E E Cat 6 , Finalidade: Extender Conteúdo Hdmi Full Hd Por Grandes Distânc , Características Adicionais: Extensor De 30 Metros Com Pigtail , Saída Vídeo: Padrão 4K - Rede Rj45",pendente
CAA,,,pgj,100.0000,27.56,ITEM DO SISTEMA SEM CORRESPONDENCIA NO PDF,,621,L26-CAA-59,"Fita Isolante 3M, Adesiva Antichama, Uso Ate 750 V, Em Rolo De 19 Mm X 20 M.",pendente
CAA,,,pgj,50.0000,16.19,ITEM DO SISTEMA SEM CORRESPONDENCIA NO PDF,,622,L26-CAA-60,"Interruptor, Tipo: Duplo, Quantidade Pólos: 2 Un, Tipo Acionamento: Tecla Simples Horizontal, Tensão Nominal: 250 V, Corrente Nominal: 10 A, Material: Termoplástico Auto-Extinguível.",pendente
CAA,,,pgj,100.0000,26.05,ITEM DO SISTEMA SEM CORRESPONDENCIA NO PDF,,623,L26-CAA-61,Lampada Tubular Led T5 9W 6000K 55Cm Bivolt,pendente
CAA,,,pgj,500.0000,13.52,ITEM DO SISTEMA SEM CORRESPONDENCIA NO PDF,,624,L26-CAA-62,"Lampada Led Tubular Bivolt 18/20 W, Base G13 de 120 cm.",pendente
CAA,,,pgj,500.0000,11.90,ITEM DO SISTEMA SEM CORRESPONDENCIA NO PDF,,625,L26-CAA-63,"Lampada Led Tubular Bivolt 9/10 W, Base G13 de 60 cm.",pendente
CAA,,,pgj,150.0000,6.63,ITEM DO SISTEMA SEM CORRESPONDENCIA NO PDF,,626,L26-CAA-64,"Lampada Led, Bulbo, Soquete E27, Potencia 9W, Tensao Bivolt 100~240V, Temperatura 6000K Branco Frio.",pendente
CAA,,,pgj,50.0000,21.64,ITEM DO SISTEMA SEM CORRESPONDENCIA NO PDF,,627,L26-CAA-65,"Luminaria De Emergencia 30 Leds, Potencia 2 W, Bateria De Litio, Autonomia De 6 Horas.",pendente
CAA,,,pgj,150.0000,25.31,ITEM DO SISTEMA SEM CORRESPONDENCIA NO PDF,,628,L26-CAA-66,"Painel Led Slim De Embutir, Luminária Redonda (225Mm X 210Mm X 20Mm), Bivolt, 18W De Potência, Fonte De Alimentacao Incorporada, Fluxo Luminoso Minimo De 1260 Lumens, Temperatura De Cor De 6500K (Branca Fria), Fator De Potencia Minimo De 0,8, Grau De Protecao Ip40, Vida Util Minima De 50.000 Horas, Angulo De Iluminacao Minimo De 120 Graus, Conforme As Normas Nbr/Abnt E Inmetro Vigentes.",pendente
CAA,,,pgj,150.0000,24.69,ITEM DO SISTEMA SEM CORRESPONDENCIA NO PDF,,629,L26-CAA-67,"Luminaria De Led, Corpo Em Aluminio, Poliestireno E Metal, Formato Quadrado; Modelo Plafon De Sobrepor, Medindo Aproximadamente 205 X 205 Mm, Altura De 24 Mm, Na Cor Branca, Potencia De 18W, Ac 110-220V (Bivolt), Fonte De Alimentacao Incorporada, Fluxo Luminoso Minimo De 1260 Lumens, Temperatura De Cor De 6500K (Branca Fria), Fator De Potencia Minimo De 0,8, Grau De Protecao Ip40, Vida Util Minima De 50.000 Horas, Angulo De Iluminacao Minimo De 120 Graus, Conforme As Normas Nbr/Abnt E Inmetro Vigentes.",pendente
CAA,,,pgj,150.0000,21.14,ITEM DO SISTEMA SEM CORRESPONDENCIA NO PDF,,630,L26-CAA-68,"Luminaria De Led, Corpo Em Aluminio E Difusor Em Poliestireno, Formato Redondo, Modelo Plafon De Sobrepor, Medindo Aproximadamente 225Mm De Diametro X 25Mm De Altura, Na Cor Branca, Potencia De 18W, Bivolt, Fonte De Alimentacao Incorporada, Fluxo Luminoso Minimo De 1300 Lumens, Temperatura De Cor De 6000 A 6500K (Branca Fria), Fator De Potencia Minimo De 0,9, Irc Minimo De 70, Grau De Proteçao Ip20, Vida Util Minima De 25000 horas, ângulo de iluminação minimo de 105 graus, conforme normas NBR/ABNT e INMETRO vigentes.",pendente
CAA,,,pgj,20.0000,42.61,ITEM DO SISTEMA SEM CORRESPONDENCIA NO PDF,,631,L26-CAA-69,"Luminaria De Led, Tipo Refletor, Formato Retangular, Na Cor Branca, Potencia 50 W, Tensao 100 - 240 V Ca / 50-60 Hz, Fluxo Luminoso 3500 Lm, Temperatura De Cor 6500K (Luz Branca Fria), Fator De Potencia > 0,92, Grau De Protecao Ip 65, Vida Util Minima De 30000 Horas, Eficiencia 70Lm/W, Resistente A Agua, Brisa Moderada, Angulo De Iluminacao 120.",pendente
CAA,,,pgj,20.0000,16.83,ITEM DO SISTEMA SEM CORRESPONDENCIA NO PDF,,632,L26-CAA-70,"Luminaria Led Refletor Retangular Bivolt, Luz Branca, 10 W.",pendente
CAA,,,pgj,20.0000,20.17,ITEM DO SISTEMA SEM CORRESPONDENCIA NO PDF,,633,L26-CAA-71,"Luminaria Led Refletor Retangular Bivolt, Luz Branca, 30 W.",pendente
CAA,,,pgj,120.0000,29.49,ITEM DO SISTEMA SEM CORRESPONDENCIA NO PDF,,634,L26-CAA-72,"Luminária Led Embutir Quadrada - Painel Led 18W 1500 Lm Embutir Quadrado Branco Frio 6500K Bivolt; Material: Metal E Policarbonato Branco; Vida Útil De 50.000 Horas; Icr 80 (Índice De Reprodução De Cor); Fator De Potência >0,99; Dimensões 22,5 X 22,5 X 3",pendente
CAA,,,pgj,40.0000,11.68,ITEM DO SISTEMA SEM CORRESPONDENCIA NO PDF,,635,L26-CAA-73,"Luminária Tipo: Tartaruga , Material Corpo: Termoplástico De Engenharia , Quantidade Lâmpadas: 1 Un, Tipo Soquete: Cerâmico Com Base E-27 , Material Difusor: Acrílico Transparente , Fixação: Encaixe , Potência Nominal Lâmpada: 100.",pendente
CAA,,,pgj,5.0000,24.84,ITEM DO SISTEMA SEM CORRESPONDENCIA NO PDF,,636,L26-CAA-74,"Passa Fio, Material Aço Comprimento 20 M Características Adicionais Com Ponta Flexível.",pendente
CAA,,,pgj,10.0000,59.75,ITEM DO SISTEMA SEM CORRESPONDENCIA NO PDF,,637,L26-CAA-75,Refletor De Led 100W Luz 3000K 220V Uso Externo.,pendente
CAA,,,pgj,100.0000,1.24,ITEM DO SISTEMA SEM CORRESPONDENCIA NO PDF,,638,L26-CAA-76,Soquete Para Lampada Led Tubular T8.,pendente
CAA,,,pgj,80.0000,10.62,ITEM DO SISTEMA SEM CORRESPONDENCIA NO PDF,,639,L26-CAA-77,"Tomada - Simples, Aplicação: Instalação Elétrica, Corrente Nominal: 10 A, Normas Técnicas: Nbr 14136, Cor Corpo: Branca, Tensão Nominal: 250 V.",pendente
CAA,,,pgj,80.0000,27.22,ITEM DO SISTEMA SEM CORRESPONDENCIA NO PDF,,640,L26-CAA-78,Tomada 2P+ 1T de 10A 4X2 Tripla Completo.,pendente
CAA,,,pgj,80.0000,10.26,ITEM DO SISTEMA SEM CORRESPONDENCIA NO PDF,,641,L26-CAA-79,Tomada Dupla 2P+T 10A 250V Em Placa 4X2 De Embutir Branca,pendente
CAA,,,pgj,500.0000,3.42,ITEM DO SISTEMA SEM CORRESPONDENCIA NO PDF,,642,L26-CAA-80,"Caixa Passagem Material: Pvc Rígido Anti-Chama , Aplicação: Parede Drywall , Posição Relativa: Embutir , Dimensões: 4 X 2.",pendente
CAA,,,pgj,80.0000,14.11,ITEM DO SISTEMA SEM CORRESPONDENCIA NO PDF,,643,L26-CAA-81,"Interruptor Simples 10A, 250V, Conjunto Montado Para Embutir 4"" X 2"" (Placa + Suporte + Modulo)",pendente
CAA,,,pgj,2.0000,71.54,ITEM DO SISTEMA SEM CORRESPONDENCIA NO PDF,,644,L26-CAA-82,"Multímetro Tensão Ac: 600/1000 V, Corrente Dc: 200/60/600/1000 A, Corrente Ac: 60/600/1000 A, Resistência: 600/6K/60K/600K/6M/60 Mohm, Características Adicionais: Display Lcd 3.3/4 Dígitos, 6000 Contagens , Tensão Dc: 600/1000 V, Tipo: Digital , Sensibilidade: 20 Mohms, Ac/Dc , Capacidade: 1000 V , Funcionamento: 2 Baterias 1,5V (Aaa) , Dimensões: 190 X 70 X 30 M.",pendente
CAA,,,pgj,50.0000,58.32,ITEM DO SISTEMA SEM CORRESPONDENCIA NO PDF,,645,L26-CAA-83,"Fechadura Espelho Para Porta De Banheiro, Em Aco Inox (Maquina, Testa E Contra- Testa) E Em Zamac (Macaneta, Lingueta E Trincos) Com Acabamento Cromado, Maquina De 40 Mm, Incluindo Chave Tipo Tranqueta.",pendente
CAA,,,pgj,50.0000,80.16,ITEM DO SISTEMA SEM CORRESPONDENCIA NO PDF,,646,L26-CAA-84,"Fechadura Espelho Para Porta De Banheiro, Em Aco Inox (Maquina, Testa E Contra-Testa) E Em Zamac (Macaneta, Lingueta E Trincos) Com Acabamento Cromado, Maquina De 55 Mm, Incluindo Chave Tipo Tranqueta (Conjunto De Fechaduras)",pendente
CAA,,,pgj,50.0000,62.00,ITEM DO SISTEMA SEM CORRESPONDENCIA NO PDF,,647,L26-CAA-85,"Fechadura Espelho Para Porta Externa, Em Aco Inox (Maquina, Testa E Contra-Testa) E Em Zamac (Macaneta, Lingueta E Trincos) Com Acabamento Cromado, Maquina De 40 Mm, Incluindo Chave Tipo Cilindro",pendente
CAA,,,pgj,7.0000,876.34,ITEM DO SISTEMA SEM CORRESPONDENCIA NO PDF,,648,L26-CAA-86,"Kit Porta Pronta De Madeira, Folha Leve (Nbr 15930) De 800 X 2100 Mm, De 35 Mm A 40 Mm De Espessura, Com Marco Em Aco, Nucleo Colmeia, Capa Lisa Em Hdf, Acabamento Melaminico Branco (Inclui Marco, Alizares, Dobradicas E Fechadura)",pendente
CAA,,,pgj,7.0000,314.85,ITEM DO SISTEMA SEM CORRESPONDENCIA NO PDF,,649,L26-CAA-87,"Porta De Madeira, Folha Media (Nbr 15930) De 800 X 2100 Mm, De 35 Mm A 40 Mm De Espessura, Nucleo Semi-Solido (Sarrafeado), Capa Lisa Em Hdf, Acabamento Em Primer Para Pintura.",pendente
CAA,,,pgj,7.0000,871.55,ITEM DO SISTEMA SEM CORRESPONDENCIA NO PDF,,650,L26-CAA-88,"Kit Porta Pronta De Madeira, Folha Leve (Nbr 15930) De 600 X 2100 Mm, De 35 Mm A 40 Mm De Espessura, Com Marco Em Aco, Nucleo Colmeia, Capa Lisa Em Hdf, Acabamento Melaminico Branco (Inclui Marco, Alizares, Dobradicas E Fechadura)",pendente
CAA,,,pgj,2.0000,303.48,ITEM DO SISTEMA SEM CORRESPONDENCIA NO PDF,,651,L26-CAA-89,"Escada Dupla De Abrir Em Aluminio, Modelo Pintor, 8 Degraus.",pendente
CAA,,,pgj,10.0000,22.45,ITEM DO SISTEMA SEM CORRESPONDENCIA NO PDF,,652,L26-CAA-90,"Eletrodo Aws E-6013 (Ok 46.00; Wi 613) D = 2,5Mm ( Solda Eletrica ). Embalagem com 1 KG.",pendente
CAA,,,pgj,5.0000,88.38,ITEM DO SISTEMA SEM CORRESPONDENCIA NO PDF,,653,L26-CAA-91,"Alicate Crimpador De Cabo De Rede Rj45 / Rj11, Com Catraca W, Cabo Com Isolação Emborrachada. Marcas de Referência: Tramontina, Stanley e Vonder.",pendente
CAA,,,pgj,10.0000,40.39,ITEM DO SISTEMA SEM CORRESPONDENCIA NO PDF,,654,L26-CAA-92,"Alicate Para Uso Geral, Tipo Universal, Em Aco Cromo Vanadio, Com Tratamento Termico Total E Inducao No Corte, Medindo 8 Polegadas, Com Cabo Isolado Em Pvc Para Ate 1000 V, Acabamento Fosfatizado, Com Faces Lixadas, Com Bico Reto para corte duro.",pendente
CAA,,,pgj,5.0000,155.34,ITEM DO SISTEMA SEM CORRESPONDENCIA NO PDF,,655,L26-CAA-93,"Alongador Para Rolo De Pintura, De Alumínio Polido, Com Comprimento De 5 Metros, Tipo Telescópico, Com Diametro De 3/4 Polegada, Revestido De Cabo Com Diametro De 30 Mm",pendente
CAA,,,pgj,5.0000,25.51,ITEM DO SISTEMA SEM CORRESPONDENCIA NO PDF,,656,L26-CAA-94,"Arco De Serra, Tipo Regulavel, No Tamanho De 8"" 10"" E 12"", Cabo Fechado, Revestimento Emborrachado, Acabamento Anticorrosivo.",pendente
CAA,,,pgj,5.0000,20.93,ITEM DO SISTEMA SEM CORRESPONDENCIA NO PDF,,657,L26-CAA-95,"Desempenadeira Manual Material: Aço , Comprimento: 29 Cm, Largura: 12 Cm, Aplicação: Serviços De Obras , Características Adicionais: Lisa",pendente
CAA,,,pgj,5.0000,18.59,ITEM DO SISTEMA SEM CORRESPONDENCIA NO PDF,,658,L26-CAA-96,"Desempenadeira Manual Material: Aço , Comprimento: 25 Cm, Largura: 12 Cm, Aplicação: Argamassa , Características Adicionais: Com Dentes",pendente
CAA,,,pgj,5.0000,17.90,ITEM DO SISTEMA SEM CORRESPONDENCIA NO PDF,,659,L26-CAA-97,"Espatula De Aco Inox Com Cabo De Madeira, Largura 8 Cm",pendente
CAA,,,pgj,5.0000,10.63,ITEM DO SISTEMA SEM CORRESPONDENCIA NO PDF,,660,L26-CAA-98,"Espatula De Plastico Lisa, Largura 10 Cm.",pendente
CAA,,,pgj,5.0000,267.41,ITEM DO SISTEMA SEM CORRESPONDENCIA NO PDF,,661,L26-CAA-99,"Fio Material: Nylon, Bitola: 3 Mm, Cor: Amarela , Aplicação: Roçadeira, Comprimento: 325.",pendente
CAA,,,pgj,30.0000,15.06,ITEM DO SISTEMA SEM CORRESPONDENCIA NO PDF,,662,L26-CAA-100,"Lâmina Serra Manual - Material: Aço Flexível, Quantidade Dentes: 32 Dentes Por Polegada, Largura: 1/2"" Pol, Comprimento: 12"" Pol.",pendente
CAA,,,pgj,3.0000,34.30,ITEM DO SISTEMA SEM CORRESPONDENCIA NO PDF,,663,L26-CAA-101,"Martelo Material: Ferro , Material Cabo: Madeira , Tipo: Unha , Tamanho: 27 mm",pendente
CAA,,,pgj,3.0000,15.12,ITEM DO SISTEMA SEM CORRESPONDENCIA NO PDF,,664,L26-CAA-102,"Serrote, Para Gesso, Lamina De Aco Temperado, Comprimento De Corte Do Serrote 6"" - 152 Mm, Numero De Dentes Por Polegada - 9 Dentes, Ponta Afiada Para Furo Inicial,Dupla Linha De Corte E Dentes Travados Com Precisao, Cabo Ergonomico De Plastico Rigido Abs,Recoberto Com Borracha Termoplastica.",pendente
CAA,,,pgj,3.0000,58.52,ITEM DO SISTEMA SEM CORRESPONDENCIA NO PDF,,665,L26-CAA-103,"Tesoura Poda Comprimento Cabo: 21,50 Cm, Aplicação: Jardinagem , Tipo Uso: Para Cerca Viva , Material Cabo: Madeira , Peso: 730 G, Material Lâmina: Aço Sae 1.060.",pendente
CAA,,,pgj,10.0000,32.66,ITEM DO SISTEMA SEM CORRESPONDENCIA NO PDF,,666,L26-CAA-104,"Trena, Em Fita De Aco, Com Trava De Botao, Graduacao Em Escala Metrica E polegadas, Retorno Automatico, Ponta Magnetica, 5 Metros.",pendente
CAA,,,pgj,5.0000,70.22,ITEM DO SISTEMA SEM CORRESPONDENCIA NO PDF,,667,L26-CAA-105,"Roda Pneu Macico Eva Plus Para Carrinho De Mao, Eixo De 27 Mm, Peca Unica, Sem Camara, Medindo ( 155X360x360 ) Mm, Suporta Ate 180 Kg.",pendente
CAA,,,pgj,30.0000,31.42,ITEM DO SISTEMA SEM CORRESPONDENCIA NO PDF,,668,L26-CAA-106,"Abraçadeira De Nylon 4,8Mm X 450Mm, Pacote Com 100 Unidades",pendente
CAA,,,pgj,50.0000,3.74,ITEM DO SISTEMA SEM CORRESPONDENCIA NO PDF,,669,L26-CAA-107,"Abracadeira Em Aco Para Amarracao De Eletrodutos, Tipo U Simples, Com 2 1/2""",pendente
CAA,,,pgj,50.0000,7.58,ITEM DO SISTEMA SEM CORRESPONDENCIA NO PDF,,670,L26-CAA-108,"Broca Para Concreto, Tipo De Encaixe Sds Plus, De 8Mm De Diametro, 150Mm Comprimento Util, 210Mm Comprimento Total.",pendente
CAA,,,pgj,50.0000,6.87,ITEM DO SISTEMA SEM CORRESPONDENCIA NO PDF,,671,L26-CAA-109,"Broca Para Concreto, Tipo Sds Plus (Encaixe Rapido), Corpo Em Aco Cromo Vanadio Com Pastilha De Metal Na Ponta (Widea), De 6 Mm De Diametro, Com Comprimento De 160Mm.",pendente
CAA,,,pgj,50.0000,10.19,ITEM DO SISTEMA SEM CORRESPONDENCIA NO PDF,,672,L26-CAA-110,Broca Para Ferro 10 Mm.,pendente
CAA,,,pgj,50.0000,7.61,ITEM DO SISTEMA SEM CORRESPONDENCIA NO PDF,,673,L26-CAA-111,Broca Para Ferro 6 Mm.,pendente
CAA,,,pgj,50.0000,7.79,ITEM DO SISTEMA SEM CORRESPONDENCIA NO PDF,,674,L26-CAA-112,Broca Para Ferro 8 Mm.,pendente
CAA,,,pgj,400.0000,0.89,ITEM DO SISTEMA SEM CORRESPONDENCIA NO PDF,,675,L26-CAA-113,"Bucha De Nylon com Aba S10, Com Parafuso De 6,10 X 65 Mm Em Aco Zincado Com Rosca Soberba, Cabeca Chata E Fenda Phillips",pendente
CAA,,,pgj,400.0000,1.14,ITEM DO SISTEMA SEM CORRESPONDENCIA NO PDF,,676,L26-CAA-114,"Bucha De Nylon com Aba S6, Com Parafuso De 4,20 X 40 Mm Em Aco Zincado Com Rosca Soberba, Cabeca Chata E Fenda Phillips",pendente
CAA,,,pgj,500.0000,0.44,ITEM DO SISTEMA SEM CORRESPONDENCIA NO PDF,,677,L26-CAA-115,"Bucha De Nylon com Aba S8, Com Parafuso De 4,80 X 50 Mm Em Aco Zincado Com Rosca Soberba, Cabeca Chata E Fenda Phillips",pendente
CAA,,,pgj,25.0000,39.19,ITEM DO SISTEMA SEM CORRESPONDENCIA NO PDF,,678,L26-CAA-116,"Cadeado Simples, Corpo Em Latao Macico, Com Largura De 35 Mm E Altura De Aprox 30 Mm, Haste Cementada (Nao Longa), Em Aco Temperado Com Diametro De Aprox 6,0 Mm, Incluindo 2 Chaves.",pendente
CAA,,,pgj,30.0000,23.45,ITEM DO SISTEMA SEM CORRESPONDENCIA NO PDF,,679,L26-CAA-117,"Desengripante Multiuso Em Spray De 300Ml Padrão Equivalente, Similar Ou De Melhor Qualidade Ao Produto Referência Wd-40-K31, Do Fabricante Wd-40.",pendente
CAA,,,pgj,50.0000,17.76,ITEM DO SISTEMA SEM CORRESPONDENCIA NO PDF,,681,L26-CAA-119,"Disco Corte Material: Aço Diamantado, Diâmetro: 110Mm, Diâmetro Furo: 20Mm, Aplicação: Mármore/Cerâmica/Pedra/Granito, Características Adicionais: Corte A Seco.",pendente
CAA,,,pgj,50.0000,10.79,ITEM DO SISTEMA SEM CORRESPONDENCIA NO PDF,,682,L26-CAA-120,Disco De Corte Para Metal 7 Polegadas 1/8 7/8,pendente
CAA,,,pgj,10.0000,16.66,ITEM DO SISTEMA SEM CORRESPONDENCIA NO PDF,,683,L26-CAA-121,"Fita Adesiva, Material Vinil Tipo Monoface Largura 50 Mm Comprimento 30 M Cor Vermelha Aplicação Sinalização Solo.",pendente
CAA,,,pgj,10.0000,10.97,ITEM DO SISTEMA SEM CORRESPONDENCIA NO PDF,,684,L26-CAA-122,"Fita Adesiva Material: Crepe , Tipo: Monoface , Largura: 50 Mm, Comprimento: 50 M, Cor: Amarela , Aplicação: Multiuso",pendente
CAA,,,pgj,5.0000,111.48,ITEM DO SISTEMA SEM CORRESPONDENCIA NO PDF,,685,L26-CAA-123,"Fita Antiderrapante Material: Filme De Poliéster E Óxido De Alumínio , Largura: 50 Mm, Espessura: 5 Mm, Cor: Cinza , Aplicação: Superfícies Planas (Escadas, Rampas E Corredores) , Comprimento: 20 M, Características Adicionais: Adesivo De Borracha, À Prova D'água",pendente
CAA,,,pgj,20.0000,88.47,ITEM DO SISTEMA SEM CORRESPONDENCIA NO PDF,,686,L26-CAA-124,"Fita Adesiva - Material: Acetato, Tipo: Dupla Face, Largura: 19 Mm, Comprimento: 30 M, Aplicação: Multiuso.",pendente
CAA,,,pgj,20.0000,9.60,ITEM DO SISTEMA SEM CORRESPONDENCIA NO PDF,,687,L26-CAA-125,"Fita Sinalização Material: Plástico , Comprimento: 200 M, Largura: 7 Cm, Cor: Preta E Amarela , Aplicação: Demarcação E Isolamento.",pendente
CAA,,,pgj,5.0000,5.81,ITEM DO SISTEMA SEM CORRESPONDENCIA NO PDF,,688,L26-CAA-126,"Grafite Em Po, Tipo Lubrificante Em Po, Grafite Mineral Micropulverizado, Cinza Escuro, Para Lubrificacao, Embalagem Com Bico Aplicador. Bisnaga com 25g.",pendente
CAA,,,pgj,100.0000,1.63,ITEM DO SISTEMA SEM CORRESPONDENCIA NO PDF,,689,L26-CAA-127,"Lixa Em Folha Para Parede Ou Madeira, Numero 120 (Cor Vermelha)",pendente
CAA,,,pgj,100.0000,2.42,ITEM DO SISTEMA SEM CORRESPONDENCIA NO PDF,,690,L26-CAA-128,"Lixa Material: Óxido Alumínio , Tipo: Lixa Ferro , Apresentação: Folha , Tipo Grão: 220 , Comprimento: 275 Mm, Largura: 225 Mm, Tipo Costado: Pano",pendente
CAA,,,pgj,10.0000,26.22,ITEM DO SISTEMA SEM CORRESPONDENCIA NO PDF,,691,L26-CAA-129,"Prego Com Cabeca, Material: Aco, Tipo Cabeca: Chata, Tipo Corpo: Liso, Tipo Ponta: Comum, Acabamento Superficial: Galvanizado, Bitola: 17 X 27. Embalagem com 1 kg.",pendente
CAA,,,pgj,2.0000,102.76,ITEM DO SISTEMA SEM CORRESPONDENCIA NO PDF,,692,L26-CAA-130,"Rebite Pop - Material: Alumínio, Tipo: Repuxo, Diâmetro Corpo: 4 Mm, Comprimento: 10 Mm. Caixa com 1000 unid.",pendente
CAA,,,pgj,20.0000,40.36,ITEM DO SISTEMA SEM CORRESPONDENCIA NO PDF,,693,L26-CAA-131,"Kit De Instalação De Gás De Cozinha Para Botijão 13Kg Composto De 01 Mangueira De No Mínimo 1,25M, 02 Abraçadeiras, 01 Regulador De Pressão Com Registro Borboleta, Homologados E Aprovados Pelo Inmetro E Pela Abnt. Garantia: 05 (Cinco) Anos.",pendente
CAA,,,pgj,10.0000,34.41,ITEM DO SISTEMA SEM CORRESPONDENCIA NO PDF,,694,L26-CAA-132,"Roldana Material: Aço , Diâmetro: 3 Pol, Uso: Portão Corrediço , Aplicação: Sobre Trilhos , Modelo: Canal V , Características Adicionais: Simples, Tipo Carretel.",pendente
CAA,,,pgj,20.0000,41.21,ITEM DO SISTEMA SEM CORRESPONDENCIA NO PDF,,695,L26-CAA-133,"Dispenser De Sabonete Liquido / Alcool Em Gel – De Manuseio Pratico E Fácil De Ser Instalado. Abertura Inteligente E Segura Dispensa Chave, Resistência Alto Impacto – Os, Reservatório De 800 Ml. Processo De Produção Por Injeção Termoplástica, Cor: Branco Peso Aproximado: 0,300 G, Medidas L X A X P: 10,5 X 25,5 X 11 Cm.",pendente
CAA,,,pgj,20.0000,39.25,ITEM DO SISTEMA SEM CORRESPONDENCIA NO PDF,,696,L26-CAA-134,"Dispenser Papel Toalha Material: Plástico , Tipo: Interfolha , Cor: Branca , Características Adicionais: Visor E Chave , Dimensões: 28,5 X 25,5 X 14 C",pendente
CAA,,,pgj,30.0000,94.22,ITEM DO SISTEMA SEM CORRESPONDENCIA NO PDF,,697,L26-CAA-135,"Ducha Higiênica Completa Em Metal de 1/2 """,pendente
CAA,,,pgj,25.0000,8.31,ITEM DO SISTEMA SEM CORRESPONDENCIA NO PDF,,698,L26-CAA-136,Adesivo Plástico para PVC. Bisnaga com 75g.,pendente
CAA,,,pgj,100.0000,69.98,ITEM DO SISTEMA SEM CORRESPONDENCIA NO PDF,,699,L26-CAA-137,"Assento Sanitario, De Polipropileno, Almofadado, Com Tampa Em Polipropileno, Para Bacia Universal, De Formato Oval, Deverá Ser Fornecido Com 02 Parafusos Com Porcas Em Polipropileno. Cor Branca. Marcas de Referência: Astra, Herc ou Atlas.",pendente
CAA,,,pgj,5.0000,365.00,ITEM DO SISTEMA SEM CORRESPONDENCIA NO PDF,,700,L26-CAA-138,"Bacia Sanitaria (Vaso) Com Caixa Acoplada, Sifao Aparente, De Louca Branca (Sem Assento).",pendente
CAA,,,pgj,40.0000,84.58,ITEM DO SISTEMA SEM CORRESPONDENCIA NO PDF,,701,L26-CAA-139,"Kit Reparo Para Caixa Acoplada, Com Componentes Em Plastico; Acionador Em Abs E Borracha, Devendo O Kit Ser Composto De Mecanismo De Entrada Universal Master Flux; Mecanismo De Saida Dual Flush, Para Ser Utilizado Em Todos Os Modelos De Caixas Acopladas, Universal, Com Botao Acionador Superior, Frontal E Lateral; Rosca: Entrada 1/2 Polegada; Saida 2 Polegada(60Mm).",pendente
CAA,,,pgj,10.0000,89.50,ITEM DO SISTEMA SEM CORRESPONDENCIA NO PDF,,702,L26-CAA-140,"Mangueira De Jardim 1/2 Com 30M, Com Três Camadas (Camada Interna Em Pvc, A Intermediária Em Poliéster Trançado E A Externa Em Pvc), Contendo Engate Rápido Rosqueado E Bico Tipo Esguicho Regulável. Suporta Pressão De Água De Até 10 Bar [142 Psi]",pendente
CAA,,,pgj,30.0000,30.14,ITEM DO SISTEMA SEM CORRESPONDENCIA NO PDF,,703,L26-CAA-141,"Conjunto Obturador Caixa Descarga Componentes: Borracha, Flutuador, Guia, Haste, Reguladores E , Outros Componentes: Peneira Embutida, Botão De Acionamento Duplo, Conj , Aplicação: Caixa De Descarga Acoplada De 6 Litros, Padrao Universal.",pendente
CAA,,,pgj,20.0000,65.01,ITEM DO SISTEMA SEM CORRESPONDENCIA NO PDF,,704,L26-CAA-142,"Reparo Válvula Hidráulica Material: Pvc - Cloreto De Polivinila , Componentes: Bóia Vedação / Botão Descarga / Haste Vedação , Aplicação: Caixa Acoplada Ao Vaso , Tipo: Descarga , Tipo Fixação: Roscável , Bitola: 1/2.",pendente
CAA,,,pgj,100.0000,15.32,ITEM DO SISTEMA SEM CORRESPONDENCIA NO PDF,,705,L26-CAA-143,"Sifão - Material: Polipropileno, Tipo Corpo: Sanfonado / Flexível, Aplicação: Lavatório E Pia, Características Adicionais: Sistema De Vedação Por Anéis Plástico Ou Borracha, Bitola: 50 Mm, Padrão: Universal.",pendente
CAA,,,pgj,10.0000,123.42,ITEM DO SISTEMA SEM CORRESPONDENCIA NO PDF,,706,L26-CAA-144,"Torneira Material Corpo: Metal , Tipo: Automática , Diâmetro: 1/2 Pol, Acabamento Superficial: Cromado , Caracteristicas Adicionais: Acionamento Hidromecânico Com Leve Pressão Manual , Aplicação: Lavatório E Pia.",pendente
CAA,,,pgj,25.0000,4.35,ITEM DO SISTEMA SEM CORRESPONDENCIA NO PDF,,707,L26-CAA-145,"Torneira, Tipo: De Jardim, Bitola: 1/2, Material: Pvc, Cor: Preto.",pendente
CAA,,,pgj,50.0000,6.76,ITEM DO SISTEMA SEM CORRESPONDENCIA NO PDF,,709,L26-CAA-147,"Valvula Em Plastico Branco Para Tanque Ou Lavatorio 1 "", Sem Unho E Sem Ladrao.",pendente
CAA,,,pgj,10.0000,80.13,ITEM DO SISTEMA SEM CORRESPONDENCIA NO PDF,,710,L26-CAA-148,"Tubo Pvc Soldavel, Aplicacao: Rede Hidraulica, Cor: Marrom, Diametro Nominal: 40 Mm, Comprimento: 6 M, Material: Pvc Rigido, Caracteristicas Adicionais: Ponta E Bolsa Soldavel.",pendente
CAA,,,pgj,10.0000,22.53,ITEM DO SISTEMA SEM CORRESPONDENCIA NO PDF,,711,L26-CAA-149,"Tubo Pvc Soldável - Cano De Agua 25Mm Em Material Pvc Modelo Soldável, Liso. Comprimento Do Tubo: 6 M; Bitola: 25 Mm.",pendente
CAA,,,pgj,10.0000,15.29,ITEM DO SISTEMA SEM CORRESPONDENCIA NO PDF,,712,L26-CAA-150,"Bandeja Pintura Material: Plástico , Comprimento: 29 Cm, Largura: 37 Cm, Características Adicionais: Para Rolo De 23 Cm",pendente
CAA,,,pgj,10.0000,130.86,ITEM DO SISTEMA SEM CORRESPONDENCIA NO PDF,,713,L26-CAA-151,"Zarcão Peso Específico: 1,30 A 1,35 G/Ml, Tempo Secagem: 24 H, Método Aplicação: Rolo/Pincel E Revólver , Tipo Secagem: Ar , Prazo Validade: 3 Anos, Cor: Cinza. Galão de 3,6 L.",pendente
CAA,,,pgj,20.0000,164.37,ITEM DO SISTEMA SEM CORRESPONDENCIA NO PDF,,714,L26-CAA-152,"Impermeabilizante Composição Básica: Polímero Acrílico Líquido E Aditivos, Cimento, Are , Aplicação: Lajes /Caixa D'água /Piscinas /Marquises ,Etc. , Características Adicionais: Bicomponente, Impermeabilizante Flexível. Balde 18 L.",pendente
CAA,,,pgj,20.0000,451.71,ITEM DO SISTEMA SEM CORRESPONDENCIA NO PDF,,715,L26-CAA-153,"Manta Asfáltica Composição: Poliéster , Apresentação: Bobina , Comprimento: 10 M, Largura: 1 M, Espessura: 4 Mm, Aplicação: Impermeabilização.",pendente
CAA,,,pgj,40.0000,83.60,ITEM DO SISTEMA SEM CORRESPONDENCIA NO PDF,,716,L26-CAA-154,Fita Adesiva Asfáltica De 20 Cm Rolo Com 10 Metros Em Aluminio (Manta),pendente
CAA,,,pgj,18.0000,261.12,ITEM DO SISTEMA SEM CORRESPONDENCIA NO PDF,,717,L26-CAA-155,"Primer - Componente Básico: Asfalto Modificado, Plastificantes, Solventes Orgâ, Finalidade: Aderência Entre Superfície De Concreto E A Manta, Aplicação: Manta Asfáltica. Galão de 18L.",pendente
CAA,,,pgj,20.0000,7.20,ITEM DO SISTEMA SEM CORRESPONDENCIA NO PDF,,718,L26-CAA-156,"Pincel Pintura Predial - Material Cerdas: Sintético, Tipo Cabo: Curto, Tamanho: 3/4, Material Cabo: Polipropileno.",pendente
CAA,,,pgj,30.0000,29.24,ITEM DO SISTEMA SEM CORRESPONDENCIA NO PDF,,719,L26-CAA-157,"Rolo De La De Carneiro 23 Cm (Sem Cabo) Para Tintas Latex E Acrilico, Altura Da La 25Mm.",pendente
CAA,,,pgj,20.0000,37.49,ITEM DO SISTEMA SEM CORRESPONDENCIA NO PDF,,720,L26-CAA-158,"Rolo Pintura Predial Material: Lã De Carneiro , Altura: 2,20 Cm, Material Tubo: Acrílico , Comprimento: 23 Cm, Material Cabo: Plástico Resistente , Características Adicionais: Suporte Ferro Galvanizado.",pendente
CAA,,,pgj,10.0000,5.38,ITEM DO SISTEMA SEM CORRESPONDENCIA NO PDF,,721,L26-CAA-159,"Rolo Pintura Predial Material: Espuma, Comprimento: 9Cm, Características Adicionais: Com Cabo",pendente
CAA,,,pgj,15.0000,228.72,ITEM DO SISTEMA SEM CORRESPONDENCIA NO PDF,,722,L26-CAA-160,"Selador Tinta Predial Aspecto Físico: Líquido , Tipo: Acrílico. Lata 18L.",pendente
CAA,,,pgj,12.0000,34.77,ITEM DO SISTEMA SEM CORRESPONDENCIA NO PDF,,723,L26-CAA-161,Selante Tipo Veda Calha Para Metal E Fibrocimento.,pendente
CAA,,,pgj,12.0000,16.99,ITEM DO SISTEMA SEM CORRESPONDENCIA NO PDF,,724,L26-CAA-162,Solvente Diluente A Base De Aguarras - Diluente Aguarras,pendente
CAA,,,pgj,10.0000,307.15,ITEM DO SISTEMA SEM CORRESPONDENCIA NO PDF,,725,L26-CAA-163,"Tinta Acrilica Para Piso,Acabamento Fosco, Para Piso Interno E Externo, Rendimento Minimo De 100,00 Mâ², Por Demao,Por Lata De 18L,Obrigatoriamente O Fechamento Com Duas Demaos, 1Âºlinha (Premium). Cores A Definir, Validade De 36 Meses (Com A Embalagem Fechada E Sem Uso), Conforme Normas Nbr/Abnt Vigentes. Lata 18L. Marcas de Referência: Suvinil, Verbras, Sherwin Williams ou Coral",pendente
CAA,,,pgj,10.0000,571.67,ITEM DO SISTEMA SEM CORRESPONDENCIA NO PDF,,726,L26-CAA-164,"Tinta À Base De Resina Acrílica, Emulsionada Em Solvente A Base De Toluol, Para Demarcação De Sinalização Viária,O Material Deve Atender A Norma Abnt/Nbr 11862, Na Cor: Amarelo. Lata De 18 Litros. Marcas de Referência: Suvinil, Verbras, Sherwin Williams ou Coral",pendente
CAA,,,pgj,10.0000,143.38,ITEM DO SISTEMA SEM CORRESPONDENCIA NO PDF,,727,L26-CAA-165,"Tinta Esmalte Para Construcao Civil, Tipo Esmalte Sintetico Premium, Para Proteger Superficies De Ambientes Internos E Externos De Madeiras, Metais Novos E Repintura, A Base De Resina Alquidica Modificada A Base De Oleo Vegetal Semissecativo, Pigmentos Organicos E Inorganicos, Cargas Minerais Inertes, Hidrocarbonetos Alifaticos E Secantes Organometalicos, Voc 430-573 G/L, Na Cor Branca (Comercialmente Branco Neve), Brilhante, Nao Amarelavel, Secagem Ao Toque De 20 Min., Entre Demaos De 2 Horas E Final De 4 Horas. Galão de 3,6L. Marcas de Referência: Suvinil, Verbras, Sherwin Williams ou Coral",pendente
CAA,,,pgj,10.0000,229.39,ITEM DO SISTEMA SEM CORRESPONDENCIA NO PDF,,728,L26-CAA-166,"Tinta Latex, Desempenho Premium, Tipo Latex Acrilica, A Base De Agua, Resina A Base De Dispersao Aquosade Copolimero Estireno-Acrilico E Aditivos, Cargas Minerais Inertes, Glicois, Espessantes, Tensoativos, Fungicida E Bactericida, Solvente Base Agua, Diluivel Em Agua Potavel, Brilho A 85 Graus: Igual/Maior 7Ub; Solidos/Massa:35-55%; Densidade: 1,18 - 1,43G/Cm3; Ph: 8 - 11,5, Voc (Compostos Organicos Volateis) Maximo De 18 G/L, Isenta De Metais Pesados, Acabamento Fosco, Na Cor Branco, Notacao Munsell Nº 9, Para Ambientes Externos E Internos, Superficies De Alvenaria, Reboco, Concreto, Fibrocimento, Massa Corrida E Acrilica, Drywall Ou Gesso; Rendimento: Ate 130M² Por Lata 18L E 26M2 Por Lata 3,6, Validade Minima De 36 Meses, Secagem Ao Toque: 2 Horas, Entre Demaos: 4 Horas Efinal: 12 Horas, Conforme Normas Abnt Nbr Vigentes. Lata de 18L. Marcas de Referência: Suvinil, Verbras, Sherwin Williams ou Coral",pendente
CAA,,,pgj,10.0000,233.74,ITEM DO SISTEMA SEM CORRESPONDENCIA NO PDF,,729,L26-CAA-167,"Tinta Acrílica Componentes: Água, Resina Acrílica E Pigmentos , Aspecto Físico: Líquido Viscoso , Cor: Branca , Tipo Acabamento: Fosco , Características Adicionais: Rendimento 500 M2/Lata 18 Lt Proteção Antifungo. Embalagem 18 Litros. Marcas de Referência: Suvinil, Verbras, Sherwin Williams ou Coral.",pendente
CAA,,,pgj,10.0000,422.89,ITEM DO SISTEMA SEM CORRESPONDENCIA NO PDF,,730,L26-CAA-168,"Tinta Acrílica Semibrilho Premium, Cor Branco Gelo, Balde 18 Litros. Marcas de Referência: Suvinil, Verbras, Sherwin Williams ou Coral",pendente
CAA,,,pgj,15.0000,119.78,ITEM DO SISTEMA SEM CORRESPONDENCIA NO PDF,,731,L26-CAA-169,"Verniz, Tipo Impregnante Stain Protetivo, Hidrorrepelente, Para Utilização Em Superfícies Externas E Internas De Madeira (Porta, Esquadria, Decks, Fachadas, Móveis), Composição Resina Alquídica, Óleos Vegetais, Hidrocarbonetos Alifáticos, Pigmentos Inorgânicos, Secantes Organometálicos, Densidade 0,89 G/Cm³, Rendimento De 60 A 80 M²/Galão/Demão, Diluente Aguarrás, Coloração Natural, Incolor, Transparente, Acabamento Acetinado, Validade De 24 Meses Após Recebimento, Conforme Norma De Classificação Abnt Nbr 11702 Tipo 4.4.1.2. Galão de 3,6L.",pendente
CAA,,,fepdc,17.0000,256.22,ITEM DO SISTEMA SEM CORRESPONDENCIA NO PDF,,732,L26-CAA-170,"Cafeteira Elétrica Material: Aço Inoxidável Capacidade: 1,2 L Voltagem: 220 V Características Adicionais: Termostato/Resistência Blindada/Visor/Sapatas Anti Potência: 800 W",pendente
CAA,,,fepdc,4.0000,1800.00,ITEM DO SISTEMA SEM CORRESPONDENCIA NO PDF,,736,L26-CAA-174,"Fogão Gás. Tipo Fogão: Convencional. Quantidade Bocas: 4 UN. Normas Técnicas: Selo Inmetro Gategoria ""A"". Características Adicionais: Acendimento Automático / Forno Autolimpante / Tam-Voltagem: 110/220 V. Cor: Branca",pendente
CAA,,,fepdc,5.0000,850.00,ITEM DO SISTEMA SEM CORRESPONDENCIA NO PDF,,741,L26-CAA-179,"Gaveteiro Móvel Material: Mdp 25mm Quantidade Gavetas: 3 UN Altura: 600 MM Largura: 410 MM Profundidade: 530 MM Tipo Pés: Com Rodízio Características Adicionais: 4 Rodízios Duplo Giro, Fechadura Frontal Com Trava",pendente
CAA,,,fepdc,8.0000,900.00,ITEM DO SISTEMA SEM CORRESPONDENCIA NO PDF,,744,L26-CAA-182,Mesa Material Estrutura: Parafusos Material Tampo: Mdp Material Borda: Filme Melamínico Largura: 1200 MM Altura: 740 MM Espessura Tampo: 25 MM Formato: Retangular Características Adicionais: Conforme Modelo Revestimento: Melamínico Formato Tampo: Retangular,pendente
CAA,,,fepdc,15.0000,850.00,ITEM DO SISTEMA SEM CORRESPONDENCIA NO PDF,,745,L26-CAA-183,Mesa Escritório Material Estrutura: Madeira Material Tampo: Madeira Revestimento Tampo: Laminado Melamínico Cor Tampo: Madeirado Largura: 1000 MM Profundidade: 600 MM Altura: 740 MM Padrão Acabamento Tampo: Madeirado Cor Estrutura: Grafite Acabamento Estrutura: Pintura Eletrostática A Pó Espessura Tampo: 25 MM Características Adicionais: Bordas Em Pvc,pendente
CAA,,,fepdc,6.0000,1000.00,ITEM DO SISTEMA SEM CORRESPONDENCIA NO PDF,,746,L26-CAA-184,Mesa Reunião Redonda Material: Madeira Tipo Madeira: Compensado Acabamento Superficial: Laminado Melamínico Tipo Revestimento: Laminado Melamínico Baixa Pressão Diâmetro: 1.200 MM Altura: 740 MM Quantidade Pés: 4 UN Espessura Tampo: 25 MM Cor Tampo: Madeirado Características Adicionais: Borda Pvc Material Estrutura: Tubo De Aço Revestimento Superior Do Tampo: Laminado Melamínico Revestimento Inferior Do Tampo: Laminado Melamínico Cor Estrutura: Grafite Acabamento Bordas: Arredondadas / Pvc Tipo Estrutura: Tubular,pendente
CAA,,,fepdc,15.0000,2000.00,ITEM DO SISTEMA SEM CORRESPONDENCIA NO PDF,,754,L26-CAA-192,"Cadeira giratória espaldar alto, tipo fraque telado. Giratória a gás. Base piramidal em nylon preto com
rodízios duplos de nylon. Mecanismo Sincro Auto Ajuste com 3 pontos de bloqueio, sistema anti pânico. Regulagem de profundidade do
assento. Bracos reguláveis.",pendente
CAA,,,fepdc,20.0000,1050.00,ITEM DO SISTEMA SEM CORRESPONDENCIA NO PDF,,756,L26-CAA-194,"Cadeira interlocução, espaldar baixo em PP, empilhável. Base fixa contínua pintada em epóxi pó preto. Bracos fixos
integrados a estrutura da base em PP. Assento estofado.",pendente
CAA,,,fepdc,8.0000,2500.00,ITEM DO SISTEMA SEM CORRESPONDENCIA NO PDF,,757,L26-CAA-195,"Cadeira sobre longarina - Material Assento E Encosto: Polipropileno, Quantidade Assentos: 2 UN, Acabamento Superficial Longarina: Pintura Em Epóxi-Pó, Comprimento Longarina: 100 CM, Largura Longarina: 100 CM, Cor: Preta, Características Adicionais: Sem Braço, Material Estrutura: Tubo Aço,",pendente
CAA,,,fepdc,10.0000,3500.00,ITEM DO SISTEMA SEM CORRESPONDENCIA NO PDF,,758,L26-CAA-196,"Cadeira sobre longarina - Cadeira Sobre Longarina Material Assento E Encosto: Compensado/Espuma Injetada , Material Revestimento Assento E Encosto: Couro Sintético , Cor: Marrom Castor , Quantidade Assentos: 3 UN, Características Adicionais: Com Braços Fixos , Material Estofamento: Espuma De Poliuretano Injetado , Material Estrutura: Aço , Acabamento Superficial Longarina: Tratamento Antiferruginoso , Cor Longarina: Preta",pendente
CAA,,,fepdc,20.0000,700.00,ITEM DO SISTEMA SEM CORRESPONDENCIA NO PDF,,759,L26-CAA-197,Cadeira Empilhável. Material Estrutura: Aço Inox. Cor: Preta. Material Assento/Encosto: Polipropileno. Características Adicionais: Sem Braço. Acabamento Superficial: Cromado. Altura: 84 CM Largura: 53 CM Profundidade: 48 CM,pendente
CAA,,,fepdc,15.0000,200.00,ITEM DO SISTEMA SEM CORRESPONDENCIA NO PDF,,760,L26-CAA-198,Aquisição de cavaletes para exposição de quadros de Obra de Arte,pendente
CAA,,,fepdc,4.0000,10000.00,ITEM DO SISTEMA SEM CORRESPONDENCIA NO PDF,,761,L26-CAA-199,"Totem identificação, material: aço escovado, aplicação: identificação externa do órgão, características adicionais: sapatas de ferro fixação, logomarca iluminada neon",pendente
CAA,,,fepdc,64.0000,85.00,ITEM DO SISTEMA SEM CORRESPONDENCIA NO PDF,,762,L26-CAA-200,"Letra metálica, material:aço escovado, dimensões:10 x 5 cm, características adicionais:com fixação pinos rosqueados e galvanizados, aplicação:parede, tipo letra:caixa alta",pendente
CAA,,,fepdc,40.0000,240.00,ITEM DO SISTEMA SEM CORRESPONDENCIA NO PDF,,765,L26-CAA-203,"Letra metálica, material:chapa aço escovado nº 22, dimensões:30,0 x 3,0, aplicação:parede, tipo letra:caixa alta",pendente
CAA,,,fepdc,20.0000,480.00,ITEM DO SISTEMA SEM CORRESPONDENCIA NO PDF,,766,L26-CAA-204,"letra metálica, material:chapa aço escovado nº 22, dimensões:40,0 x 3,0, aplicação:parede, tipo letra:caixa alta",pendente
CAA,,,fepdc,5.0000,1000.00,ITEM DO SISTEMA SEM CORRESPONDENCIA NO PDF,,767,L26-CAA-205,"Letra metálica, material:aço inox, dimensões:50 x 30 x 3 cm, características adicionais:escovado",pendente
CAA,,,fepdc,5.0000,1500.00,ITEM DO SISTEMA SEM CORRESPONDENCIA NO PDF,,768,L26-CAA-206,"Letra metálica, material:aço inox, dimensões:70 x 50 x 3 cm, características adicionais:escovado",pendente
CAA,,,pgj,13650.0000,2.25,ITEM DO SISTEMA SEM CORRESPONDENCIA NO PDF,,769,L26-CAA-207,"Prestação de Serviço de Dedetização, Desratização e Descupinização das Sedes do MPPI",pendente
CAA,,,pgj,50.0000,150.00,ITEM DO SISTEMA SEM CORRESPONDENCIA NO PDF,,797,L26-CAA-209,"Recarga de Gás Liquefeito de Petróleo (GLP), somente a recarga (sem vasilhame), composição básica Propano e Butano. Acondicionada em botijas de 13 (treze) kg, conforme Portaria 47 de 24/03/99 ANP, NPR 14024 da ABNT.",pendente
CAA,,,fepdc,12.0000,720.00,ITEM DO SISTEMA SEM CORRESPONDENCIA NO PDF,,799,L26-CAA-211,"Bebedouro Água Garrafão Material: Aço Galvanizado Tipo: Elétrico De Coluna Acabamento Externo: Pintura Epoxi Pó Capacidade: 20 L Voltagem: 220 V Cor: Branca Características Adicionais: Gás R 134 A, 2 Torneiras. Painel Frontal Em Plásti",pendente
CAA,,,fepdc,600.0000,44.00,ITEM DO SISTEMA SEM CORRESPONDENCIA NO PDF,,800,L26-CAA-212,Peça Mobília. Tipo: Apoio Braço. Material: Poliuretano. Cor: Preta. Aplicação: Cadeira Giratória. Características Adicionais: Distância Entre Furos 100mm,pendente
CAA,,,fepdc,60.0000,78.95,ITEM DO SISTEMA SEM CORRESPONDENCIA NO PDF,,801,L26-CAA-213,"Rodízio Giratório
Material Banda Rodagem: Poliuretano",pendente
CAA,,,fepdc,40.0000,77.56,ITEM DO SISTEMA SEM CORRESPONDENCIA NO PDF,,802,L26-CAA-214,Peça Mobília. Tipo: Pistão A Gás. Material: Metálico. Formato: Coluna Universal. Aplicação: Cadeira Escritório. Características Adicionais: Com Bucha Guia Para Sistema Giratório.,pendente
CAA,,,fepdc,5.0000,903.31,ITEM DO SISTEMA SEM CORRESPONDENCIA NO PDF,,859,L26-CAA-220,ARMÁRIO BAIXO 800x500x740 MM (LxPxH),pendente
CAA,,,fepdc,5.0000,1394.00,ITEM DO SISTEMA SEM CORRESPONDENCIA NO PDF,,863,L26-CAA-224,"POLTRONA GIRATÓRIA OPERACIONAL ESPALDAR ALTO, COM BRAÇOS REGULÁVEIS",pendente
CAA,,,fepdc,15.0000,1294.00,ITEM DO SISTEMA SEM CORRESPONDENCIA NO PDF,,864,L26-CAA-225,"POLTRONA GIRATÓRIA OPERACIONAL ESPALDAR MÉDIO, COM BRAÇOS REGULÁVEIS",pendente
CAA,,,fepdc,24.0000,460.35,ITEM DO SISTEMA SEM CORRESPONDENCIA NO PDF,,866,L26-CAA-227,CADEIRA EMPILHÁVEL,pendente
CAA,,,pgj,60.0000,19.15,ITEM DO SISTEMA SEM CORRESPONDENCIA NO PDF,,878,L26-CAA-233,"Vasilhame para água mineral de 20 litros, somente o vasilhame, produto novo de primeiro uso e validade mínima de 24 meses.",pendente
CAA,,,pgj,20000.0000,1.75,ITEM DO SISTEMA SEM CORRESPONDENCIA NO PDF,,879,L26-CAA-234,"Água mineral, natural, sem gás, em garrafa de 1,5 litro, fardo com 6 unidades.",pendente
CAA,,,pgj,2500.0000,20.26,ITEM DO SISTEMA SEM CORRESPONDENCIA NO PDF,,881,L26-CAA-236,"Água mineral, natural, sem gás, em garrafões de 20 litros (L) retornável, com tampa e lacre de segurança, com validade mínima de 06 meses (recarga). Regional Norte.",pendente
CAA,,,pgj,500.0000,16.90,ITEM DO SISTEMA SEM CORRESPONDENCIA NO PDF,,882,L26-CAA-237,"Água mineral, natural, sem gás, em garrafões de 20 litros (L) retornável, com tampa e lacre de segurança, com validade mínima de 06 meses (recarga). Regional Sul 01.",pendente
CAA,,,pgj,500.0000,17.90,ITEM DO SISTEMA SEM CORRESPONDENCIA NO PDF,,883,L26-CAA-238,"Água mineral, natural, sem gás, em garrafões de 20 litros (L) retornável, com tampa e lacre de segurança, com validade mínima de 06 meses (recarga). Regional Sul 02.",pendente
CAA,,,pgj,50.0000,21.50,ITEM DO SISTEMA SEM CORRESPONDENCIA NO PDF,,884,L26-CAA-239,"Garrafa térmica de 500 ml com ampola de vidro, rosca higiênica, alça ergonômica e rolha corta-gotas que evita pingos após servir. Ideal para líquidos quentes ou frios, com excelente eficiência térmica. Tampa pode ser utilizada como copo. Livre de bisfenol (bpa free). Eficiência térmica: Quente - 8 horas, Frio - 12 horas. Especificações: - material exterior: polipropileno - material ampola: vidro - com alça. Cores Variadas. Marcas de Referência: Termolar, Tramontina, Aladdin ou de qualidade equivalente ou superior.",pendente
CAA,,,pgj,70.0000,24.70,ITEM DO SISTEMA SEM CORRESPONDENCIA NO PDF,,885,L26-CAA-240,"Garrafa térmica, com capacidade de 1 litro, corpo em polipropileno, ampola em vidro, devendo esta de acordo com a nbr 13282, tampa rosqueável, com alca resistente e anatômica, lisa, sem decoração. Sistema que evita pingos. Cores Variadas. Marcas de Referência: Termolar, Tramontina, Aladdin ou de qualidade equivalente ou superior.",pendente
CAA,,,pgj,20.0000,74.00,ITEM DO SISTEMA SEM CORRESPONDENCIA NO PDF,,886,L26-CAA-241,"Garrafa termica, de pressao, com capacidade de 1,8 litro, corpo em aco inox, ampola em vidro, devendo estar de acordo com a NBR 13282, fundo de polipropileno, com tampa em polipropileno, com alca, lisa.  Sistema que evita pingos. Cor Preta. Marcas de Referência: Termolar, Tramontina, Aladdin ou de qualidade equivalente ou superior.",pendente
CAA,,,pgj,300.0000,3.00,ITEM DO SISTEMA SEM CORRESPONDENCIA NO PDF,,887,L26-CAA-242,"Coador de papel para filtrar café n° 103, caixa com 30 unidades. Marcas de Referência: 3 corações, Santa Clara, Melitta ou de qualidade equivalente ou superior.",pendente
CAA,,,pgj,15.0000,6.80,ITEM DO SISTEMA SEM CORRESPONDENCIA NO PDF,,888,L26-CAA-243,"Coador Café - Filtro De Tecido Para Café 22 Cm Diâmetro X 30 Cm Altura. Feito Com pano 100% Algodão, Reutilizável, Cor Branca.",pendente
CAA,,,pgj,400.0000,4.60,ITEM DO SISTEMA SEM CORRESPONDENCIA NO PDF,,889,L26-CAA-244,"Biscoito Peta Caseira, rosquinha, de 1º Qualidade, 100% Natural (sem conservantes químicos), Sem Glútem, Acondicionada Em Embalagem Plástica Que O Proteja Das Impurezas, Com Cor, Odor E Sabor Característico Do Produto, Pacote Com 100G. O produto deve estar com suas características físicas intactas (não quebrados). Caso no momento da entrega não tenha pacote de 100g disponível, poderá ser realizada a proporção de acordo com a embalagem fornecida, desde que seja mantido o valor registrado por cada 100 gramas entregue e o total máximo registrado neste Termo de Referência. Embalagem Contendo Informações Nutricionais, Ingredientes, Com Especificação De Peso, Data De Validade, Data De Fabricação, Nº Do Lote, Produto e Marca. Validade Mínima de 4 meses a partir da entrega. Marcas de referência: Dany, Exótica, Mandarim ou de qualidade correspondente.",pendente
CAA,,,pgj,100.0000,7.30,ITEM DO SISTEMA SEM CORRESPONDENCIA NO PDF,,890,L26-CAA-245,Adocante Dietético Líquido Contendo Em Sua Composicao Stévia. Embalagem de 80 ml.,pendente
CAA,,,pgj,250.0000,20.70,ITEM DO SISTEMA SEM CORRESPONDENCIA NO PDF,,891,L26-CAA-246,"Cappuccino - Café cappuccino, solúvel, TRADICIONAL, em pó, frasco com 400g. Validade, impressa na embalagem, mínima de 10 meses, a contar do recebimento definitivo. Produto de primeira qualidade. Marcas de referência: Três corações, Melitta, Santa Clara, Nescafé ou de qualidade correspondente.  Pacote 400g.",pendente
CAA,,,pgj,4000.0000,3.80,ITEM DO SISTEMA SEM CORRESPONDENCIA NO PDF,,892,L26-CAA-247,"Açúcar tipo: cristal, prazo de validade mínimo: 12 meses, na cor branca, de sacarose da cana de açúcar, livre de impurezas, insetos ou micro-organismos ou outras impurezas que possam comprometer o consumo humano ou o armazenamento, embalagem transparente plástica contendo 1kg, informações nutricionais na embalagem, data de fabricação e prazo de validade conforme resolução vigente – ANVISA. Deve ser entregue em fardos.",pendente
CAA,,,pgj,12900.0000,19.95,ITEM DO SISTEMA SEM CORRESPONDENCIA NO PDF,,893,L26-CAA-248,"CAFÉ – em pó torrado e moído (referência: 3 CORAÇÕES PREMIUM, MARATÁ SUPERIOR OU SANTA CLARA PREMIUM). Características Gerais: Homogêneo, torrado e moído, do tipo superior, de primeira qualidade; Espécie: café arábica ou blendados, admitindo-se a presença de conilon não superior a 10%; Bebida: tipo mole ou dura; Ponto de Torra: variando entre 55 a 65 pontos do Disco Agtron, correspondendo ao intervalo média a média clara; Embalagem: em sistema de alto vácuo ou vácuo puro, em sacos aluminizados, em pacotes de 250 gramas cada, constando nas embalagens a data de fabricação e de validade do produto; Validade: mínima de 6 meses , a contar da data do recebimento definitivo; Características Físicas: Grãos de café do tipo 6 da COB (Classificação Oficial Brasileira), ou superior, com no máximo 10% em peso de grãos com defeitos (pretos, verdes e ardidos). Sem a presença de grão pretos verdes ou fermentados; Características Químicas (exigidas em g/100g): * Umidade em 5,0 % no máximo;*Resíduo mineral fixo em 5,0 %, no máximo; *Resíduo mineral fixo, insolúvel em ácido clorídrico a 10% v/vem 1,0% no máximo; * Cafeína em 0,7%, no mínimo; *Extrato aquoso em 25%, no mínimo; * Extrato etéreo em 8,0%, no mínimo. Deverá possuir registro válido na ABIC (Associação Brasileira da Indústria de Café).",pendente
CAA,,,pgj,30.0000,6.90,ITEM DO SISTEMA SEM CORRESPONDENCIA NO PDF,,894,L26-CAA-249,"Apagador Quadro Branco Material Base: Feltro , Material Corpo: Acrílico , Comprimento: 17 CM, Largura: 5 CM, Altura: 10 CM, Características Adicionais: Estojo Com Compartimento Para 2 Pincéis.",pendente
CAA,,,pgj,3.0000,10.00,ITEM DO SISTEMA SEM CORRESPONDENCIA NO PDF,,895,L26-CAA-250,"Apontador Lápis Simples - Material: Plástico, Tipo: Escolar, Tamanho: Pequeno, Quantidade Furos: 1, Características Adicionais: Sem Depósito, Caixa com 24 unidades.",pendente
CAA,,,pgj,2.0000,34.00,ITEM DO SISTEMA SEM CORRESPONDENCIA NO PDF,,896,L26-CAA-251,"Borracha escolar 2 cores, ideal para grafite, atóxica, medindo 50mm x 16mm x 7mm. Caixa com 60 unidades.",pendente
CAA,,,pgj,50.0000,42.00,ITEM DO SISTEMA SEM CORRESPONDENCIA NO PDF,,897,L26-CAA-252,"Caneta Esferográfica Material: Plástico , Quantidade Cargas: 1 UN, Material Ponta: Aço Inoxidável Com Esfera De Tungstênio , Tipo Escrita: Média , Cor Tinta: Azul. Marca de referência: bic. Caixa com 50 unidades.",pendente
CAA,,,pgj,20.0000,42.00,ITEM DO SISTEMA SEM CORRESPONDENCIA NO PDF,,898,L26-CAA-253,"Caneta Esferográfica Material: Plástico , Quantidade Cargas: 1 UN, Material Ponta: Esfera De Tungstênio , Tipo Escrita: Média , Cor Tinta: Preta , Características Adicionais: Prendedor Bolso Tampa Removível, Oríficio Lateral. Marca de referência: bic. Caixa com 50 unidades.",pendente
CAA,,,pgj,7.0000,42.00,ITEM DO SISTEMA SEM CORRESPONDENCIA NO PDF,,899,L26-CAA-254,"Caneta esferográfica - Material: Plástico, Características Adicionais: Material Transparente E Com Orifício Lateral, Quantidade Cargas: 1 UN, Material Ponta: Latão Com Esfera De Tungstênio, Tipo Escrita: Média, Cor Tinta: Vermelha. Marca de referência: bic. Caixa com 50 unidades.",pendente
CAA,,,pgj,35.0000,14.40,ITEM DO SISTEMA SEM CORRESPONDENCIA NO PDF,,900,L26-CAA-255,"Caneta marca-texto - Material: Plástico, Tipo Ponta: Fluorescente. Cor verde. Caixa com 12 unidades.",pendente
CAA,,,pgj,35.0000,14.40,ITEM DO SISTEMA SEM CORRESPONDENCIA NO PDF,,901,L26-CAA-256,"Caneta marca-texto - Material: Plástico, Tipo Ponta: Fluorescente. Cor Amarela. Caixa com 12 unidades",pendente
CAA,,,pgj,60.0000,19.00,ITEM DO SISTEMA SEM CORRESPONDENCIA NO PDF,,902,L26-CAA-257,"Fita Adesiva 45mm x 45mm, Transparente, Tipo Durex, Pacote com 4 unidades, Com Boa Adesão E Resistência.",pendente
CAA,,,pgj,200.0000,10.50,ITEM DO SISTEMA SEM CORRESPONDENCIA NO PDF,,903,L26-CAA-258,"Fita Adesiva Material: Papel Kraft , Tipo: Gomada , Largura: 50 MM, Comprimento: 50M, Cor: Marrom",pendente
CAA,,,pgj,4.0000,50.00,ITEM DO SISTEMA SEM CORRESPONDENCIA NO PDF,,905,L26-CAA-260,"Lápis preto no 02, medindo aproximadamente de 17,5cm, apontados, corpo em madeira. Caixa com 144 unidades.",pendente
CAA,,,pgj,4.0000,40.00,ITEM DO SISTEMA SEM CORRESPONDENCIA NO PDF,,906,L26-CAA-261,"Pincel atômico marcador permanente, cor preta, corpo composto por resina termoplástica, ponta de feltro chanfrado que permite dois traços: fino e grosso. Caixa com 12 unidades. Marcas de Referência: Compactor, Pilot ou Bic.",pendente
CAA,,,pgj,4.0000,29.50,ITEM DO SISTEMA SEM CORRESPONDENCIA NO PDF,,907,L26-CAA-262,"Pincel atômico marcador permanente, cor vermelha, corpo composto por resina termoplástica, ponta de feltro chanfrado que permite dois traços: fino e grosso. Caixa com 12 unidades. Marcas de Referência: Compactor, Pilot ou Bic.",pendente
CAA,,,pgj,4.0000,48.00,ITEM DO SISTEMA SEM CORRESPONDENCIA NO PDF,,908,L26-CAA-263,"Pincel atômico marcador permanente, cor azul, corpo composto por resina termoplástica, ponta de feltro chanfrado que permite dois traços: fino e grosso. Caixa com 12 unidades. Marcas de Referência: Compactor, Pilot ou Bic.",pendente
CAA,,,pgj,5.0000,51.00,ITEM DO SISTEMA SEM CORRESPONDENCIA NO PDF,,909,L26-CAA-264,"Pincel Quadro Branco / Magnético Material: Plástico , Cor: Azul , Características Adicionais: Escrita 2mm, Ponta Arredondada , Material Ponta: Fibra Sintética , Tipo Carga: Recarregável. Caixa com 12 unidades. Marcas de Referência: Compactor, Pilot ou Bic.",pendente
CAA,,,pgj,5.0000,42.00,ITEM DO SISTEMA SEM CORRESPONDENCIA NO PDF,,910,L26-CAA-265,"Pincel Quadro Branco / Magnético Material: Plástico , Cor: Preta , Características Adicionais: Escrita 2mm, Ponta Arredondada , Material Ponta: Fibra Sintética , Tipo Carga: Recarregável. Caixa com 12 unidades. Marcas de Referência: Compactor, Pilot ou Bic.",pendente
CAA,,,pgj,5.0000,38.00,ITEM DO SISTEMA SEM CORRESPONDENCIA NO PDF,,911,L26-CAA-266,"Pincel Quadro Branco / Magnético Material: Plástico , Cor: Vermelho , Material Ponta: Feltro , Tipo Carga: Recarregável. Caixa com 12 unidades. Marcas de Referência: Compactor, Pilot ou Bic.",pendente
CAA,,,pgj,50.0000,11.00,ITEM DO SISTEMA SEM CORRESPONDENCIA NO PDF,,912,L26-CAA-267,"Grampeador de mesa pequeno, cor preta, para até 20 folhas de gramatura 75, utilizando grampos 24/6 e 26/6, com dimensões mínimas 12,6 x 3,6 x 5,6cm.",pendente
CAA,,,pgj,200.0000,3.15,ITEM DO SISTEMA SEM CORRESPONDENCIA NO PDF,,913,L26-CAA-268,"Grampo para grampeador 26/6, galvanizado, caixa com 1000 unidades.",pendente
CAA,,,pgj,10.0000,262.00,ITEM DO SISTEMA SEM CORRESPONDENCIA NO PDF,,914,L26-CAA-269,"Papel Sulfite 75g, 210x297, A4, resma com 500 folhas, caixa com 10 resmas.",pendente
CAA,,,pgj,30.0000,42.00,ITEM DO SISTEMA SEM CORRESPONDENCIA NO PDF,,915,L26-CAA-270,"Papel Fotográfico Com Gramatura 180G/M2, Tamanho A4, Medindo 210X297mm, Pacote Com 100 Folhas.",pendente
CAA,,,pgj,100.0000,30.00,ITEM DO SISTEMA SEM CORRESPONDENCIA NO PDF,,916,L26-CAA-271,"Envelope tipo saco, na cor amarela, 80 grs, material offset. Envelope tipo 1 (tamanho 20 x 28 cm): a logomarca será impressa em sua versão monocromática, em preto, no canto superior esquerdo, na face contrária ao da abertura (frente do envelope). com largura de 115 mm. Embalagem com 100 unidades.",pendente
CAA,,,pgj,100.0000,30.00,ITEM DO SISTEMA SEM CORRESPONDENCIA NO PDF,,917,L26-CAA-272,"Envelope tipo saco, na cor amarela, 80 grs, material offset. Envelope tipo 2 (tamanho 36 x 26 cm): logomarca com largura 
de 160 mm: a logomarca será impressa em sua versão monocromática, em preto, no canto superior esquerdo, na face contrária ao da abertura (frente do envelope). com largura de 160 mm. Embalagem com 100 unidades.",pendente
CAA,,,pgj,50.0000,22.90,ITEM DO SISTEMA SEM CORRESPONDENCIA NO PDF,,918,L26-CAA-273,"Bateria alcalina 9v, embalagem com 1 unidade. Marcas de Referência: Duracell, Elgin, Rayovac, ou Panasonic.",pendente
CAA,,,pgj,25.0000,10.80,ITEM DO SISTEMA SEM CORRESPONDENCIA NO PDF,,919,L26-CAA-274,"Bateria de Lítio CR 2032 3v. Embalagem com 5 unidades. Marcas de Referência: Duracell, Elgin, Rayovac, ou Panasonic.",pendente
CAA,,,pgj,20.0000,21.00,ITEM DO SISTEMA SEM CORRESPONDENCIA NO PDF,,920,L26-CAA-275,"Pilha Tamanho: Pequena , Modelo: A23 , Sistema Eletroquímico: Alcalina , Tensão Nominal: 12V. Cartela com 5 unidades. Marcas de Referência: Duracell, Elgin, Rayovac, ou Panasonic.",pendente
CAA,,,pgj,300.0000,5.90,ITEM DO SISTEMA SEM CORRESPONDENCIA NO PDF,,921,L26-CAA-276,"Pilha, tipo alcalina, na voltagem de 1,5 v, no tamanho pequeno - AA, conforme resolucao conama 401/2008, abnt 11175/90, validade mínima de 12 meses no ato da entrega. Cartela com 2 unidades. Marcas de Referência: Duracell, Elgin, Rayovac, ou Panasonic.",pendente
CAA,,,pgj,500.0000,5.90,ITEM DO SISTEMA SEM CORRESPONDENCIA NO PDF,,922,L26-CAA-277,"Pilha, Tipo Alcalina, Na Voltagem De 1,5V, No Tamanho Palito (AAA), Com Prazo De Validade Minimo De 12 (Doze) Meses, Conforme Resolução Do Conama 401 04/11/2008, Norma Abnt E 11175/90. Cartela com 2 unidades. Marcas de Referência: Duracell, Elgin, Rayovac, ou Panasonic.",pendente
CAA,,,fmmp,1.0000,1900000.00,ITEM DO SISTEMA SEM CORRESPONDENCIA NO PDF,,985,L26-CAA-331,"Serviço de Agente de Limpeza Institucional, com dedicação exclusiva de mão de obra",pendente
CAA,,,pgj,1.0000,65000.00,ITEM DO SISTEMA SEM CORRESPONDENCIA NO PDF,,1012,L26-CAA-333,"Serviço de Manutenção Preventiva e Corretiva, com Fornecimento de Peças, de Aparelhos de Ar-Condicionado, tipo split, bebedouro, purificador de água, frigobar, geladeira, recarga de gás para split, geladeira, frigobar e bebedouro, bem como para a instalação, desinstalação e substituição de aparelhos de ar condicionados",pendente
CAA,,,pgj,1.0000,125770.00,ITEM DO SISTEMA SEM CORRESPONDENCIA NO PDF,,1016,L26-CAA-335,"Serviço de Manutenção Preventiva e Corretiva, com Fornecimento de Peças, de Aparelhos de Ar-Condicionado, tipo split, bebedouro, purificador de água, frigobar, geladeira, recarga de gás para split, geladeira, frigobar e bebedouro, bem como para a instalação, desinstalação e substituição de aparelhos de ar condicionados",pendente
CAA,,,pgj,1.0000,18000.00,ITEM DO SISTEMA SEM CORRESPONDENCIA NO PDF,,1022,L26-CAA-341,Serviço de Recarga de Extintores de Incêndio,pendente
CAA,,,pgj,1.0000,3500000.00,ITEM DO SISTEMA SEM CORRESPONDENCIA NO PDF,,1025,L26-CAA-344,"Serviços continuados de Auxiliar Administrativo, Agente de Limpeza, Auxiliar de Serviços Gerais, Bombeiro Hidráulico, Carregador de Volumes, Copeiragem, Eletricista, Garçonaria, Motorista Categoria A (motoboy), Motorista Categoria B (condução de veículo leve), Motorista Categoria D (condução de veículo pesado), Office Boy, Operador de Som e Imagem, Recepcionista, Recepcionista Bilíngue e Telefonista.",pendente
CAA,,,pgj,1.0000,63000.00,ITEM DO SISTEMA SEM CORRESPONDENCIA NO PDF,,1047,L26-CAA-351,"Locação de Equipamento de Controle de Acesso Pessoal, sedes Leste e Centro em Teresina-PI",pendente
CAA,,,pgj,15.0000,600.00,ITEM DO SISTEMA SEM CORRESPONDENCIA NO PDF,,1069,L26-CAA-358,"Recarga de Gás Liquefeito de Petróleo (GLP), somente a recarga (sem vasilhame), composição básica Propano e Butano. Acondicionada em botijas de 45 (quarenta e cinco) kg, conforme Portaria 47 de 24/03/99 ANP, NPR 14024 da ABNT.",pendente
CAA,,,pgj,2.0000,1500.00,ITEM DO SISTEMA SEM CORRESPONDENCIA NO PDF,,1070,L26-CAA-359,"VASILHAME DE GAS DE COZINHA SEM CARGA DE GAS - GLP 45 KG COM MONTAGEM INCLUSA, Botijão de uso doméstico com capacidade para 45 kg de GLP. Fabricado segundo norma NBR 8460 da ABNT - Associação Brasileira de Normas Técnicas. Possuir disposítivo de segurança de acordo com a norma ABNT 8614 que, em caso de aumento da pressão interna, libera o GLP impedindo que ocorra uma explosão do vasilhame, entrega de acordo com a necessidade.",pendente
CAA,,,fmmp,1.0000,50000.00,ITEM DO SISTEMA SEM CORRESPONDENCIA NO PDF,,1076,L26-CAA-362,"Serviço de Agente de Limpeza Institucional, com dedicação exclusiva de mão de obra - POSTO BURITI DOS LOPES",pendente
CAA,,,pgj,1.0000,31175.50,ITEM DO SISTEMA SEM CORRESPONDENCIA NO PDF,,1077,L26-CAA-363,Aquisição de material de higiene e limpeza para o MP-PI,pendente
CAA,,,pgj,1.0000,94612.25,ITEM DO SISTEMA SEM CORRESPONDENCIA NO PDF,,1078,L26-CAA-364,Aquisição de material de manutenção predial e construção,pendente
