TIPO DE CONTRATAÇÃO;N°;ANO;CONTRATANTE;CÓDIGO;PGEA;LEI;MODALIDADE;OBJETO;CNPJ / CPF;CONTRATADO (A);ASSINATURA;VIGÊNCIA FINAL DO CONTRATO;VIGÊNCIA ATUAL;PRAZO PARA RENOVAÇÃO;ALERTA - VIGÊNCIA;VIGÊNCIA;VALOR DO CONTRATO;VALOR ORIGINAL - ATUALMENTE;VALOR ATUALIZADO;EXECUÇÃO TOTAL;ST REQUISIT;MATRÍCULA DO FISCAL 1;FISCAL 1;MATRÍCULA DO FISCAL 2;FISCAL 2;MATRÍCULA DO FISCAL 3;FISCAL 3;MATRÍCULA DO FISCAL 4;FISCAL 4;PORTARIA;GARANTIA;PRESTAÇÃO DA GARANTIA;ADITIVO;Nº DO ADITIVO;APOSTILAMENTO;Nº DO APOSTILAMENTO;TIPO CONTRATUAL;CONTRATO CONTINUADO;;;;
CONTRATO;40;2012;PGJ;CONTRATO-40-2012-PGJ;04525/2020-42;LEI_8.666;DISPENSA;LOCAÇÃO DE IMÓVEL PARA A PJ DE CAMPO MAIOR - PI;341.072.153-34;MARIA DE FÁTIMA ARAÚJO LINHARES;08/11/2012;08/11/2013;08/11/2025;-255;FORA DO PRAZO;FORA DO PRAZO;R$ 36.000,00;R$ 0,00;R$ 559.392,78;NÃO;CPPT;175;JERSON DE MACEDO REINALDO SILVA;;-;;-;;-;2137/2014;NÃO;-;SIM;11;SIM;2;LOCAÇÃO DE IMÓVEL;SIM;;;;
CONTRATO;7;2013;PGJ;CONTRATO-7-2013-PGJ;05612/2020-69;LEI_8.666;DISPENSA;LOCAÇÃO DE IMÓVEL PARA A PJ DE ESPERANTINA - PI;305.442.463-49;CAUMY AMORIM SANTANA;29/04/2013;29/04/2014;28/04/2021;-1910;FORA DO PRAZO;FORA DO PRAZO;R$ 14.400,00;R$ 0,00;R$ 107.250,72;NÃO;CPPT;232;-;;-;;-;;-;2139/2014;NÃO;-;SIM;8;NÃO;-;LOCAÇÃO DE IMÓVEL;SIM;;;;
CONTRATO;11;2013;PGJ;CONTRATO-11-2013-PGJ;05133/2020-54;LEI_8.666;DISPENSA;LOCAÇÃO DE IMÓVEL PARA A PJ DE PEDRO II - PI;243.484.303-49;MARIA DAS GRAÇAS MOREIRA LEITE;06/06/2013;06/06/2014;25/04/2024;-817;FORA DO PRAZO;FORA DO PRAZO;R$ 16.272,00;R$ 0,00;R$ 226.116,31;NÃO;CPPT;15678;MARCOS VINÍCIUS FERREIRA OLIVEIRA;;-;;-;;-;3479/2022;NÃO;-;SIM;13;SIM;2;LOCAÇÃO DE IMÓVEL;SIM;;;;
CONTRATO;24;2013;PGJ;CONTRATO-24-2013-PGJ;05140/2020-59;LEI_8.666;DISPENSA;LOCAÇÃO DE IMÓVEL PARA A PJ DE BATALHA - PI;372.908.353-87;EDILSON DE CASTRO REIS;01/11/2013;01/11/2014;01/11/2026;103;INICIAR RENOVAÇÃO;EM VIGÊNCIA;R$ 16.272,00;R$ 0,00;R$ 278.336,14;NÃO;CPPT;416;SILMARA DE SAMPAIO SOUSA;;-;;-;;-;3465/2022;NÃO;-;SIM;11;NÃO;-;LOCAÇÃO DE IMÓVEL;SIM;;;;
CONTRATO;31;2015;PGJ;CONTRATO-31-2015-PGJ;00100/5020-15;LEI_8.666;INEXIGIBILIDADE;CONTRATAÇÃO DE SERVIÇOS MUSICAIS DE REGÊNCIA/MAESTRIA E TECLADO/PIANO;106.074.203-91;RAIMUNDO AURÉLIO DE MELO;06/08/2015;06/08/2016;06/08/2020;-2175;FORA DO PRAZO;FORA DO PRAZO;R$ 18.000,00;R$ 0,00;R$ 120.227,33;NÃO;CRH;15680;-;;-;;-;;-;382/2020;NÃO;-;SIM;5;SIM;1;SERVIÇOS;SIM;;;;
CONTRATO;11;2015;PGJ;CONTRATO-11-2015-PGJ;05130/2020-38;LEI_8.666;DISPENSA;LOCAÇÃO DE IMÓVEL PARA A PJ DE URUÇUÍ - PI;014.243.913-42;ALBERTO VENÍCIOS DIAS BEZERRA MELO;01/04/2015;01/04/2016;16/09/2025;-308;FORA DO PRAZO;FORA DO PRAZO;R$ 15.600,00;R$ 0,00;R$ 349.575,30;NÃO;CPPT;397;JOÃO HENRIQUE ALVES DA SILVA ;;-;;-;;-;1137/2015;NÃO;-;SIM;11;SIM;3;LOCAÇÃO DE IMÓVEL;SIM;;;;
CONTRATO;13;2015;PGJ;CONTRATO-13-2015-PGJ;01174/2021-50;LEI_8.666;DISPENSA;LOCAÇÃO DE IMÓVEL PARA A PJ DE REGENERAÇÃO - PI;716.733.773-00;JOSÉ ALVES DE LIRA;06/05/2015;06/05/2016;06/05/2027;289;EM VIGÊNCIA;EM VIGÊNCIA;R$ 9.456,00;R$ 0,00;R$ 152.578,98;NÃO;CPPT;15240;LUIZ AUGUSTO SOARES DOS SANTOS;;-;;-;;-;623/2023;NÃO;-;SIM;10;SIM;1;LOCAÇÃO DE IMÓVEL;SIM;;;;
CONTRATO;19;2016;PGJ;CONTRATO-19-2016-PGJ;9141/2016;LEI_8.666;PREGÃO ELETRÔNICO;MANUTENÇÃO PREVENTIVA EM APARELHO DE AR CONDICIONADO;07.111.745/0001-77;TOP AR CONDICIONADO LTDA;25/05/2016;25/05/2017;25/05/2021;-1883;FORA DO PRAZO;FORA DO PRAZO;R$ 99.840,00;R$ 0,00;R$ 549.457,91;NÃO;CAA;20026;FELIPE ARLLEM REZENDE;;-;;-;;-;2448/2018;NÃO;-;SIM;5;SIM;2;SERVIÇO DE MANUTENÇÃO;SIM;;;;
CONTRATO;35;2016;PGJ;CONTRATO-35-2016-PGJ;00445/2202-73;LEI_8.666;CONCORRÊNCIA;LOCAÇÃO DE IMÓVEL NA ZONA LESTE DE TERESINA;16.992.375/0001-15;JLF ADMINISTRAÇÃO DE IMÓVEIS LTDA;31/08/2016;31/08/2021;31/08/2026;41;RENOVAÇÃO URGENTE;EM VIGÊNCIA;R$ 11.700.000,00;R$ 0,00;R$ 19.985.680,04;NÃO;CPPT;20082;FRANCISCO EDUARDO LOPES VIANA;20120;LARISSA RAQUEL TEIXEIRA ALVES;;-;;-;3135/2023;NÃO;-;SIM;6;SIM;9;LOCAÇÃO DE IMÓVEL;SIM;;;;
CONTRATO;20;2016;PGJ;CONTRATO-20-2016-PGJ;04203/2020-06;LEI_8.666;DISPENSA;LOCAÇÃO DE IMÓVEL PARA A PJ DE VALENÇA - PI;473.814.853-20;MARIA DE LOURDES NOGUEIRA NORONHA;25/05/2016;25/05/2021;25/02/2025;-511;FORA DO PRAZO;FORA DO PRAZO;R$ 66.000,00;R$ 0,00;R$ 88.836,11;NÃO;CPPT;400;ANA CLARA AMORIM SANTOS SOARES;;-;;-;;-;2748/2019;NÃO;-;SIM;6;SIM;5;LOCAÇÃO DE IMÓVEL;SIM;;;;
CONTRATO;29;2016;PGJ;CONTRATO-29-2016-PGJ;7069/2016;LEI_8.666;ADESÃO;CONTRATAÇÃO DE LINKS DEDICADOS PARA ACESSO A INTERNET;33.000.118/0001-79;TELEMAR NORTE LESTE S/A. - EM RECUPERACAO JUDICIAL;23/06/2016;23/12/2018;23/06/2021;-1854;FORA DO PRAZO;FORA DO PRAZO;R$ 386.590,20;R$ 0,00;R$ 471.744,42;NÃO;CTI;15807;ÍTALO GARCIA ARAÚJO NOGUEIRA;;-;;-;;-;1788/2020;NÃO;-;SIM;5;NÃO;-;INTERNET;SIM;;;;
CONTRATO;30;2016;PGJ;CONTRATO-30-2016-PGJ;4812/2016;LEI_8.666;ADESÃO;CONTRATAÇÃO DE SERVIÇOS DE TELEFONIA COM ENTROCAMENTO E-1-R2D;33.000.118/0001-79;TELEMAR NORTE LESTE S/A. - EM RECUPERACAO JUDICIAL;17/11/2016;17/11/2017;16/11/2021;-1708;FORA DO PRAZO;FORA DO PRAZO;R$ 10.952,58;R$ 0,00;R$ 39.358,11;NÃO;CTI;335;THIAGO DE ARAÚJO COSTA SOARES;;-;;-;;-;235/2017;NÃO;-;SIM;5;NÃO;-;TELEFONIA;SIM;;;;
CONTRATO;12;2016;PGJ;CONTRATO-12-2016-PGJ;19146/2015;LEI_8.666;PREGÃO ELETRÔNICO;CONTRATAÇÃO E INSTALAÇÃO DE LINK DE INTERNET;05.423.963/0001-11;OI MOVEL S.A. - EM RECUPERACAO JUDICIAL;01/04/2016;01/04/2017;01/04/2021;-1937;FORA DO PRAZO;FORA DO PRAZO;R$ 46.921,92;R$ 0,00;R$ 205.148,50;NÃO;CTI;335;THIAGO DE ARAÚJO COSTA SOARES;;-;;-;;-;840/2016;NÃO;-;SIM;5;NÃO;-;INTERNET;SIM;;;;
CONTRATO;21;2016;PGJ;CONTRATO-21-2016-PGJ;04182/2020-43;LEI_8.666;INEXIGIBILIDADE;PRESTAÇÃO DE SERVIÇO DE SUPORTE TÉCNICO EM SOFTWARES ORACLE;59.456.277/0001-76;ORACLE DO BRASIL SISTEMAS LTDA;27/07/2016;27/07/2017;12/07/2020;-2200;FORA DO PRAZO;FORA DO PRAZO;R$ 189.542,27;R$ 0,00;R$ 607.944,85;NÃO;CTI;294;MARCIEL FERREIRA LIMA;;-;;-;;-;1678/2016;NÃO;-;SIM;4;NÃO;-;SERVIÇOS;SIM;;;;
CONTRATO;32;2016;PGJ;CONTRATO-32-2016-PGJ;9749/2016;LEI_8.666;INEXIGIBILIDADE;DISPONIBILIZAÇÃO DE ACESSO A BANCO DE DADOS;07.797.967/0001-95;NP CAPACITACAO E SOLUCOES TECNOLOGICAS LTDA;11/07/2016;11/07/2017;11/07/2019;-2567;FORA DO PRAZO;FORA DO PRAZO;R$ 7.990,00;R$ 0,00;R$ 15.980,00;NÃO;CTI;126;ANNE CAROLINNE CARVALHO GALDINO;;-;;-;;-;2034/2016;NÃO;-;SIM;2;NÃO;-;SERVIÇOS;SIM;;;;
CONTRATO;14;2016;PGJ;CONTRATO-14-2016-PGJ;681/2016;LEI_8.666;DISPENSA;SERVIÇOS DE PAC PARA ENTREGA DE MATERIAL NAS PROMOTORIAS DO INTERIOR DO ESTADO;34.028.316/0022-38;SUPERINTENDÊNCIA ESTADUAL DE OPERAÇÕES DO PIAUÍ (CORREIOS);04/05/2016;04/05/2021;04/05/2021;-1904;FORA DO PRAZO;FORA DO PRAZO;R$ 450.447,50;R$ 0,00;R$ 0,00;NÃO;CAA;173;ALCIVAN DA COSTA MARQUES;;-;;-;;-;954/2019;NÃO;-;NÃO;-;NÃO;-;SERVIÇOS;SIM;;;;
CONTRATO;34;2016;PGJ;CONTRATO-34-2016-PGJ;12002/2016;LEI_8.666;PREGÃO ELETRÔNICO;AQUISIÇÃO DE SERVIÇOS SECURITÁRIOS;61.074.175/0001-38;MAPFRE SEGUROS GERAIS S/A;24/08/2016;24/08/2017;30/06/2021;-1847;FORA DO PRAZO;FORA DO PRAZO;R$ 6.000,00;R$ 0,00;R$ 17.281,96;NÃO;CAA;15641;-;;-;;-;;-;2448/2018;NÃO;-;SIM;3;NÃO;-;SEGURO;SIM;;;;
CONTRATO;1;2017;FEPDC;CONTRATO-1-2017-FEPDC;4217/2017;LEI_8.666;PREGÃO ELETRÔNICO;CONTRATAÇÃO DE SERVIÇOS SECURITÁRIOS;61.198.164/0001-60;PORTO SEGURO COMPANHIA DE SEGUROS GERAIS;30/06/2017;30/06/2018;13/03/2022;-1591;FORA DO PRAZO;FORA DO PRAZO;R$ 3.200,00;R$ 0,00;R$ 9.599,86;NÃO;CAA;15641;-;;-;;-;;-;2448/2018;NÃO;-;SIM;3;NÃO;-;SEGURO;SIM;;;;
CONTRATO;5;2017;PGJ;CONTRATO-5-2017-PGJ;1835/2017;LEI_8.666;ADESÃO;PRESTAÇÃO DE SERVIÇOS DE TELEFONIA;33.000.118/0001-79;TELEMAR NORTE LESTE S/A. - EM RECUPERACAO JUDICIAL;13/03/2017;13/03/2018;13/03/2018;-3052;FORA DO PRAZO;FORA DO PRAZO;R$ 288.790,92;R$ 0,00;R$ 1.265.380,13;NÃO;CAA;204;THIAGO NOGUEIRA DE SOUSA MARTINS ALMEIDA;;-;;-;;-;967/2017;NÃO;-;SIM;5;NÃO;-;TELEFONIA;SIM;;;;
CONTRATO;9;2017;PGJ;CONTRATO-9-2017-PGJ;4256/2020-30;LEI_8.666;DISPENSA;LOCAÇÃO DE IMÓVEL PARA A PJ DE SÃO RAIMUNDO NONATO - PI;341.265.703-49;CARLIMBERG DA SILVA OLIVEIRA;21/03/2017;21/03/2022;21/03/2027;243;EM VIGÊNCIA;EM VIGÊNCIA;R$ 192.000,00;R$ 0,00;R$ 353.444,98;NÃO;CPPT;368;STÊNIO CAVALCANTE DE OLIVEIRA;;-;;-;;-;737/2017;NÃO;-;SIM;5;SIM;6;LOCAÇÃO DE IMÓVEL;SIM;;;;
CONTRATO;18;2017;PGJ;CONTRATO-18-2017-PGJ;1619/2017;LEI_8.666;PREGÃO ELETRÔNICO;SERVIÇO DE MANUTENÇÃO PREVENTIVA E CORRETIVA PARA ELEVADORES;29.739.737/0012-65;ELEVADORES OTIS LTDA;11/05/2017;11/05/2022;24/05/2020;-2249;FORA DO PRAZO;FORA DO PRAZO;R$ 145.250,00;R$ 0,00;R$ 15.600,00;NÃO;CPPT;15491;KELMER SAID MELO;;-;;-;;-;471/2019;NÃO;-;SIM;#REF!;NÃO;-;SERVIÇO DE MANUTENÇÃO;SIM;;;;
CONTRATO;20;2017;PGJ;CONTRATO-20-2017-PGJ;5834/2017;LEI_8.666;INEXIGIBILIDADE;SOLUÇÃO RYBENÁ DE ACESSIBILIDADE PARA WEB;06.023.804/0001-92;CENTRO DE TECNOLOGIA DE SOFTWARE LTDA;24/05/2017;24/05/2018;19/09/2022;-1401;FORA DO PRAZO;FORA DO PRAZO;R$ 7.800,00;R$ 0,00;R$ 15.600,00;NÃO;CTI;15807;ÍTALO GARCIA ARAÚJO NOGUEIRA;;-;;-;;-;1841/2017;NÃO;-;SIM;3;NÃO;-;INTERNET;SIM;;;;
CONTRATO;48;2017;PGJ;CONTRATO-48-2017-PGJ;3953/2020-63;LEI_8.666;PREGÃO ELETRÔNICO;"CONTRATAÇÃO DE PESSOA JURÍDICA PARA ""GERENCIAMENTO"" DE PASSAGENS AÉREAS";04.462.643/0001-08;SLC SERVICOS AEROPORTUARIO LTDA;19/09/2017;19/09/2018;19/09/2018;-2862;FORA DO PRAZO;FORA DO PRAZO;R$ 400.002,50;R$ 0,00;R$ 1.376.413,36;NÃO;CCS;15813;LÍCIA ALENCAR BOTELHO;;-;;-;;-;3119/2019;SIM;5%DO VALOR TOTAL CONTRATADO;SIM;5;NÃO;-;SERVIÇOS;SIM;;;;
CONTRATO;53;2017;PGJ;CONTRATO-53-2017-PGJ;5097/2020-21;LEI_8.666;DISPENSA;LOCAÇÃO DE IMÓVEL PARA A PJ DE BARRO DURO - PI;757.336.333-87;FAUSTO VIEIRA DE ALENCAR;05/10/2017;05/10/2022;08/10/2026;79;RENOVAÇÃO URGENTE;EM VIGÊNCIA;R$ 36.000,00;R$ 0,00;R$ 18.226,13;NÃO;CPPT;15705;RAYSSA EMMANUELE C. F MAGALHÃES ;;-;;-;;-;3229/2022;NÃO;-;SIM;1;SIM;8;LOCAÇÃO DE IMÓVEL;SIM;;;;
CONTRATO;54;2017;PGJ;CONTRATO-54-2017-PGJ;5102/2020-18;LEI_8.666;DISPENSA;LOCAÇÃO DE IMÓVEL PARA A PJ DE JOSÉ DE FREITAS - PI;349.310.403-06;ESTELA NÚBIA DOS REIS MOURA;02/10/2017;02/10/2022;02/10/2026;73;RENOVAÇÃO URGENTE;EM VIGÊNCIA;R$ 108.000,00;R$ 0,00;R$ 67.968,60;NÃO;CPPT;378;ZÉLIA BEATRIZ MORAIS FERNANDES SOBRAL;;-;;-;;-;3832/2024;NÃO;-;SIM;3;SIM;7;LOCAÇÃO DE IMÓVEL;SIM;;;;
CONTRATO;67;2017;PGJ;CONTRATO-67-2017-PGJ;06307/2020-75;LEI_8.666;DISPENSA;LOCAÇÃO DE IMÓVEL PARA A PJ DE ALTOS - PI;695.264.433-49;WELLISMARA CARVALHO GIL BARBOSA;18/12/2017;18/12/2022;22/12/2020;-2037;FORA DO PRAZO;FORA DO PRAZO;R$ 216.000,00;R$ 0,00;R$ 138.937,89;NÃO;CPPT;15491;KELMER SAID MELO;;-;;-;;-;812/2019;NÃO;-;SIM;4;SIM;1;LOCAÇÃO DE IMÓVEL;SIM;;;;
CONTRATO;70;2017;PGJ;CONTRATO-70-2017-PGJ;30746/2017;LEI_8.666;ADESÃO;CONTRATAÇÃO DE LICENCIAMENTO DE INFRAESTRUTURA, ETC;57.142.978/0001-05;BRASOFTWARE INFORMÁTICA LTDA;22/12/2017;22/12/2018;06/03/2021;-1963;FORA DO PRAZO;FORA DO PRAZO;R$ 807.000,00;R$ 0,00;R$ 1.718.948,41;NÃO;CTI;15807;ÍTALO GARCIA ARAÚJO NOGUEIRA;;-;;-;;-;94/2018;NÃO;-;SIM;4;NÃO;-;INTERNET;SIM;;;;
CONTRATO;1;2018;FEPDC;CONTRATO-1-2018-FEPDC;10384/2018;LEI_8.666;PREGÃO ELETRÔNICO;CONTRATAÇÃO DE SERVIÇOS SECURITÁRIOS;61.074.175/0001-38;MAPFRE SEGUROS GERAIS S/A;06/03/2018;06/03/2019;06/03/2019;-2694;FORA DO PRAZO;FORA DO PRAZO;R$ 3.700,00;R$ 0,00;R$ 7.400,00;NÃO;CAA;15641;-;;-;;-;;-;2788/2019;NÃO;-;SIM;2;NÃO;-;SEGURO;SIM;;;;
CONTRATO;2;2018;FEPDC;CONTRATO-2-2018-FEPDC;3497/2018;LEI_8.666;PREGÃO ELETRÔNICO;GERENCIAMENTO DE CRÉDITOS E OUTRAS RECEITAS, INCLUINDO O PAGAMENTO DE FORNECEDORES E DEMAIS CREDORES;00.000.000/0001-91;BANCO DO BRASIL S/A;19/12/2018;19/12/2023;09/01/2022;-1654;FORA DO PRAZO;FORA DO PRAZO;R$ 55.000,00;R$ 0,00;R$ 0,00;NÃO;CCF;139;FRANCISCO LUIZ DE PAULA REGO;;-;;-;;-;104/2019;NÃO;-;NÃO;-;NÃO;-;BANCÁRIO;SIM;;;;
CONTRATO;8;2018;PGJ;CONTRATO-8-2018-PGJ;31259/2017;LEI_8.666;INEXIGIBILIDADE;CONTRATAÇÃO DE LICENÇA ANUAL DO UFED TOUCH ULTIMATE E UFED ANALYTICS DESKTOP;05.757.597/0002-18;TECHBIZ FORENSE DIGITAL LTDA;09/01/2018;09/01/2019;01/03/2023;-1238;FORA DO PRAZO;FORA DO PRAZO;R$ 36.468,07;R$ 0,00;R$ 117.578,56;NÃO;CTI;335;THIAGO DE ARAÚJO COSTA SOARES;;-;;-;;-;143/2018;NÃO;-;SIM;3;NÃO;-;INTERNET;SIM;;;;
CONTRATO;11;2018;PGJ;CONTRATO-11-2018-PGJ;5141/2020-32;LEI_8.666;ADESÃO;FORNECIMENTO DE MATERIAL GRÁFICO;09.643.969/0001-55;MAX DIGITAL PRINT LTDA - ME;01/03/2018;01/03/2019;05/03/2021;-1964;FORA DO PRAZO;FORA DO PRAZO;R$ 175.483,20;R$ 0,00;R$ 923.561,77;NÃO;CCS;122;SHAIANNA DA COSTA ARAÚJO;;-;;-;;-;725/2018;NÃO;-;SIM;5;NÃO;-;MATERIAL DE CONSUMO;SIM;;;;
CONTRATO;13;2018;PGJ;CONTRATO-13-2018-PGJ;4793/2020-19;LEI_8.666;CONCORRÊNCIA;CONTRATAÇÃO DE ESCRITÓRIO DE ADVOCACIA;06.554.930/0001-73;ALENCAR REBELO ADVOCACIA E CONSULTORIA JURIDICA;05/03/2018;05/03/2019;06/03/2021;-1963;FORA DO PRAZO;FORA DO PRAZO;R$ 0,00;R$ 0,00;R$ 0,00;NÃO;PGJ;345;ÍTALO SILVA VAZ;;-;;-;;-;780/2018;NÃO;-;SIM;2;NÃO;-;ADVOCACIA;SIM;;;;
CONTRATO;16;2018;PGJ;CONTRATO-16-2018-PGJ;22572/2017;LEI_8.666;PREGÃO ELETRÔNICO;CONTRATAÇÃO DE SERVIÇOS SECURITÁRIOS;61.074.175/0001-38;MAPFRE SEGUROS GERAIS S/A;05/03/2018;06/03/2019;11/04/2020;-2292;FORA DO PRAZO;FORA DO PRAZO;R$ 3.950,00;R$ 0,00;R$ 7.900,00;NÃO;CAA;15641;-;;-;;-;;-;2788/2019;NÃO;-;SIM;2;NÃO;-;SEGURO;SIM;;;;
CONTRATO;20;2018;PGJ;CONTRATO-20-2018-PGJ;10795/2017;LEI_8.666;PREGÃO ELETRÔNICO;CONTRATAÇÃO DE SERVIÇOS SECURITÁRIOS;61.074.175/0001-38;MAPFRE SEGUROS GERAIS S/A;11/04/2018;11/04/2019;31/08/2021;-1785;FORA DO PRAZO;FORA DO PRAZO;R$ 5.450,00;R$ 0,00;R$ 5.450,00;NÃO;CAA;15641;-;;-;;-;;-;2788/2019;NÃO;-;SIM;1;NÃO;-;SEGURO;SIM;;;;
CONTRATO;23;2018;PGJ;CONTRATO-23-2018-PGJ;14564/2017;LEI_8.666;CONCORRÊNCIA;SUBLOCAÇÃO PARCIAL, A TÍTULO ONEROSO, DE ÁREA FÍSICA DO MPPI;30.181.262/0001-60;M E A VIVEIROS - ALIMENTAÇÃO ME;10/05/2018;10/05/2018;07/06/2021;-1870;FORA DO PRAZO;FORA DO PRAZO;-R$ 19.200,00;R$ 0,00;-R$ 45.216,36;NÃO;CPPT;15491;KELMER SAID MELO;;-;;-;;-;1676/2019;NÃO;-;SIM;2;NÃO;-;SUBLOCAÇÃO;SIM;;;;
CONTRATO;24;2018;PGJ;CONTRATO-24-2018-PGJ;1367/2018;LEI_8.666;PREGÃO ELETRÔNICO;CONTRATAÇÃO DE SERVIÇOS SECURITÁRIOS;61.198.164/0001-60;PORTO SEGURO COMPANHIA DE SEGUROS GERAIS;07/06/2018;07/06/2019;17/07/2026;-4;FORA DO PRAZO;FORA DO PRAZO;R$ 22.500,00;R$ 0,00;R$ 23.505,12;NÃO;CAA;15641;-;;-;;-;;-;2788/2019;NÃO;-;SIM;2;NÃO;-;SEGURO;SIM;;;;
CONTRATO;30;2018;PGJ;CONTRATO-30-2018-PGJ;4214/2020-97;LEI_8.666;CONCORRÊNCIA;CONTRATAÇÃO DE ESCRITÓRIO DE ADVOCACIA;10.895.072/0001-06;ADVOCACIA BARRETO, DOLABELLA E FIEL;17/07/2018;17/07/2019;14/07/2026;-7;FORA DO PRAZO;FORA DO PRAZO;R$ 0,00;R$ 0,00;R$ 0,00;NÃO;PGJ;345;ÍTALO SILVA VAZ;;-;;-;;-;2152/2018;NÃO;-;SIM;5;NÃO;-;ADVOCACIA;SIM;;;;
CONTRATO;31;2018;PGJ;CONTRATO-31-2018-PGJ;4545/2020-84;LEI_8.666;DISPENSA;LOCAÇÃO DE IMÓVEL PARA A PJ DE MARCOS PARENTE - PI;708.984.483-87;ANTÔNIA NETO DA SILVA;09/07/2018;09/07/2023;09/07/2027;353;EM VIGÊNCIA;EM VIGÊNCIA;R$ 36.000,00;R$ 0,00;R$ 224.205,29;NÃO;CPPT;20136;LAYLLA MANOELA DE SOUSA NASCIMENTO ;;-;;-;;-;2418/2024;NÃO;-;SIM;1;SIM;6;LOCAÇÃO DE IMÓVEL;SIM;;;;
CONTRATO;35;2018;PGJ;CONTRATO-35-2018-PGJ;5104/2020-61;LEI_8.666;DISPENSA;LOCAÇÃO DE IMÓVEL PARA O GAECO, GSI E GERCOG;02.396.393/0001-20;LUAUTO EMPREENDIMENTOS IMOBILIÁRIOS LTDA;04/10/2018;04/10/2023;04/10/2026;75;RENOVAÇÃO URGENTE;EM VIGÊNCIA;R$ 600.000,00;R$ 0,00;R$ 128.139,80;NÃO;CPPT;350;GERSON MESQUITA DE BRITO;;-;;-;;-;2743/2018;NÃO;-;SIM;4;SIM;4;LOCAÇÃO DE IMÓVEL;SIM;;;;
CONTRATO;36;2018;PGJ;CONTRATO-36-2018-PGJ;4538/2020-17;LEI_8.666;PREGÃO ELETRÔNICO;CONTRATAÇÃO DE SERVIÇO DE TECNOLOGIA DA INFORMAÇÃO;41.644.220/0001-35;DB3 SERVIÇOS DE TELECOMUNICAÇÕES S.A.;08/10/2018;08/10/2020;24/10/2020;-2096;FORA DO PRAZO;FORA DO PRAZO;R$ 1.219.246,08;R$ 0,00;R$ 1.720.877,86;NÃO;CTI;15807;ÍTALO GARCIA ARAÚJO NOGUEIRA;;-;;-;;-;1426/2020;NÃO;-;SIM;3;SIM;3;INTERNET;SIM;;;;
CONTRATO;37;2018;PGJ;CONTRATO-37-2018-PGJ;33945/2017;LEI_8.666;DISPENSA;CONTRATAÇÃO DE SERVIÇOS PARA O CONCURSO DE MEMBROS DO MPPI;18.284.407/0001-53;CEBRASPE;24/10/2018;24/10/2019;31/12/2030;1624;EM VIGÊNCIA;EM VIGÊNCIA;R$ 487.972,87;R$ 0,00;R$ 0,00;NÃO;PGJ;345;ÍTALO SILVA VAZ;;-;;-;;-;2903/2018;NÃO;-;SIM;1;NÃO;-;CONCURSO;NÃO;;;;
CONTRATO;45;2018;PGJ;CONTRATO-45-2018-PGJ;5975/2020-18;LEI_8.666;INEXIGIBILIDADE;FORNECIMENTO DE ÁGUA TRATADA E/OU COLETA E TRATAMENTO DE ESGOTAMENTO SANITÁRIO;29.575.369/0001-04;SERVICO AUTONOMO DE AGUA E ESGOTO (SAAE) - OEIRAS;06/11/2018;06/11/2029;06/11/2029;1204;EM VIGÊNCIA;EM VIGÊNCIA;R$ 1.576,44;R$ 1.576,44;R$ 4.729,32;NÃO;CAA;213;ENNIO RICELLI SANTOS SOUSA;;-;;-;;-;326/2022;NÃO;-;SIM;2;NÃO;-;SERVIÇOS;SIM;;;;
CONTRATO;54;2018;FMMPPI;CONTRATO-54-2018-FMMPPI;5936/2020-04;LEI_8.666;PREGÃO ELETRÔNICO;ARRECADAR E GERIR CUSTAS JUDICIAIS E EMOLUMENTOS DO MPPI;00.000.000/0001-91;BANCO DO BRASIL S/A;19/12/2018;19/12/2023;14/12/2023;-950;FORA DO PRAZO;FORA DO PRAZO;R$ 1.321.755,00;R$ 0,00;R$ 0,00;NÃO;CCF;16576;DENIS RODRIGUES DE LIMA;;-;;-;;-;103/2019;NÃO;-;NÃO;-;NÃO;-;BANCÁRIO;SIM;;;;
CONTRATO;56;2018;PGJ;CONTRATO-56-2018-PGJ;5908/2020-81;LEI_8.666;PREGÃO ELETRÔNICO;PRESTAÇÃO DE SERVIÇOS DE SUPORTE À INFRAESTRUTURA DE TI;19.877.300/0001-81;LANLINK SERVICOS DE INFORMATICA SA;14/12/2018;14/12/2020;14/12/2020;-2045;FORA DO PRAZO;FORA DO PRAZO;R$ 636.041,52;R$ 0,00;R$ 2.206.067,95;NÃO;CTI;15379;JOÃO CARLOS BARBOSA DOS SANTOS;;-;;-;;-;36/2019;NÃO;-;SIM;3;NÃO;-;SERVIÇOS DE TI;SIM;;;;
CONTRATO;4;2019;FEPDC;CONTRATO-4-2019-FEPDC;1375/2019-66;LEI_8.666;PREGÃO ELETRÔNICO;AQUISIÇÃO DE IMPRESSORAS MULTIFUNCIONAIS E TONERS;78.126.950/0011-26;MICROSENS S/A;14/08/2019;14/08/2020;14/08/2020;-2167;FORA DO PRAZO;FORA DO PRAZO;R$ 130.580,00;R$ 0,00;R$ 0,00;NÃO;CTI;15379;JOÃO CARLOS BARBOSA DOS SANTOS;;-;;-;;-;2542/2019;NÃO;-;NÃO;-;NÃO;-;MATERIAL PERMANENTE;NÃO;;;;
CONTRATO;5;2019;FEPDC;CONTRATO-5-2019-FEPDC;1361/2019-70;LEI_8.666;PREGÃO ELETRÔNICO;AQUISIÇÃO DE COMPUTADORES;22.797.545/0001-03;LENOVO COMERCIAL E DISTRIBUIÇÃO LTDA;11/09/2019;11/09/2020;11/09/2020;-2139;FORA DO PRAZO;FORA DO PRAZO;R$ 840.000,00;R$ 0,00;R$ 0,00;NÃO;CTI;15807;ÍTALO GARCIA ARAÚJO NOGUEIRA;307;AIRTON ALVES MENDES DE MOURA;15379;JOÃO CARLOS BARBOSA DOS SANTOS;;-;2887/2019;NÃO;-;NÃO;-;NÃO;-;MATERIAL PERMANENTE;NÃO;;;;
CONTRATO;18;2019;PGJ;CONTRATO-18-2019-PGJ;4257/2020-03;LEI_8.666;DISPENSA;LOCAÇÃO DE IMÓVEL PARA A PJ DE PICOS - PI;16.851.489/0001-45;IMOBILIÁRIA MOURA LTDA;28/02/2019;28/02/2024;28/02/2029;953;EM VIGÊNCIA;EM VIGÊNCIA;R$ 960.000,00;R$ 0,00;R$ 95.217,50;NÃO;CPPT;20041;ANDRÉIA MANOELLE ROCHA DA COSTA;;-;;-;;-;3458/2022;NÃO;-;NÃO;-;SIM;4;LOCAÇÃO DE IMÓVEL;SIM;;;;
CONTRATO;21;2019;PGJ;CONTRATO-21-2019-PGJ;5973/2020-72;LEI_8.666;PREGÃO ELETRÔNICO;GERENCIAMENTO DO ABASTECIMENTO DA FROTA VEICULAR;28.008.410/0001-06;BAMEX CONSULTORIA EM GESTÃO EMPRESARIAL LTDA;15/03/2019;15/03/2020;13/08/2021;-1803;FORA DO PRAZO;FORA DO PRAZO;R$ 631.738,98;R$ 0,00;R$ 1.410.046,40;NÃO;CAA;20026;FELIPE ARLLEM REZENDE;204;THIAGO NOGUEIRA DE SOUSA MARTINS ALMEIDA;15450;ANTÔNIO MARCOS PESSOA;;-;955/2019;NÃO;-;SIM;3;NÃO;-;SERVIÇOS;SIM;;;;
CONTRATO;28;2019;PGJ;CONTRATO-28-2019-PGJ;5977/2020-61;LEI_8.666;PREGÃO ELETRÔNICO;PRESTAÇÃO DE SERVIÇOS CONTINUADOS DE LIMPEZA;12.805.448/0001-61;GARDEN LOCADORA E PRESTADORA DE SERVIÇOS;15/05/2019;15/05/2020;13/05/2021;-1895;FORA DO PRAZO;FORA DO PRAZO;R$ 1.051.048,08;R$ 0,00;R$ 1.348.296,47;NÃO;CAA;173;ALCIVAN DA COSTA MARQUES;20026;FELIPE ARLLEM REZENDE;15450;ANTÔNIO MARCOS PESSOA;204;THIAGO NOGUEIRA DE SOUSA MARTINS ALMEIDA;1350/2019;NÃO;-;SIM;2;NÃO;-;TERCEIRIZAÇÃO DE MÃO DE OBRA;SIM;;;;
CONTRATO;30;2019;PGJ;CONTRATO-30-2019-PGJ;180/2019-44;LEI_8.666;PREGÃO ELETRÔNICO;CONTRATAÇÃO DE SERVIÇOS SECURITÁRIOS;61.074.175/0001-38;MAPFRE SEGUROS GERAIS S/A;13/05/2019;13/05/2020;25/06/2023;-1122;FORA DO PRAZO;FORA DO PRAZO;R$ 17.000,00;R$ 0,00;R$ 17.000,00;NÃO;CAA;15641;-;;-;;-;;-;2788/2019;NÃO;-;SIM;1;NÃO;-;SEGURO;SIM;;;;
CONTRATO;33;2019;PGJ;CONTRATO-33-2019-PGJ;5113/2020-12;LEI_8.666;PREGÃO ELETRÔNICO;PRESTAÇÃO DE SERVIÇOS DE TELEFONIA MÓVEL PESSOAL;02.558.157/0001-62;TELEFÔNICA BRASIL S/A;25/06/2019;25/06/2020;03/02/2021;-1994;FORA DO PRAZO;FORA DO PRAZO;R$ 420.211,20;R$ 0,00;R$ 1.770.423,33;NÃO;CAA;213;ENNIO RICELLI SANTOS SOUSA;307;AIRTON ALVES MENDES DE MOURA;15450;ANTÔNIO MARCOS PESSOA;;-;1631/2019;SIM;5% DO VALOR ANUAL ESTIMADO DO CONTRATO;SIM;4;NÃO;-;TELEFONIA;SIM;;;;
CONTRATO;34;2019;PGJ;CONTRATO-34-2019-PGJ;965/2019-92;LEI_8.666;PREGÃO ELETRÔNICO;PRESTAÇÃO DE SERVIÇOS CONTINUADOS;19.427.828/0001-59;TRANSLOC TERCEIRIZACAO, SERVIÇOS E LOCAÇÃO DE MÃO DE OBRA;14/06/2019;14/06/2020;12/06/2024;-769;FORA DO PRAZO;FORA DO PRAZO;R$ 3.422.426,88;R$ 0,00;R$ 12.911,85;NÃO;CAA;173;ALCIVAN DA COSTA MARQUES;204;THIAGO NOGUEIRA DE SOUSA MARTINS ALMEIDA;15828;-;;-;2055/2019;NÃO;-;SIM;1;NÃO;-;TERCEIRIZAÇÃO DE MÃO DE OBRA;SIM;;;;
CONTRATO;35;2019;PGJ;CONTRATO-35-2019-PGJ;4081/2020-02;LEI_8.666;DISPENSA;SERVIÇO REMANESCENTE DE SERVIÇO DE TI PARA TRÁFEGO DE INFORMAÇÕES;41.644.220/0001-35;DB3 SERVIÇOS DE TELECOMUNICAÇÕES S.A.;12/06/2019;12/10/2020;12/10/2020;-2108;FORA DO PRAZO;FORA DO PRAZO;R$ 1.942.739,06;R$ 0,00;R$ 1.465.700,75;NÃO;CTI;15807;ÍTALO GARCIA ARAÚJO NOGUEIRA;;-;;-;;-;1425/2020;SIM;5% DO VALOR ANUAL ESTIMADO DO CONTRATO;SIM;5;NÃO;-;INTERNET;SIM;;;;
CONTRATO;37;2019;PGJ;CONTRATO-37-2019-PGJ;4486/2020-28;LEI_8.666;DISPENSA;LOCAÇÃO DE IMÓVEL PARA A PJ DE AMARANTE - PI;156.274.973-00;LOURIVAL RIBEIRO SOARES;26/06/2019;02/07/2024;31/08/2026;41;RENOVAÇÃO URGENTE;EM VIGÊNCIA;R$ 60.000,00;R$ 0,00;R$ 9.202,33;NÃO;CPPT;15670;RAUL PIANCÓ DE OLIVEIRA ;;-;;-;;-;724/2023;NÃO;-;NÃO;-;SIM;3;LOCAÇÃO DE IMÓVEL;SIM;;;;
CONTRATO;38;2019;PGJ;CONTRATO-38-2019-PGJ;1120/2019-78;LEI_8.666;PREGÃO ELETRÔNICO;SERVIÇO DE INSPEÇÃO, CONSERVAÇÃO E MANUTENÇÃO DE EDIFICAÇÕES COM APLICAÇÃO DE MATERIAL;10.659.927/0001-91;MUTUAL SERVIÇOS DE ENGENHARIA LTDA;25/06/2019;25/06/2020;25/06/2020;-2217;FORA DO PRAZO;FORA DO PRAZO;R$ 16.120,68;R$ 0,00;R$ 37.895,83;NÃO;CPPT;15821;ANDRÉ CASTELO BRANCO RIBEIRO;;-;;-;;-;1822/2019;NÃO;-;SIM;3;NÃO;-;OBRA;NÃO;;;;
CONTRATO;39;2019;PGJ;CONTRATO-39-2019-PGJ;1040/2019-07;LEI_8.666;PREGÃO ELETRÔNICO;SERVIÇO DE INSPEÇÃO, CONSERVAÇÃO E MANUTENÇÃO DE EDIFICAÇÕES COM APLICAÇÃO DE MATERIAL;04.603.664/0001-64;V.M. PESSOA FEITOSA MONTEIRO ME;27/06/2019;27/06/2020;27/06/2020;-2215;FORA DO PRAZO;FORA DO PRAZO;R$ 3.574,72;R$ 0,00;R$ 0,00;NÃO;CPPT;226;CAROL CHAVES MESQUITA E FERREIRA;;-;;-;;-;2089/2019;NÃO;-;NÃO;-;NÃO;-;OBRA;NÃO;;;;
CONTRATO;40;2019;PGJ;CONTRATO-40-2019-PGJ;1113/2019-73;LEI_8.666;PREGÃO ELETRÔNICO;AQUISIÇÃO DE LICENÇAS PERPÉTUAS WINDOWS SERVER 2016 STANDARD;28.800.572/0001-74;TRICORDER INFORMÁTICA LTDA;12/07/2019;12/07/2020;12/07/2020;-2200;FORA DO PRAZO;FORA DO PRAZO;R$ 5.800,00;R$ 0,00;R$ 0,00;NÃO;CTI;335;THIAGO DE ARAÚJO COSTA SOARES;;-;;-;;-;2087/2019;NÃO;-;NÃO;-;NÃO;-;INTERNET;NÃO;;;;
CONTRATO;41;2019;PGJ;CONTRATO-41-2019-PGJ;1262/2019-27;LEI_8.666;PREGÃO ELETRÔNICO;SERVIÇO DE INSPEÇÃO, CONSERVAÇÃO E MANUTENÇÃO DE EDIFICAÇÕES COM APLICAÇÃO DE MATERIAL;04.603.664/0001-64;V.M. PESSOA FEITOSA MONTEIRO ME;12/07/2019;12/07/2020;12/07/2020;-2200;FORA DO PRAZO;FORA DO PRAZO;R$ 1.423,29;R$ 0,00;R$ 0,00;NÃO;CPPT;15821;ANDRÉ CASTELO BRANCO RIBEIRO;;-;;-;;-;2086/2019;NÃO;-;NÃO;-;NÃO;-;OBRA;NÃO;;;;
CONTRATO;42;2019;FMMPPI;CONTRATO-42-2019-FMMPPI;1233/2019-34;LEI_8.666;ADESÃO;AQUISIÇÃO DE MATERIAL PERMANENTE;21.306.287/0001-52;TECNO2000 INDÚSTRIA E COMÉRCIO LTDA;12/07/2019;12/07/2020;12/07/2020;-2200;FORA DO PRAZO;FORA DO PRAZO;R$ 68.565,00;R$ 0,00;R$ 0,00;NÃO;CAA;307;AIRTON ALVES MENDES DE MOURA;;-;;-;;-;2095/2019;NÃO;-;NÃO;-;NÃO;-;MATERIAL PERMANENTE;NÃO;;;;
CONTRATO;43;2019;FMMPPI;CONTRATO-43-2019-FMMPPI;1122/2019-24;LEI_8.666;ADESÃO;AQUISIÇÃO DE AR CONDICIONADO;17.417.928/0001-79;VENTISOL DA AMAZÔNIA INDÚSTRIA DE APARELHOS ELÉTRICOS;12/07/2019;12/07/2020;16/07/2023;-1101;FORA DO PRAZO;FORA DO PRAZO;R$ 102.620,00;R$ 0,00;R$ 0,00;NÃO;CAA;307;AIRTON ALVES MENDES DE MOURA;15980;-;15450;ANTÔNIO MARCOS PESSOA;;-;2094/2019;NÃO;-;NÃO;-;NÃO;-;MATERIAL PERMANENTE;NÃO;;;;
CONTRATO;44;2019;PGJ;CONTRATO-44-2019-PGJ;4589/2020-60;LEI_8.666;PREGÃO ELETRÔNICO;LOCAÇÃO DE CENTRAL TELEFÔNICA DIGITAL;18.089.589/0001-01;G KELLY DA SILVA ARAUJO & CIA LTDA ME;16/07/2019;16/07/2020;16/07/2020;-2196;FORA DO PRAZO;FORA DO PRAZO;R$ 89.004,00;R$ 0,00;R$ 308.092,22;NÃO;CAA;20026;FELIPE ARLLEM REZENDE;;-;;-;;-;2334/2019;NÃO;-;SIM;6;NÃO;-;LOCAÇÃO DE EQUIPAMENTOS;SIM;;;;
CONTRATO;45;2019;PGJ;CONTRATO-45-2019-PGJ;1294/2019-36;LEI_8.666;PREGÃO ELETRÔNICO;SERVIÇO DE INSPEÇÃO, CONSERVAÇÃO E MANUTENÇÃO COM APLICAÇÃO DE MATERIAL NA SEDE CENTRO;10.659.927/0001-91;MUTUAL SERVIÇOS DE ENGENHARIA LTDA;22/07/2019;22/07/2020;22/07/2020;-2190;FORA DO PRAZO;FORA DO PRAZO;R$ 4.858,65;R$ 0,00;R$ 0,00;NÃO;CPPT;404;-;;-;;-;;-;2236/2019;NÃO;-;NÃO;-;NÃO;-;OBRA;NÃO;;;;
CONTRATO;46;2019;PGJ;CONTRATO-46-2019-PGJ;1106/2019-68;LEI_8.666;PREGÃO ELETRÔNICO;SERVIÇO DE INSPEÇÃO, CONSERVAÇÃO E MANUTENÇÃO NA PJ DE ESPERANTINA - PI;04.603.664/0001-64;V.M. PESSOA FEITOSA MONTEIRO ME;22/07/2019;22/07/2020;22/07/2020;-2190;FORA DO PRAZO;FORA DO PRAZO;R$ 15.082,73;R$ 0,00;R$ 0,00;NÃO;CPPT;226;CAROL CHAVES MESQUITA E FERREIRA;;-;;-;;-;2220/2019;NÃO;-;NÃO;-;NÃO;-;OBRA;NÃO;;;;
CONTRATO;47;2019;PGJ;CONTRATO-47-2019-PGJ;1377/2019-26;LEI_8.666;PREGÃO ELETRÔNICO;SERVIÇO DE INSPEÇÃO, CONSERVAÇÃO E MANUTENÇÃO NA NOVA SEDE DO GAECO;10.659.927/0001-91;MUTUAL SERVIÇOS DE ENGENHARIA LTDA;22/07/2019;22/07/2020;22/07/2020;-2190;FORA DO PRAZO;FORA DO PRAZO;R$ 6.148,27;R$ 0,00;R$ 0,00;NÃO;CPPT;15821;ANDRÉ CASTELO BRANCO RIBEIRO;;-;;-;;-;2222/2019;NÃO;-;NÃO;-;NÃO;-;OBRA;NÃO;;;;
CONTRATO;48;2019;FMMPPI;CONTRATO-48-2019-FMMPPI;1485/2019-20;LEI_8.666;PREGÃO ELETRÔNICO;SERVIÇO DE INSPEÇÃO, CONSERVAÇÃO E MANUTENÇÃO NA SALA DA CRH;10.659.927/0001-91;MUTUAL SERVIÇOS DE ENGENHARIA LTDA;23/07/2019;23/07/2020;23/07/2020;-2189;FORA DO PRAZO;FORA DO PRAZO;R$ 7.170,28;R$ 0,00;R$ 0,00;NÃO;CPPT;15821;ANDRÉ CASTELO BRANCO RIBEIRO;;-;;-;;-;2297/2019;NÃO;-;NÃO;-;NÃO;-;OBRA;NÃO;;;;
CONTRATO;49;2019;FMMPPI;CONTRATO-49-2019-FMMPPI;1433/2019-66;LEI_8.666;PREGÃO ELETRÔNICO;SERVIÇO DE INSPEÇÃO, CONSERVAÇÃO E MANUTENÇÃO DA SEDE CENTRO;10.659.927/0001-91;MUTUAL SERVIÇOS DE ENGENHARIA LTDA;23/07/2019;23/07/2020;23/07/2020;-2189;FORA DO PRAZO;FORA DO PRAZO;R$ 2.385,81;R$ 0,00;R$ 0,00;NÃO;CPPT;404;-;;-;;-;;-;2298/2019;NÃO;-;NÃO;-;NÃO;-;OBRA;NÃO;;;;
CONTRATO;50;2019;FMMPPI;CONTRATO-50-2019-FMMPPI;340/2018-89;LEI_8.666;TOMADA DE PREÇOS;SERVIÇO DE CONSTRUÇÃO DE MURO NA SEDE DA PJ DE PARNAÍBA - PI;18.471.673/0001-95;J. M. EXCELÊNCIA JAMES EIRELI - ME;31/07/2019;31/07/2020;31/07/2020;-2181;FORA DO PRAZO;FORA DO PRAZO;R$ 111.309,08;R$ 0,00;R$ 0,00;NÃO;CPPT;15821;ANDRÉ CASTELO BRANCO RIBEIRO;;-;;-;;-;2239/2019;NÃO;-;NÃO;-;NÃO;-;OBRA;NÃO;;;;
CONTRATO;51;2019;FMMPPI;CONTRATO-51-2019-FMMPPI;1470/2019-37;LEI_8.666;PREGÃO ELETRÔNICO;SERVIÇOS DE INSPEÇÃO, CONSERVAÇÃO E MANUTENÇÃO DAS EDIFICAÇÕES DA PJ DE PICOS - PI;10.659.927/0001-91;MUTUAL SERVIÇOS DE ENGENHARIA LTDA;26/07/2019;26/07/2020;07/08/2021;-1809;FORA DO PRAZO;FORA DO PRAZO;R$ 9.093,18;R$ 0,00;R$ 0,00;NÃO;CPPT;15821;ANDRÉ CASTELO BRANCO RIBEIRO;;-;;-;;-;2240/2019;NÃO;-;NÃO;-;NÃO;-;OBRA;NÃO;;;;
CONTRATO;52;2019;PGJ;CONTRATO-52-2019-PGJ;583/2019-27;LEI_8.666;PREGÃO ELETRÔNICO;AQUISIÇÃO DE DOIS CERTIFICADOS DIGITAIS;96.770.573/0001-73;TOPOS INFORMÁTICA LTDA-EPP;09/08/2019;09/08/2020;08/08/2024;-712;FORA DO PRAZO;FORA DO PRAZO;R$ 3.000,00;R$ 0,00;R$ 2.400,00;NÃO;CTI;335;THIAGO DE ARAÚJO COSTA SOARES;;-;;-;;-;2476/2019;NÃO;-;SIM;1;NÃO;-;INTERNET;NÃO;;;;
CONTRATO;53;2019;PGJ;CONTRATO-53-2019-PGJ;5903/2020-22;LEI_8.666;INEXIGIBILIDADE;FORNECIMENTO DE ASSINATURA DIGITAL ICP-BRASIL;04.441.528/0001-57;BRY TECNOLOGIA S.A;08/08/2019;08/08/2022;08/08/2022;-1443;FORA DO PRAZO;FORA DO PRAZO;R$ 92.500,00;R$ 0,00;R$ 52.800,00;NÃO;CTI;303;BRENO REIS DO NASCIMENTO;;-;;-;;-;2475/2019;NÃO;-;SIM;2;NÃO;-;INTERNET;SIM;;;;
CONTRATO;54;2019;PGJ;CONTRATO-54-2019-PGJ;5978/2020-34;LEI_8.666;DISPENSA;PRESTAÇÃO DE SERVIÇOS DE JARDINAGEM;05.836.441/0001-41;JOSÉLIA CARVALHO PLANTAS E JARDINS LTDA;27/08/2019;27/08/2022;27/08/2022;-1424;FORA DO PRAZO;FORA DO PRAZO;R$ 14.400,00;R$ 0,00;R$ 0,00;NÃO;CAA;15450;ANTÔNIO MARCOS PESSOA;;-;;-;;-;2594/2019;NÃO;-;NÃO;-;NÃO;-;SERVIÇOS;NÃO;;;;
CONTRATO;55;2019;PGJ;CONTRATO-55-2019-PGJ;5991/2020-71;LEI_8.666;INEXIGIBILIDADE;FORNECIMENTO DE ÁGUA TRATADA E/OU COLETA E TRATAMENTO DE ESGOTAMENTO SANITÁRIO;05.514.609/0001-00;SERVIÇO AUTÔNOMO DE ÀGUA E ESGOTO (SAAE) - CAMPO MAIOR;30/08/2019;30/08/2080;30/08/2080;19764;EM VIGÊNCIA;EM VIGÊNCIA;R$ 9.000,00;R$ 9.000,00;R$ 9.000,00;NÃO;CAA;213;ENNIO RICELLI SANTOS SOUSA;;-;;-;;-;326/2022;NÃO;-;NÃO;-;NÃO;-;SERVIÇOS;SIM;;;;
CONTRATO;56;2019;PGJ;CONTRATO-56-2019-PGJ;4832/2020-95;LEI_8.666;PREGÃO ELETRÔNICO;SERVIÇO DE CENTRALIZAÇÃO E PROCESSAMENTO DE CRÉDITOS DA FOLHA DE PAGAMENTO;60.746.948/0001-12;BANCO BRADESCO S/A;03/09/2019;03/09/2024;03/09/2024;-686;FORA DO PRAZO;FORA DO PRAZO;-R$ 2.610.000,00;R$ 0,00;R$ 0,00;NÃO;CCF;276;DIEGO ALVES DE CARVALHO;;-;;-;;-;2767/2019;NÃO;-;NÃO;-;NÃO;-;BANCÁRIO;SIM;;;;
CONTRATO;57;2019;FMMPPI;CONTRATO-57-2019-FMMPPI;758/2019-55;LEI_8.666;TOMADA DE PREÇOS;REFORMA PARA A PROMOTORIA DE AVELINO LOPES - PI;12.070.635/0001-44;CP CONSTRUÇÕES LTDA EPP;04/09/2019;04/09/2020;04/09/2020;-2146;FORA DO PRAZO;FORA DO PRAZO;R$ 56.200,24;R$ 0,00;R$ 0,00;NÃO;CPPT;15821;ANDRÉ CASTELO BRANCO RIBEIRO;;-;;-;;-;2807/2019;NÃO;-;NÃO;-;NÃO;-;OBRA;NÃO;;;;
CONTRATO;58;2019;PGJ;CONTRATO-58-2019-PGJ;4610/2020-13;LEI_8.666;INEXIGIBILIDADE;FORNECIMENTO DE ÁGUA TRATADA E/OU COLETA E TRATAMENTO DE ESGOTAMENTO SANITÁRIO;27.157.474/0001-06;ÁGUAS DE TERESINA SANEAMENTO SPE S/A;03/09/2019;03/09/2080;03/09/2080;19768;EM VIGÊNCIA;EM VIGÊNCIA;R$ 480.000,00;R$ 480.000,00;R$ 480.000,00;NÃO;CAA;213;ENNIO RICELLI SANTOS SOUSA;;-;;-;;-;326/2022;NÃO;-;NÃO;-;NÃO;-;SERVIÇOS;SIM;;;;
CONTRATO;59;2019;PGJ;CONTRATO-59-2019-PGJ;4209/2020-38;LEI_8.666;DISPENSA;GERENCIAMENTO DO DUODÉCIMO E CARTÃO CORPORATIVO;00.000.000/0001-91;BANCO DO BRASIL S/A;09/10/2019;09/10/2024;09/10/2024;-650;FORA DO PRAZO;FORA DO PRAZO;R$ 8.057.201,30;R$ 0,00;R$ 0,00;NÃO;CCF;15019;MILTON DE ALMEIDA BRITO;;-;;-;;-;3227/2019;NÃO;-;NÃO;-;NÃO;-;BANCÁRIO;SIM;;;;
CONTRATO;60;2019;FMMPPI;CONTRATO-60-2019-FMMPPI;1646/2019-38;LEI_8.666;ADESÃO;AQUISIÇÃO DE MATERIAL PERMANENTE;05.111.625/0001-44;MOVENORD - MÓVEIS DO NORDESTE LTDA;03/10/2019;03/10/2020;03/10/2020;-2117;FORA DO PRAZO;FORA DO PRAZO;R$ 90.194,67;R$ 0,00;R$ 0,00;NÃO;CAA;307;AIRTON ALVES MENDES DE MOURA;15980;-;15450;ANTÔNIO MARCOS PESSOA;;-;3182/2019;NÃO;-;NÃO;-;NÃO;-;MATERIAL PERMANENTE;NÃO;;;;
CONTRATO;61;2019;PGJ;CONTRATO-61-2019-PGJ;1836/2019-49;LEI_8.666;PREGÃO ELETRÔNICO;PRESTAÇÃO DE SERVIÇO DE MOTOBOY E ELETRICISTA;19.427.828/0001-59;TRANSLOC TERCEIRIZACAO, SERVIÇOS E LOCAÇÃO DE MÃO DE OBRA;22/10/2019;22/10/2020;22/10/2020;-2098;FORA DO PRAZO;FORA DO PRAZO;R$ 275.723,40;R$ 0,00;R$ 0,00;NÃO;CAA;173;ALCIVAN DA COSTA MARQUES;204;THIAGO NOGUEIRA DE SOUSA MARTINS ALMEIDA;15828;-;;-;3341/2019;NÃO;-;NÃO;-;NÃO;-;TERCEIRIZAÇÃO DE MÃO DE OBRA;SIM;;;;
CONTRATO;62;2019;FMMPPI;CONTRATO-62-2019-FMMPPI;1499/20018-30;LEI_8.666;TOMADA DE PREÇOS;REFORMA DA SALA DO RH E SQVT;22.829.583/0001-09;ALTACON ENGENHARIA E CONSTRUTORA LTDA;04/11/2019;04/11/2020;04/11/2020;-2085;FORA DO PRAZO;FORA DO PRAZO;R$ 54.723,04;R$ 0,00;R$ 0,00;NÃO;CPPT;15821;ANDRÉ CASTELO BRANCO RIBEIRO;;-;;-;;-;3567/2019;NÃO;-;NÃO;-;NÃO;-;SERVIÇO DE MANUTENÇÃO;NÃO;;;;
CONTRATO;63;2019;FMMPPI;CONTRATO-63-2019-FMMPPI;737/2019-40;LEI_8.666;TOMADA DE PREÇOS;REFORMA NA PROMOTORIA DE PAULISTANA-PI;22.168.030/0001-44;A COSTA DE SOUSA EIRELI EPP;06/11/2019;06/11/2020;06/11/2020;-2083;FORA DO PRAZO;FORA DO PRAZO;R$ 35.307,49;R$ 0,00;R$ 0,00;NÃO;CPPT;404;-;;-;;-;;-;3847/2019;NÃO;-;NÃO;-;NÃO;-;OBRA;NÃO;;;;
CONTRATO;64;2019;PGJ;CONTRATO-64-2019-PGJ;1477/2019-42;LEI_8.666;DISPENSA;SERVIÇO DE COLETA DE LIXO DO MPPI;33.221.237/0002-32;G PACHECO ROCHA;11/11/2019;11/11/2020;14/11/2024;-614;FORA DO PRAZO;FORA DO PRAZO;R$ 17.424,00;R$ 0,00;R$ 0,00;NÃO;CAA;15450;ANTÔNIO MARCOS PESSOA;;-;;-;;-;3684/2019;NÃO;-;NÃO;-;NÃO;-;SERVIÇOS;SIM;;;;
CONTRATO;65;2019;PGJ;CONTRATO-65-2019-PGJ;4612/2020-56;LEI_8.666;DISPENSA;"PRESTAÇÃO DE SERVIÇOS DE ""CORREIOS""";34.028.316/0022-38;SUPERINTENDÊNCIA ESTADUAL DE OPERAÇÕES DO PIAUÍ (CORREIOS);14/11/2019;14/11/2024;14/11/2024;-614;FORA DO PRAZO;FORA DO PRAZO;R$ 3.420.000,00;R$ 0,00;-R$ 855.000,00;NÃO;CAA;213;ENNIO RICELLI SANTOS SOUSA;;-;;-;;-;3685/2019;NÃO;-;SIM;1;NÃO;-;SERVIÇOS;SIM;;;;
CONTRATO;66;2019;FMMPPI;CONTRATO-66-2019-FMMPPI;1923/2019-28;LEI_8.666;ADESÃO;AQUISIÇÃO DE MINI PORTA PALLETS TIPO A E TIPO E;03.753.419/0001-02;LUGGER BRASIL INDÚSTRIA E COMÉRCIO LTDA;16/12/2019;16/12/2020;19/12/2020;-2040;FORA DO PRAZO;FORA DO PRAZO;R$ 92.320,00;R$ 0,00;R$ 0,00;NÃO;CAA;307;AIRTON ALVES MENDES DE MOURA;173;ALCIVAN DA COSTA MARQUES;15450;ANTÔNIO MARCOS PESSOA;;-;4046/2019;NÃO;-;NÃO;-;NÃO;-;MATERIAL PERMANENTE;NÃO;;;;
CONTRATO;67;2019;FMMPPI;CONTRATO-67-2019-FMMPPI;2369/2019-14;LEI_8.666;ADESÃO;AQUISIÇÃO DE COMPUTADORES;22.797.545/0001-03;LENOVO COMERCIAL E DISTRIBUIÇÃO LTDA;19/12/2019;19/12/2020;19/12/2020;-2040;FORA DO PRAZO;FORA DO PRAZO;R$ 840.000,00;R$ 0,00;R$ 0,00;NÃO;CTI;15807;ÍTALO GARCIA ARAÚJO NOGUEIRA;307;AIRTON ALVES MENDES DE MOURA;15379;JOÃO CARLOS BARBOSA DOS SANTOS;;-;69/2020;NÃO;-;SIM;1;NÃO;-;MATERIAL PERMANENTE;NÃO;;;;
NOTA DE EMPENHO;88;2019;FEPDC;NOTA DE EMPENHO-88-2019-FEPDC;2324/2019-65;LEI_8.666;DISPENSA;AQUISIÇÃO DE PEÇAS PARA REVISÃO DE VEÍCULO;03.998.690/0001-08;VIA PARIS AUTOMOVEIS LTDA;12/12/2019;30/12/2020;30/12/2020;-2029;FORA DO PRAZO;FORA DO PRAZO;R$ 126,00;R$ 0,00;R$ 0,00;NÃO;CAA;15641;-;;-;;-;;-;-;NÃO;-;NÃO;-;NÃO;-;MATERIAL PERMANENTE;NÃO;;;;
NOTA DE EMPENHO;87;2019;FEPDC;NOTA DE EMPENHO-87-2019-FEPDC;2324/2019-65;LEI_8.666;DISPENSA;AQUISIÇÃO DE PEÇAS PARA REVISÃO DE VEÍCULO;03.998.690/0001-08;VIA PARIS AUTOMOVEIS LTDA;12/12/2019;30/12/2020;30/12/2020;-2029;FORA DO PRAZO;FORA DO PRAZO;R$ 362,67;R$ 0,00;R$ 0,00;NÃO;CAA;15641;-;;-;;-;;-;-;NÃO;-;NÃO;-;NÃO;-;MATERIAL PERMANENTE;NÃO;;;;
NOTA DE EMPENHO;1512;2019;PGJ;NOTA DE EMPENHO-1512-2019-PGJ;2033/2019-65;LEI_8.666;DISPENSA;CURSO DE COMUNICAÇÃO NÃO VIOLENTA;03.778.391/0002-49;SERVICO NACIONAL DE APRENDIZAGEM COMERCIAL - SENAC;16/10/2019;30/12/2020;30/12/2020;-2029;FORA DO PRAZO;FORA DO PRAZO;R$ 1.550,00;R$ 0,00;R$ 0,00;NÃO;CRH;287;SOLANGE DE OLIVEIRA COSTA;;-;;-;;-;-;NÃO;-;NÃO;-;NÃO;-;CURSOS;NÃO;;;;
NOTA DE EMPENHO;1803;2019;PGJ;NOTA DE EMPENHO-1803-2019-PGJ;2325/2019-38;LEI_8.666;DISPENSA;MANUTENÇÃO E REVISÃO DE VEÍCULOS NISSAN-VERSA;04.569.159/0001-82;JAPAN VEICULOS LTDA;28/11/2020;30/12/2020;30/12/2020;-2029;FORA DO PRAZO;FORA DO PRAZO;R$ 2.690,00;R$ 0,00;R$ 0,00;NÃO;CAA;270;MARCÍLIO DE OLIVEIRA SILVA;;-;;-;;-;-;NÃO;-;NÃO;-;NÃO;-;SERVIÇO DE MANUTENÇÃO;NÃO;;;;
NOTA DE EMPENHO;1886;2019;PGJ;NOTA DE EMPENHO-1886-2019-PGJ;2582/2019-83;LEI_8.666;DISPENSA;AQUISIÇÃO DE FLORES PARA ORAMENTAÇÃO DE EVENTOS;02.133.017/0001-42;FLORICULTURA NATUARTE LTDA;12/10/2019;30/12/2020;30/12/2020;-2029;FORA DO PRAZO;FORA DO PRAZO;R$ 10.600,00;R$ 0,00;R$ 0,00;NÃO;CCS;15813;LÍCIA ALENCAR BOTELHO;;-;;-;;-;-;NÃO;-;NÃO;-;NÃO;-;MATERIAL DE CONSUMO;NÃO;;;;
NOTA DE EMPENHO;1821;2019;PGJ;NOTA DE EMPENHO-1821-2019-PGJ;2510/2019-87;LEI_8.666;DISPENSA;COFECÇÃO DE PLACA DE HOMENAGEM;06.986.564/0001-21;ANTONIO FERNANDO FONSECA OLIVEIRA ME;12/02/2019;30/12/2020;30/12/2020;-2029;FORA DO PRAZO;FORA DO PRAZO;R$ 12.000,00;R$ 0,00;R$ 0,00;NÃO;CCS;122;SHAIANNA DA COSTA ARAÚJO;;-;;-;;-;-;NÃO;-;NÃO;-;NÃO;-;MATERIAL PERMANENTE;NÃO;;;;
NOTA DE EMPENHO;1958;2019;PGJ;NOTA DE EMPENHO-1958-2019-PGJ;2515/2019-49;LEI_8.666;DISPENSA;SERVIÇO DE DEDETIZAÇÃO (PICOS-PI);13.662.486/0001-75;TV COELHO ME;17/12/2019;30/12/2020;30/12/2020;-2029;FORA DO PRAZO;FORA DO PRAZO;R$ 2.159,84;R$ 0,00;R$ 0,00;NÃO;CAA;270;MARCÍLIO DE OLIVEIRA SILVA;;-;;-;;-;-;NÃO;-;NÃO;-;NÃO;-;SERVIÇOS;NÃO;;;;
NOTA DE EMPENHO;1895;2019;PGJ;NOTA DE EMPENHO-1895-2019-PGJ;2549/2019-04;LEI_8.666;DISPENSA;AQUISIÇÃO DE RECARGAS DE GÁS (CORRENTE-PI);18.917.635/0001-13;B. SOUZA & F. MACEDO LTDA;12/11/2019;30/12/2020;30/12/2020;-2029;FORA DO PRAZO;FORA DO PRAZO;R$ 582,00;R$ 0,00;R$ 0,00;NÃO;CAA;173;ALCIVAN DA COSTA MARQUES;;-;;-;;-;615/2013;NÃO;-;NÃO;-;NÃO;-;MATERIAL DE CONSUMO;NÃO;;;;
NOTA DE EMPENHO;1933;2019;PGJ;NOTA DE EMPENHO-1933-2019-PGJ;2652/2019-36;LEI_8.666;DISPENSA;AQUISIÇÃO DE TELAS DE PROTEÇÃO;31.828.570/0001-06;ARLETE DO VALE GOMES SILVA;13/12/2019;30/12/2020;30/12/2020;-2029;FORA DO PRAZO;FORA DO PRAZO;R$ 2.173,75;R$ 0,00;R$ 0,00;NÃO;CAA;15450;ANTÔNIO MARCOS PESSOA;;-;;-;;-;-;NÃO;-;NÃO;-;NÃO;-;MATERIAL PERMANENTE;NÃO;;;;
NOTA DE EMPENHO;1511;2019;PGJ;NOTA DE EMPENHO-1511-2019-PGJ;2035/2019-11;LEI_8.666;DISPENSA;CURSO DE CAPACITAÇÃO EM LIDERANÇA E GESTÃO;03.778.391/0002-49;SERVICO NACIONAL DE APRENDIZAGEM COMERCIAL - SENAC;16/10/2019;30/12/2020;30/12/2020;-2029;FORA DO PRAZO;FORA DO PRAZO;R$ 2.705,00;R$ 0,00;R$ 0,00;NÃO;CRH;287;SOLANGE DE OLIVEIRA COSTA;;-;;-;;-;-;NÃO;-;NÃO;-;NÃO;-;CURSOS;NÃO;;;;
ORDEM DE FORNECIMENTO;34;2019;PGJ;ORDEM DE FORNECIMENTO-34-2019-PGJ;1404/2019-73;LEI_8.666;PREGÃO ELETRÔNICO;SOLICITAÇÃO DE COMPRA DE ÁGUA MINERAL;07.239.237/0001-79;C L BESERRA & CIA LTDA EPP;01/08/2019;30/12/2020;30/12/2020;-2029;FORA DO PRAZO;FORA DO PRAZO;R$ 26.290,00;R$ 0,00;R$ 0,00;NÃO;CAA;173;ALCIVAN DA COSTA MARQUES;;-;;-;;-;615/2013;NÃO;-;NÃO;-;NÃO;-;MATERIAL DE CONSUMO;NÃO;;;;
ORDEM DE FORNECIMENTO;40;2019;FMMPPI;ORDEM DE FORNECIMENTO-40-2019-FMMPPI;1360/2019-00;LEI_8.666;ADESÃO;AQUISIÇÃO DE ELETRODOMÉSTICOS;31.658.202/0001-59;BCS COMERCIO E SERVICOS LTDA;09/08/2019;30/12/2020;30/12/2020;-2029;FORA DO PRAZO;FORA DO PRAZO;R$ 36.495,00;R$ 0,00;R$ 0,00;NÃO;CAA;307;AIRTON ALVES MENDES DE MOURA;;-;;-;;-;388/2016;NÃO;-;NÃO;-;NÃO;-;MATERIAL PERMANENTE;NÃO;;;;
ORDEM DE FORNECIMENTO;32;2019;FMMPPI;ORDEM DE FORNECIMENTO-32-2019-FMMPPI;1077/2019-75;LEI_8.666;ADESÃO;AQUISIÇÃO DE BEBEDOUROS;24.005.322/0001-91;VITORIA LICITACOES E COMERCIO EIRELI EPP;12/07/2019;30/12/2020;30/12/2020;-2029;FORA DO PRAZO;FORA DO PRAZO;R$ 13.674,90;R$ 0,00;R$ 0,00;NÃO;CAA;307;AIRTON ALVES MENDES DE MOURA;;-;;-;;-;388/2016;NÃO;-;NÃO;-;NÃO;-;MATERIAL PERMANENTE;NÃO;;;;
ORDEM DE FORNECIMENTO;43;2019;PGJ;ORDEM DE FORNECIMENTO-43-2019-PGJ;1405/2019-46;LEI_8.666;PREGÃO ELETRÔNICO;AQUISIÇÃO DE MATERIAIS PARA MANUTENÇÕES;07.239.237/0001-79;C L BESERRA & CIA LTDA EPP;15/08/2019;30/12/2020;30/12/2020;-2029;FORA DO PRAZO;FORA DO PRAZO;R$ 57.333,91;R$ 0,00;R$ 0,00;NÃO;CAA;173;ALCIVAN DA COSTA MARQUES;;-;;-;;-;615/2013;NÃO;-;NÃO;-;NÃO;-;MATERIAL DE CONSUMO;NÃO;;;;
ORDEM DE FORNECIMENTO;50;2019;PGJ;ORDEM DE FORNECIMENTO-50-2019-PGJ;2176/2019-84;LEI_8.666;PREGÃO ELETRÔNICO;AQUISIÇÃO DE MATERIAL DE CONSUMO;63.505.812/0001-09;ROBEVALDO ALVES LIMA ME;07/11/2019;30/12/2020;30/12/2020;-2029;FORA DO PRAZO;FORA DO PRAZO;R$ 44.052,50;R$ 0,00;R$ 0,00;NÃO;CAA;173;ALCIVAN DA COSTA MARQUES;;-;;-;;-;615/2013;NÃO;-;NÃO;-;NÃO;-;MATERIAL DE CONSUMO;NÃO;;;;
ORDEM DE FORNECIMENTO;54;2019;PGJ;ORDEM DE FORNECIMENTO-54-2019-PGJ;2231/2019-54;LEI_8.666;PREGÃO ELETRÔNICO;AQUISIÇÃO DE CAPAS PLÁSTICAS PARA PROCESSOS;75.313.098/0001-36;WILBRAZ INDUSTRIA E COMERCIO DE BRINDES LTDA EPP;07/11/2019;30/12/2020;30/12/2020;-2029;FORA DO PRAZO;FORA DO PRAZO;R$ 39.375,00;R$ 0,00;R$ 0,00;NÃO;CAA;173;ALCIVAN DA COSTA MARQUES;;-;;-;;-;615/2013;NÃO;-;NÃO;-;NÃO;-;MATERIAL PERMANENTE;NÃO;;;;
ORDEM DE FORNECIMENTO;57;2019;FMMPPI;ORDEM DE FORNECIMENTO-57-2019-FMMPPI;2230/2019-81;LEI_8.666;ADESÃO;AQUISIÇÃO DE PROJETORES MULTIMÍDIA;07.766.048/0001-54;3D PROJETOS E ASSESSORIA EM INFORMATICA LTDA EPP;19/12/2019;30/12/2020;30/12/2020;-2029;FORA DO PRAZO;FORA DO PRAZO;R$ 44.401,50;R$ 0,00;R$ 0,00;NÃO;CAA;307;AIRTON ALVES MENDES DE MOURA;;-;;-;;-;388/2016;NÃO;-;NÃO;-;NÃO;-;MATERIAL PERMANENTE;NÃO;;;;
ORDEM DE FORNECIMENTO;29;2019;PGJ;ORDEM DE FORNECIMENTO-29-2019-PGJ;1162/2019-11;LEI_8.666;PREGÃO ELETRÔNICO;PRODUÇÃO DE VÍDEOS E SPOTS;28.527.835/0001-13;SISTEMA DE NOTICIAS & EVENTOS LTDA ME;11/06/2019;30/12/2020;30/12/2020;-2029;FORA DO PRAZO;FORA DO PRAZO;R$ 34.240,00;R$ 0,00;R$ 0,00;NÃO;CCS;122;SHAIANNA DA COSTA ARAÚJO;;-;;-;;-;-;NÃO;-;NÃO;-;NÃO;-;SERVIÇOS;NÃO;;;;
ORDEM DE FORNECIMENTO;55;2019;PGJ;ORDEM DE FORNECIMENTO-55-2019-PGJ;2393/2019-45;LEI_8.666;PREGÃO ELETRÔNICO;AQUISIÇÃO DE 75 TONERS;11.301.420/0002-05;JAMAR COMERCIO DE PRODUTOS PARA INFORMATICA LTDA;15/01/2020;30/12/2020;30/12/2020;-2029;FORA DO PRAZO;FORA DO PRAZO;R$ 10.416,00;R$ 0,00;R$ 0,00;NÃO;CAA;173;ALCIVAN DA COSTA MARQUES;;-;;-;;-;615/2013;NÃO;-;NÃO;-;NÃO;-;MATERIAL PERMANENTE;NÃO;;;;
ORDEM DE FORNECIMENTO;44;2019;PGJ;ORDEM DE FORNECIMENTO-44-2019-PGJ;1631/2019-55;LEI_8.666;PREGÃO ELETRÔNICO;AQUISIÇÃO DE MATERIAL PARA MANUTENÇÃO PREDIAL;07.239.237/0001-79;C L BESERRA & CIA LTDA EPP;15/08/2019;30/12/2020;30/12/2020;-2029;FORA DO PRAZO;FORA DO PRAZO;R$ 89.874,06;R$ 0,00;R$ 0,00;NÃO;CAA;173;ALCIVAN DA COSTA MARQUES;;-;;-;;-;615/2013;NÃO;-;NÃO;-;NÃO;-;MATERIAL DE CONSUMO;NÃO;;;;
ORDEM DE FORNECIMENTO;48;2019;PGJ;ORDEM DE FORNECIMENTO-48-2019-PGJ;2020/2019-28;LEI_8.666;PREGÃO ELETRÔNICO;AQUISIÇÃO DE MATERIAL DE LIMPEZA;02.488.226/0001-09;ALMEIDA REPRESENTACOES E COMERCIO;15/10/2019;30/12/2020;30/12/2020;-2029;FORA DO PRAZO;FORA DO PRAZO;R$ 45.625,40;R$ 0,00;R$ 0,00;NÃO;CAA;173;ALCIVAN DA COSTA MARQUES;;-;;-;;-;615/2013;NÃO;-;NÃO;-;NÃO;-;MATERIAL DE CONSUMO;NÃO;;;;
ORDEM DE FORNECIMENTO;47;2019;PGJ;ORDEM DE FORNECIMENTO-47-2019-PGJ;1789/2019-57;LEI_8.666;PREGÃO ELETRÔNICO;AQUISIÇÃO DE MATERIAL DE EXPEDIENTE;02.488.226/0001-09;ALMEIDA REPRESENTACOES E COMERCIO;16/09/2019;30/12/2020;30/12/2020;-2029;FORA DO PRAZO;FORA DO PRAZO;R$ 28.972,77;R$ 0,00;R$ 0,00;NÃO;CAA;173;ALCIVAN DA COSTA MARQUES;;-;;-;;-;615/2013;NÃO;-;NÃO;-;NÃO;-;MATERIAL DE CONSUMO;NÃO;;;;
ORDEM DE FORNECIMENTO;56;2019;FMMPPI;ORDEM DE FORNECIMENTO-56-2019-FMMPPI;1982/2019-84;LEI_8.666;ADESÃO;AQUISIÇÃO DE APARELHOS TELEFÔNICOS;26.569.874/0001-58;CELSO LUIZ MOREIRA DA COSTA EPP;09/12/2019;30/12/2020;30/12/2020;-2029;FORA DO PRAZO;FORA DO PRAZO;R$ 8.364,80;R$ 0,00;R$ 0,00;NÃO;CCS;173;ALCIVAN DA COSTA MARQUES;;-;;-;;-;615/2013;NÃO;-;NÃO;-;NÃO;-;MATERIAL PERMANENTE;NÃO;;;;
ORDEM DE FORNECIMENTO;18;2019;FMMPPI;ORDEM DE FORNECIMENTO-18-2019-FMMPPI;692/2019-91;LEI_8.666;PREGÃO ELETRÔNICO;AQUISIÇÃO DE TELEFONES SEM FIO;26.569.874/0001-58;CELSO LUIZ MOREIRA DA COSTA EPP;16/05/2019;30/12/2020;30/12/2020;-2029;FORA DO PRAZO;FORA DO PRAZO;R$ 5.462,50;R$ 0,00;R$ 0,00;NÃO;CAA;173;ALCIVAN DA COSTA MARQUES;;-;;-;;-;615/2013;NÃO;-;NÃO;-;NÃO;-;MATERIAL PERMANENTE;NÃO;;;;
ORDEM DE SERVIÇO;26;2019;PGJ;ORDEM DE SERVIÇO-26-2019-PGJ;955/2019-71;LEI_8.666;PREGÃO ELETRÔNICO;CONTRATAÇÃO DE SERVIÇOS DE PUBLICAÇÃO DE AVISOS E EDITAIS;18.876.112/0001-76;GIBBOR PUBLICIDADE E PUBLICAÇÕES DE EDITAIS EIRELI LTDA;06/06/2019;30/12/2020;30/12/2020;-2029;FORA DO PRAZO;FORA DO PRAZO;R$ 12.292,20;R$ 0,00;R$ 0,00;NÃO;CLC;244;-;;-;;-;;-;-;NÃO;-;NÃO;-;NÃO;-;SERVIÇOS;NÃO;;;;
ORDEM DE SERVIÇO;25;2019;FEPDC;ORDEM DE SERVIÇO-25-2019-FEPDC;976/2019-86;LEI_8.666;ADESÃO;CONFECÇÃO E INSTALAÇÃO DE LETREIROS;16.936.295/0001-42;TOTEM GRAFICA COMERCIO DE PAPELARIA E SERVICOS DE COMUNICACAO VISUAL EIRELI;30/05/2019;30/12/2020;30/12/2020;-2029;FORA DO PRAZO;FORA DO PRAZO;R$ 9.155,00;R$ 0,00;R$ 0,00;NÃO;CAA;307;AIRTON ALVES MENDES DE MOURA;;-;;-;;-;388/2016;NÃO;-;NÃO;-;NÃO;-;MATERIAL PERMANENTE;NÃO;;;;
ORDEM DE SERVIÇO;53;2019;PGJ;ORDEM DE SERVIÇO-53-2019-PGJ;2294/2019-02;LEI_8.666;PREGÃO ELETRÔNICO;CONTRATAÇÃO DE BUFFET;26.752.483/0001-74;L H L DE ASSIS & CIA LTDA ME;07/11/2019;30/12/2020;30/12/2020;-2029;FORA DO PRAZO;FORA DO PRAZO;R$ 7.238,00;R$ 0,00;R$ 0,00;NÃO;CCS;15813;LÍCIA ALENCAR BOTELHO;;-;;-;;-;-;NÃO;-;NÃO;-;NÃO;-;MATERIAL DE CONSUMO;NÃO;;;;
ORDEM DE SERVIÇO;31;2019;PGJ;ORDEM DE SERVIÇO-31-2019-PGJ;1342/2019-01;LEI_8.666;PREGÃO ELETRÔNICO;CONTRATAÇÃO DE BUFFET;41.260.555/0001-50;C M F SILVA ME;11/07/2019;30/12/2020;30/12/2020;-2029;FORA DO PRAZO;FORA DO PRAZO;R$ 18.555,00;R$ 0,00;R$ 0,00;NÃO;CCS;15813;LÍCIA ALENCAR BOTELHO;;-;;-;;-;-;NÃO;-;NÃO;-;NÃO;-;MATERIAL DE CONSUMO;NÃO;;;;
ORDEM DE SERVIÇO;52;2019;PGJ;ORDEM DE SERVIÇO-52-2019-PGJ;2295/2019-72;LEI_8.666;PREGÃO ELETRÔNICO;CONTRATAÇÃO DE BUFFET;41.260.555/0001-50;C M F SILVA ME;03/12/2019;30/12/2020;30/12/2020;-2029;FORA DO PRAZO;FORA DO PRAZO;R$ 23.290,00;R$ 0,00;R$ 0,00;NÃO;CCS;15813;LÍCIA ALENCAR BOTELHO;;-;;-;;-;-;NÃO;-;NÃO;-;NÃO;-;MATERIAL DE CONSUMO;NÃO;;;;
ORDEM DE SERVIÇO;33;2019;PGJ;ORDEM DE SERVIÇO-33-2019-PGJ;1419/2019-56;LEI_8.666;PREGÃO ELETRÔNICO;CONTRATAÇÃO DE BUFFET;26.752.483/0001-74;L H L DE ASSIS & CIA LTDA ME;24/07/2019;30/12/2020;30/12/2020;-2029;FORA DO PRAZO;FORA DO PRAZO;R$ 15.995,00;R$ 0,00;R$ 0,00;NÃO;CCS;15813;LÍCIA ALENCAR BOTELHO;;-;;-;;-;-;NÃO;-;NÃO;-;NÃO;-;MATERIAL DE CONSUMO;NÃO;;;;
NOTA DE EMPENHO;765;2020;PGJ;NOTA DE EMPENHO-765-2020-PGJ;5695/2020-31;LEI_8.666;INEXIGIBILIDADE;INCRIÇÃO DE CURSO ( APG VIRTUAL);67.129.833/0001-28;AMANA-KEY DESENVOLVIMENTO E EDUCACAO LTDA;18/11/2020;30/12/2020;30/12/2020;-2029;FORA DO PRAZO;FORA DO PRAZO;R$ 14.250,00;R$ 0,00;R$ 0,00;SIM;CTI;15379;JOÃO CARLOS BARBOSA DOS SANTOS;;-;;-;;-;-;NÃO;-;NÃO;-;NÃO;-;CURSOS;NÃO;;;;
NOTA DE EMPENHO;750;2020;PGJ;NOTA DE EMPENHO-750-2020-PGJ;5282/2020-18;LEI_8.666;DISPENSA;AQUISIÇÃO DE PEÇAS E SERVIÇOS PARA REPAROS (PORTÕES PGJ - ZN LESTE E PORTAS - PGJ CENTRO);12.024.411/0001-04;GUSTAVO ARAUJO DE BRITO;13/11/2020;30/12/2020;30/12/2020;-2029;FORA DO PRAZO;FORA DO PRAZO;R$ 4.642,50;R$ 0,00;R$ 0,00;SIM;CAA;15450;ANTÔNIO MARCOS PESSOA;;-;;-;;-;-;NÃO;-;NÃO;-;NÃO;-;MATERIAL PERMANENTE;NÃO;;;;
NOTA DE EMPENHO;749;2020;PGJ;NOTA DE EMPENHO-749-2020-PGJ;5913/2020-38;LEI_8.666;DISPENSA;CONTRATAÇÃO DA EMPRESA PARA REALIZAÇÃO WORKSHOP VIRTUAL;19.061.474/0001-71;FABIO GUSMAO COMUNICACAO LTDA;13/11/2020;30/12/2020;30/12/2020;-2029;FORA DO PRAZO;FORA DO PRAZO;R$ 7.280,00;R$ 0,00;R$ 0,00;SIM;CTI;15379;JOÃO CARLOS BARBOSA DOS SANTOS;;-;;-;;-;-;NÃO;-;SIM;2;NÃO;-;CURSOS;NÃO;;;;
NOTA DE EMPENHO;710;2020;PGJ;NOTA DE EMPENHO-710-2020-PGJ;6059/2020-88;LEI_8.666;DISPENSA;AQUISIÇÃO DE KITS DE TESTE RÁPIDO ;13.994.860/0002-10;UNIK COMERCIAL IMPORTADORA E EXPORTADORA LTDA;27/10/2020;21/12/2020;21/12/2020;-2038;FORA DO PRAZO;FORA DO PRAZO;R$ 35.850,00;R$ 0,00;R$ 0,00;SIM;CAA;15450;ANTÔNIO MARCOS PESSOA;;-;;-;;-;-;NÃO;-;NÃO;-;NÃO;-;MATERIAL DE CONSUMO;NÃO;;;;
NOTA DE EMPENHO;703;2020;PGJ;NOTA DE EMPENHO-703-2020-PGJ;5696/2020-82;LEI_8.666;INEXIGIBILIDADE;CONTRATAÇÃO DE CURSO DE CAPACITAÇÃO;10.498.974/0002-81;INSTITUTO NEGÓCIOS PÚBLICOS DO BRASIL ESTUDOS E PESQUISAS NA ADM. PÚBLICA - INP;23/10/2020;30/12/2020;30/12/2020;-2029;FORA DO PRAZO;FORA DO PRAZO;R$ 24.000,00;R$ 0,00;R$ 0,00;SIM;CTI;15379;JOÃO CARLOS BARBOSA DOS SANTOS;;-;;-;;-;-;NÃO;-;NÃO;-;NÃO;-;CURSOS;NÃO;;;;
NOTA DE EMPENHO;590;2020;PGJ;NOTA DE EMPENHO-590-2020-PGJ;5076/2020-36;LEI_8.666;DISPENSA;CONFECÇÃO DE CAMISETAS ;08.412.479/0001-85;UNIFARDAS SPORT LTDA;16/09/2020;30/12/2020;30/12/2020;-2029;FORA DO PRAZO;FORA DO PRAZO;R$ 9.000,00;R$ 0,00;R$ 0,00;SIM;CCS;122;SHAIANNA DA COSTA ARAÚJO;;-;;-;;-;-;NÃO;-;NÃO;-;NÃO;-;MATERIAL PERMANENTE;NÃO;;;;
NOTA DE EMPENHO;579;2020;PGJ;NOTA DE EMPENHO-579-2020-PGJ;5049/2020-09;LEI_8.666;INEXIGIBILIDADE;CONTRATAÇÃO DE CURSOS;20.129.563/0001-91;NP TREINAMENTOS E CURSOS LTDA-ME;10/09/2020;30/12/2020;30/12/2020;-2029;FORA DO PRAZO;FORA DO PRAZO;R$ 14.990,00;R$ 0,00;R$ 0,00;SIM;CTI;15379;JOÃO CARLOS BARBOSA DOS SANTOS;;-;;-;;-;-;NÃO;-;NÃO;-;NÃO;-;CURSOS;NÃO;;;;
NOTA DE EMPENHO;531;2020;PGJ;NOTA DE EMPENHO-531-2020-PGJ;4474/2020-61;LEI_8.666;DISPENSA;CONTRATAÇÃO DE CURSOS ;03.778.391/0002-49;SERVICO NACIONAL DE APRENDIZAGEM COMERCIAL - SENAC;10/08/2020;30/12/2020;15/01/2021;-2013;FORA DO PRAZO;FORA DO PRAZO;R$ 1.200,00;R$ 0,00;R$ 0,00;SIM;CAA;15450;ANTÔNIO MARCOS PESSOA;;-;;-;;-;-;NÃO;-;NÃO;-;NÃO;-;CURSOS;NÃO;;;;
NOTA DE EMPENHO;508;2020;PGJ;NOTA DE EMPENHO-508-2020-PGJ;4441/2020-27;LEI_8.666;PREGÃO ELETRÔNICO;AQUISIÇÃO DE TESTE RÁPIDO ;13.994.860/0002-10;UNIK COMERCIAL IMPORTADORA E EXPORTADORA LTDA;29/07/2020;30/12/2020;15/01/2021;-2013;FORA DO PRAZO;FORA DO PRAZO;R$ 12.480,00;R$ 0,00;R$ 0,00;SIM;CAA;15450;ANTÔNIO MARCOS PESSOA;;-;;-;;-;-;NÃO;-;NÃO;-;NÃO;-;MATERIAL DE CONSUMO;NÃO;;;;
NOTA DE EMPENHO;280;2020;PGJ;NOTA DE EMPENHO-280-2020-PGJ;76/2020-36;LEI_8.666;DISPENSA;CONTRATAÇÃO DE CURSOS;03.778.391/0002-49;SERVICO NACIONAL DE APRENDIZAGEM COMERCIAL - SENAC;05/03/2020;30/12/2020;15/01/2021;-2013;FORA DO PRAZO;FORA DO PRAZO;R$ 4.176,00;R$ 0,00;R$ 0,00;SIM;CAA;15450;ANTÔNIO MARCOS PESSOA;;-;;-;;-;-;NÃO;-;NÃO;-;NÃO;-;CURSOS;NÃO;;;;
NOTA DE EMPENHO;268;2020;PGJ;NOTA DE EMPENHO-268-2020-PGJ;150/2020-75;LEI_8.666;DISPENSA;COMPRA DE GÁS E KIT REGISTRO - PJ DE PICOS;28.124.476/0001-53;HELIO GUEDES DE LAVOR ME;02/03/2020;30/12/2020;15/01/2021;-2013;FORA DO PRAZO;FORA DO PRAZO;R$ 494,87;R$ 0,00;R$ 0,00;;CAA;173;ALCIVAN DA COSTA MARQUES;;-;;-;;-;615/2013;NÃO;-;NÃO;-;NÃO;-;MATERIAL PERMANENTE;NÃO;;;;
NOTA DE EMPENHO;264;2020;PGJ;NOTA DE EMPENHO-264-2020-PGJ;31/2020-87;LEI_8.666;DISPENSA;COMPRA DE GÁS - PJ DE BARRAS;63.520.050/0001-10;PARNAIBA GAS LTDA;02/03/2020;30/12/2020;30/12/2020;-2029;FORA DO PRAZO;FORA DO PRAZO;R$ 400,00;R$ 0,00;R$ 0,00;SIM;CAA;173;ALCIVAN DA COSTA MARQUES;;-;;-;;-;615/2013;NÃO;-;NÃO;-;NÃO;-;MATERIAL DE CONSUMO;NÃO;;;;
NOTA DE EMPENHO;160;2020;PGJ;NOTA DE EMPENHO-160-2020-PGJ;2509/2019-17;LEI_8.666;DISPENSA;SERVIÇO DE ISOLAMENTO DE IMÓVEL TOMBADO - PARNAÍBA;35.157.278/0001-51;CONSTRUTORA NERES & FONTENELLE LTDA ME;11/02/2020;30/12/2020;30/12/2020;-2029;FORA DO PRAZO;FORA DO PRAZO;R$ 4.690,09;R$ 0,00;R$ 0,00;SIM;CPPT;15829;-;;-;;-;;-;-;NÃO;-;NÃO;-;NÃO;-;SERVIÇOS;NÃO;;;;
NOTA DE EMPENHO;150;2020;PGJ;NOTA DE EMPENHO-150-2020-PGJ;38/2020-92;LEI_8.666;DISPENSA;REVISÃO DE DOIS VEÍCULOS: PIY-1763 E PIY-1773;41.597.303/0004-63;NEWLAND VEICULOS LTDA;17/02/2020;30/12/2020;30/12/2020;-2029;FORA DO PRAZO;FORA DO PRAZO;R$ 1.371,42;R$ 0,00;R$ 0,00;;CAA;15641;-;;-;;-;;-;-;NÃO;-;NÃO;-;NÃO;-;SERVIÇOS;NÃO;;;;
NOTA DE EMPENHO;74;2020;PGJ;NOTA DE EMPENHO-74-2020-PGJ;17/2020-77;LEI_8.666;PREGÃO ELETRÔNICO;MATERIAL DE INFORMÁTICA;08.050.832/0001-24;BR INFORMATICA LTDA EPP;24/01/2020;30/12/2020;21/12/2026;153;PRONTA ENTREGA;EM VIGÊNCIA;R$ 12.833,20;R$ 0,00;R$ 0,00;SIM;CTI;15379;JOÃO CARLOS BARBOSA DOS SANTOS;;-;;-;;-;-;NÃO;-;NÃO;-;NÃO;-;MATERIAL PERMANENTE;NÃO;;;;
CONTRATO;41;2020;PGJ;CONTRATO-41-2020-PGJ;4542/2020-53;LEI_8.666;DISPENSA;LOCAÇÃO DE IMÓVEL PARA O NUPAR;11.426.157/0001-08;CAVALCANTE GESTAO DE NEGOCIOS LTDA;21/12/2020;21/12/2025;21/12/2026;153;INICIAR RENOVAÇÃO;EM VIGÊNCIA;R$ 1.185.000,00;R$ 0,00;R$ 0,00;NÃO;CPPT;223;PATRÍCIA LUZ MARTINS;;-;;-;;-;432/2024;NÃO;-;SIM;-;SIM;2;LOCAÇÃO DE IMÓVEL;SIM;;;;
CONTRATO;40;2020;PGJ;CONTRATO-40-2020-PGJ;6677/2020-26;LEI_8.666;DISPENSA;LOCAÇÃO DE IMÓVEL PARA A PJ DE UNIÃO - PI;062.991.623-33;VERENA NARA CARDOSO;21/12/2020;21/12/2021;17/03/2022;-1587;FORA DO PRAZO;FORA DO PRAZO;R$ 6.840,00;R$ 0,00;R$ 667.982,60;NÃO;CPPT;15480;SILAYLLA MARIA AMORIM RODRIGUES;;-;;-;;-;006/2021;NÃO;-;SIM;2;NÃO;-;LOCAÇÃO DE IMÓVEL;SIM;;;;
CONTRATO;39;2020;PGJ;CONTRATO-39-2020-PGJ;7038/2020-74;LEI_8.666;PREGÃO ELETRÔNICO;AQUISIÇÕES DE SUPRIMENTOS E FERRAMENTAS DE INFORMÁTICA E MANUTENÇÃO;05.854.663/0001-97;EMPRESA ELETROQUIP COMERCIO E LICITACOES LTDA;09/12/2020;09/12/2021;09/12/2021;-1685;FORA DO PRAZO;FORA DO PRAZO;R$ 14.915,00;R$ 0,00;R$ 2.139,18;NÃO;CAA;173;ALCIVAN DA COSTA MARQUES;;-;;-;;-;2299/2020;NÃO;-;NÃO;-;NÃO;-;MATERIAL PERMANENTE;NÃO;;;;
CONTRATO;38;2020;PGJ;CONTRATO-38-2020-PGJ;5359/2020-80;LEI_8.666;INEXIGIBILIDADE;CONTRATAÇÃO DO PROGRAMA CONEXÃO GOVT&I;34.591.318/0001-06;CONEXAO ARTEIRO MARKETING E DESENVOLVIMENTO PROFISSIONAL LTDA;30/11/2020;30/11/2021;08/01/2022;-1655;FORA DO PRAZO;FORA DO PRAZO;R$ 35.640,00;R$ 0,00;R$ 0,00;NÃO;CTI;126;ANNE CAROLINNE CARVALHO GALDINO;;-;;-;;-;2231/2020;NÃO;-;NÃO;-;NÃO;-;SERVIÇOS DE TI;NÃO;;;;
CONTRATO;37;2020;PGJ;CONTRATO-37-2020-PGJ;5461/2020-35;LEI_8.666;DISPENSA;CONTRATAÇÃO DE EMPRESA ESPECIALIZADA PARA PRESTAÇÃO DE SERVIÇOS DE (LIBRAS) ;36.260.417/0001-30;ANDRESSA PATRICIA ALVES SOUSA 05965486308;23/11/2020;23/11/2021;05/03/2023;-1234;FORA DO PRAZO;FORA DO PRAZO;R$ 15.840,00;R$ 0,00;R$ 2.929,72;NÃO;CCS;15653;GABRYELA SOTERO DE OLIVEIRA;;-;;-;;-;287/2021;NÃO;-;NÃO;-;NÃO;-;SERVIÇOS;NÃO;;;;
CONTRATO;36;2020;PGJ;CONTRATO-36-2020-PGJ;5338/2020-58;LEI_8.666;DISPENSA;SERVIÇOS DE COLETA DE LIXO;15.201.985/0001-90;RESOLVE LIMPEZA AMBIENTAL LTDA;20/11/2020;20/11/2021;20/11/2021;-1704;FORA DO PRAZO;FORA DO PRAZO;R$ 19.440,00;R$ 0,00;R$ 129.440,64;NÃO;CAA;15450;ANTÔNIO MARCOS PESSOA;;-;;-;;-;2203/2020;NÃO;-;NÃO;-;NÃO;-;SERVIÇOS;SIM;;;;
CONTRATO;35;2020;PGJ;CONTRATO-35-2020-PGJ;5158/2020- 90;LEI_8.666;DISPENSA;SERVIÇOS DE DIGITALIZAÇÃO DE DOCUMENTOS RELACIONADOS PARA RH;15.224.753/0001-58;ISLANY RIBEIRO DE VASCONCELOS PITANGA 74337220330;11/11/2020;11/11/2021;09/03/2021;-1960;FORA DO PRAZO;FORA DO PRAZO;R$ 15.000,00;R$ 0,00;R$ 0,00;NÃO;CRH;15814;ROSANGELA DA SILVA SANTANA;;-;;-;;-;2108/2020;NÃO;-;SIM;1;NÃO;-;SERVIÇOS;NÃO;;;;
CONTRATO;34;2020;PGJ;CONTRATO-34-2020-PGJ;4264/2020- 75;LEI_8.666;PREGÃO ELETRÔNICO;CONTRATAÇÃO GINÁSTICA LABORAL;10.330.445/0001-93;EMPRESA AR – SAÚDE GINÁSTICA LABORAL LTDA;10/11/2020;10/11/2021;10/11/2021;-1714;FORA DO PRAZO;FORA DO PRAZO;R$ 8.080,00;R$ 0,00;R$ 0,00;NÃO;CRH;15680;-;;-;;-;;-;2105/2020;NÃO;-;NÃO;-;NÃO;-;SERVIÇOS;NÃO;;;;
CONTRATO;33;2020;PGJ;CONTRATO-33-2020-PGJ;4776/2020-03;LEI_8.666;DISPENSA;SERVIÇOS DE RECARGA DE EXTINTORES;23.653.504/0001-06;EMPRESA J. P. BARBOSA E SILVA EIRELI;11/06/2020;11/06/2022;28/05/2021;-1880;FORA DO PRAZO;FORA DO PRAZO;R$ 15.600,00;R$ 0,00;R$ 0,00;NÃO;CAA;15450;ANTÔNIO MARCOS PESSOA;;-;;-;;-;2084/2020;NÃO;-;NÃO;-;NÃO;-;SERVIÇOS;NÃO;;;;
CONTRATO;32;2020;PGJ;CONTRATO-32-2020-PGJ;5219/2020- 60;LEI_8.666;PREGÃO ELETRÔNICO;SERVIÇO DE CONSERVAÇÃO E MANUTENÇÃO DA 9ª PJ;06.224.118/0001-80;CONSTRUTORA PADRAO LTDA EPP;06/11/2020;06/11/2021;26/08/2020;-2155;FORA DO PRAZO;FORA DO PRAZO;R$ 25.444,95;R$ 0,00;R$ 15.274,47;NÃO;CPPT;226;CAROL CHAVES MESQUITA E FERREIRA;;-;;-;;-;2083/2020;NÃO;-;NÃO;-;SIM;1;OBRA;NÃO;;;;
CONTRATO;31;2020;PGJ;CONTRATO-31-2020-PGJ;5948/2020-16;LEI_8.666;PREGÃO ELETRÔNICO;AQUISIÇÃO DE FIOS E CABOS;07.239.237/0001-79;C L BESERRA & CIA LTDA EPP;27/10/2020;27/10/2021;31/10/2022;-1359;FORA DO PRAZO;FORA DO PRAZO;R$ 40.031,83;R$ 0,00;R$ 11.339.457,58;;CAA;173;ALCIVAN DA COSTA MARQUES;;-;;-;;-;1980/2022;NÃO;-;NÃO;-;NÃO;-;MATERIAL PERMANENTE;NÃO;;;;
CONTRATO;30;2020;PGJ;CONTRATO-30-2020-PGJ;5692/2020-11;LEI_8.666;PREGÃO ELETRÔNICO;SERVIÇOS DE PUBLICAÇÕES DE EDITAIS ;08.329.433/0001-05;GIBBOR BRASIL PUBLICIDADE E PROPAGANDA EIRELI;21/10/2020;21/10/2021;21/10/2021;-1734;FORA DO PRAZO;FORA DO PRAZO;R$ 24.600,00;R$ 0,00;R$ 0,00;NÃO;CLC;15814;ROSANGELA DA SILVA SANTANA;;-;;-;;-;1915/2020;NÃO;-;SIM;3;SIM;1;SERVIÇOS;SIM;;;;
CONTRATO;29;2020;PGJ;CONTRATO-29-2020-PGJ;5439/2020-82;LEI_8.666;PREGÃO ELETRÔNICO;AQUISIÇÃO DE PRODUTOS DE USO;07.239.237/0001-79;C L BESERRA & CIA LTDA EPP;21/10/2020;21/10/2021;21/10/2021;-1734;FORA DO PRAZO;FORA DO PRAZO;R$ 21.123,20;R$ 0,00;R$ 0,00;NÃO;CAA;173;ALCIVAN DA COSTA MARQUES;;-;;-;;-;1913/2020;NÃO;-;NÃO;-;NÃO;-;MATERIAL DE CONSUMO;NÃO;;;;
CONTRATO;28;2020;PGJ;CONTRATO-28-2020-PGJ;4140/2020-06;LEI_8.666;DISPENSA;SERVIÇO DE SEGURO CONTRA INCÊDIO PARA PROMOTORIAS DE JUSTICAS DE BOM JESUS ;17.643.407/0001-30;EMPRESA SANCOR SEGUROS DO BRASIL S. A;05/11/2020;05/11/2021;05/11/2021;-1719;FORA DO PRAZO;FORA DO PRAZO;R$ 811,96;R$ 0,00;R$ 0,00;NÃO;CAA;20026;FELIPE ARLLEM REZENDE;;-;;-;;-;2080/2020;NÃO;-;SIM;1;NÃO;-;SEGURO;SIM;;;;
CONTRATO;27;2020;PGJ;CONTRATO-27-2020-PGJ;5051/2020-37;LEI_8.666;PREGÃO ELETRÔNICO;CONTRATAÇÃO DE SERVIÇO DE CONSERVAÇÃO E MANUTENÇÃO DAS PJ DE BARRAS-PI;03.936.360/0001-98;CWC CONSTRUTORA EIRELI EPP;05/10/2020;05/10/2021;05/10/2021;-1750;FORA DO PRAZO;FORA DO PRAZO;R$ 23.213,01;R$ 0,00;R$ 0,00;NÃO;CPPT;15821;ANDRÉ CASTELO BRANCO RIBEIRO;;-;;-;;-;1769/2020;NÃO;-;NÃO;-;NÃO;-;OBRA;NÃO;;;;
CONTRATO;26;2020;PGJ;CONTRATO-26-2020-PGJ;5362/2020-96;LEI_8.666;PREGÃO ELETRÔNICO;LICENCIAMENTO DE INFRAESTRUTURA;00.258.246/0001-68;SOLO NETWORK BRASIL S.A.;05/10/2020;05/10/2021;05/10/2021;-1750;FORA DO PRAZO;FORA DO PRAZO;R$ 255.000,00;R$ 0,00;R$ 0,00;NÃO;CTI;126;ANNE CAROLINNE CARVALHO GALDINO;;-;;-;;-;1762/2020;NÃO;-;SIM;2;NÃO;-;INTERNET;NÃO;;;;
CONTRATO;25;2020;PGJ;CONTRATO-25-2020-PGJ;4455/2020-44;LEI_8.666;ADESÃO;FORNECIMENTO DE MICROCOMPUTADORES E MONITORES;03.619.767/0005-15;TORINO INFORMÁTICA LTDA;29/09/2020;29/09/2025;29/09/2025;-295;FORA DO PRAZO;FORA DO PRAZO;R$ 701.443,80;R$ 0,00;R$ 0,00;SIM;CTI;15379;JOÃO CARLOS BARBOSA DOS SANTOS;;-;;-;;-;1711/2020;SIM;5% SOBRE O VALOR TOTAL DA CONTRATAÇÃO ;NÃO;-;NÃO;-;MATERIAL PERMANENTE;NÃO;;;;
CONTRATO;24;2020;PGJ;CONTRATO-24-2020-PGJ;4363/2020-51;LEI_8.666;PREGÃO ELETRÔNICO;SERVIÇO DE ESCORAMENTO E OUTROS SERVIÇOS;17.874.796/0001-04;CONSTRUTORA PIAUIENSE EIRELI ME;29/09/2020;29/09/2021;29/09/2021;-1756;FORA DO PRAZO;FORA DO PRAZO;R$ 33.890,00;R$ 0,00;R$ 0,00;NÃO;CPPT;15821;ANDRÉ CASTELO BRANCO RIBEIRO;;-;;-;;-;1709/2020;NÃO;-;NÃO;-;NÃO;-;OBRA;NÃO;;;;
CONTRATO;23;2020;PGJ;CONTRATO-23-2020-PGJ;5361/2020-26;LEI_8.666;PREGÃO ELETRÔNICO;LICENCIAMENTO DE INFRAESTRUTURA E PLATAFORMA EM NUVEM;19.877.285/0002-52;LANLINK SOLUCOES E COMERCIALIZACAO EM INFORMATICA S/A;23/09/2020;23/09/2021;23/09/2021;-1762;FORA DO PRAZO;FORA DO PRAZO;R$ 1.776.276,00;R$ 0,00;R$ 0,00;NÃO;CTI;15807;ÍTALO GARCIA ARAÚJO NOGUEIRA;;-;;-;;-;1674/2020;SIM;5% DO VALOR ANUAL ESTIMADO DO CONTRATO;SIM;4;SIM;3;SERVIÇOS DE TI;SIM;;;;
NOTA DE EMPENHO;23;2020;FMMPPI;NOTA DE EMPENHO-23-2020-FMMPPI;7132/2020-23;LEI_8.666;DISPENSA;AQUISIÇÃO DE LETREIROS;16.936.295/0001-42;TOTEM GRAFICA COMERCIO DE PAPELARIA E SERVICOS DE COMUNICACAO VISUAL EIRELI;04/12/2020;30/12/2020;30/12/2020;-2029;FORA DO PRAZO;FORA DO PRAZO;R$ 31.140,00;R$ 0,00;R$ 0,00;SIM;CAA;15450;ANTÔNIO MARCOS PESSOA;;-;;-;;-;-;NÃO;-;NÃO;-;NÃO;-;SEGURO;NÃO;;;;
CONTRATO;22;2020;PGJ;CONTRATO-22-2020-PGJ;4708/2020-48;LEI_8.666;DISPENSA;CONTRATAÇÃO DE CONSULTORIA DURANTE A IMPLEMENTAÇÃO DA RÁDIO;27.985.596/0001-82;CARLOS EDUARDO PEREIRA BARRADAS 02209547393;15/09/2020;15/09/2021;15/09/2021;-1770;FORA DO PRAZO;FORA DO PRAZO;R$ 16.560,00;R$ 0,00;R$ 0,00;NÃO;CCS;15092;EDIGAR NOGUEIRA BRANDÃO NETO;;-;;-;;-;1641/2020;NÃO;-;NÃO;-;NÃO;-;SERVIÇO;NÃO;;;;
CONTRATO;21;2020;PGJ;CONTRATO-21-2020-PGJ;4580/2020-47;LEI_8.666;PREGÃO ELETRÔNICO;MANUTENÇÃO PREDIAL NA PJ DE CAMPO MAIOR;06.224.118/0001-80;CONSTRUTORA PADRAO LTDA EPP;04/09/2020;04/09/2021;04/09/2021;-1781;FORA DO PRAZO;FORA DO PRAZO;R$ 43.737,76;R$ 0,00;R$ 0,00;NÃO;CPPT;15821;ANDRÉ CASTELO BRANCO RIBEIRO;;-;;-;;-;1605/2020;NÃO;-;NÃO;-;NÃO;-;OBRA;NÃO;;;;
CONTRATO;21;2020;FMMPPI;CONTRATO-21-2020-FMMPPI;7045/2020-79;LEI_8.666;PREGÃO ELETRÔNICO;AQUISIÇÃO DE SUPRIMENTOS E FERRAMENTAS DE INFORMÁTICA E MANUTENÇÃO;05.854.663/0001-97;EMPRESA ELETROQUIP COMERCIO E LICITACOES LTDA;09/12/2020;09/12/2021;09/12/2021;-1685;FORA DO PRAZO;FORA DO PRAZO;R$ 550,00;R$ 0,00;R$ 0,00;NÃO;CAA;173;ALCIVAN DA COSTA MARQUES;;-;;-;;-;2298/2020;NÃO;-;NÃO;-;NÃO;-;MATERIAL PERMANENTE;NÃO;;;;
CONTRATO;20;2020;PGJ;CONTRATO-20-2020-PGJ;4736/2020-36;LEI_8.666;DISPENSA;ESTUDO TÉCNICO COM LAUDO SOBRE CONSUMO DE ENERGIA E ELABORAÇÃO DE TERMO DE REFERÊNCIA;32.651.928/0001-22;APOIO SOLUCOES DE ENGENHARIA LTDA EPP;26/08/2020;26/08/2021;26/08/2021;-1790;FORA DO PRAZO;FORA DO PRAZO;R$ 27.400,00;R$ 0,00;R$ 0,00;NÃO;CPPT;125;FARUK MORAIS ARAGÃO;;-;;-;;-;1526/2020;NÃO;-;NÃO;-;NÃO;-;SERVIÇOS;NÃO;;;;
CONTRATO;19;2020;PGJ;CONTRATO-19-2020-PGJ;4566/2020-67;LEI_8.666;PREGÃO ELETRÔNICO;SERVIÇO DE CONSERVAÇÃO E MANUTENÇÃO DE EDIFICAÇÕES DOS BANHEIROS, ETC.;06.224.118/0001-80;CONSTRUTORA PADRAO LTDA EPP;21/08/2020;21/08/2021;21/08/2021;-1795;FORA DO PRAZO;FORA DO PRAZO;R$ 107.914,59;R$ 0,00;R$ 0,00;NÃO;CPPT;226;CAROL CHAVES MESQUITA E FERREIRA;;-;;-;;-;1513/2020;NÃO;-;SIM;1;NÃO;-;OBRA;NÃO;;;;
CONTRATO;18;2020;PGJ;CONTRATO-18-2020-PGJ;4106/2020-51;LEI_8.666;DISPENSA;PRESTAÇÃO DE SERVIÇOS SECURITÁRIOS ;61.074.175/0001-38;MAPFRE SEGUROS GERAIS S/A;07/08/2020;07/08/2021;07/08/2021;-1809;FORA DO PRAZO;FORA DO PRAZO;R$ 48.000,00;R$ 0,00;R$ 0,00;NÃO;CAA;15641;-;;-;;-;;-;1464/2020;NÃO;-;NÃO;-;NÃO;-;SEGURO;SIM;;;;
CONTRATO;18;2020;FMMPPI;CONTRATO-18-2020-FMMPPI;4570/2020-43;LEI_8.666;ADESÃO;AQUISIÇÕES DE NOTEBOOKS;89.237.911/0289-08;EMPRESA GLOBAL DISTRIBUICAO DE BENS DE CONSUMO L;24/09/2020;24/09/2021;24/09/2021;-1761;FORA DO PRAZO;FORA DO PRAZO;R$ 192.920,00;R$ 0,00;R$ 0,00;NÃO;CTI;15379;JOÃO CARLOS BARBOSA DOS SANTOS;;-;;-;;-;1685/2020;NÃO;-;NÃO;-;NÃO;-;MATERIAL PERMANENTE;NÃO;;;;
CONTRATO;17;2020;PGJ;CONTRATO-17-2020-PGJ;3304/2020-64;LEI_8.666;PREGÃO ELETRÔNICO;SERVIÇO DE CONSERVAÇÃO E MANUTENÇÃO DE EDIFICAÇÕES;06.224.118/0001-80;CONSTRUTORA PADRAO LTDA EPP;05/08/2020;05/08/2021;05/08/2021;-1811;FORA DO PRAZO;FORA DO PRAZO;R$ 54.739,89;R$ 0,00;R$ 0,00;NÃO;CPPT;226;CAROL CHAVES MESQUITA E FERREIRA;;-;;-;;-;1444/2020;NÃO;-;SIM;4;SIM;1;OBRA;NÃO;;;;
CONTRATO;17;2020;FMMPPI;CONTRATO-17-2020-FMMPPI;04773/2020- 84;LEI_8.666;PREGÃO ELETRÔNICO;AQUISIÇÃO DE MOBÍLIA;13.622.580/0001-09;EUROLINE COMÉRCIO DE MÓVEIS EIRELI LTDA;14/09/2020;14/09/2021;14/09/2021;-1771;FORA DO PRAZO;FORA DO PRAZO;R$ 71.160,00;R$ 0,00;R$ 0,00;NÃO;CAA;307;AIRTON ALVES MENDES DE MOURA;;-;;-;;-;1630/2020;NÃO;-;SIM;1;NÃO;-;MATERIAL PERMANENTE;NÃO;;;;
CONTRATO;16;2020;FMMPPI;CONTRATO-16-2020-FMMPPI;4388/2020-55;LEI_8.666;PREGÃO ELETRÔNICO;ELABORAÇÃO DE PROJETO BÁSICO E EXECUTIVO - ELEVADOR;00.906.796/0001-46;MORAN PROJETOS E MONTAGENS ELETRICAS EIRELI EPP;06/08/2020;06/08/2021;01/10/2025;-293;FORA DO PRAZO;FORA DO PRAZO;R$ 47.000,00;R$ 0,00;R$ 198.755,49;NÃO;CPPT;226;CAROL CHAVES MESQUITA E FERREIRA;232;-;;-;;-;1462/2020;NÃO;-;SIM;2;NÃO;-;SERVIÇOS;NÃO;;;;
CONTRATO;16;2020;PGJ;CONTRATO-16-2020-PGJ;4190/2020-36;LEI_8.666;INEXIGIBILIDADE;CONTRATAÇÃO DIRETA PARA COORDENAÇÃO E EXECUÇÃO DAS AULAS DE CANTO ;106.074.203-91;RAIMUNDO AURÉLIO DE MELO;05/08/2020;05/08/2025;05/08/2021;-1811;FORA DO PRAZO;FORA DO PRAZO;R$ 142.500,00;R$ 0,00;-R$ 4.418,37;NÃO;CRH;20048;MARIANNE DE MACEDO RODRIGUES;;-;;-;;-;3041/2022;NÃO;-;SIM;2;SIM;2;SERVIÇOS;SIM;;;;
NOTA DE EMPENHO;16;2020;FMMPPI;NOTA DE EMPENHO-16-2020-FMMPPI;5115/2020-72;LEI_8.666;PREGÃO ELETRÔNICO;AQUISIÇÃO DE SWITCH;27.778.168/0001-89;K2 IT LTDA;28/10/2020;30/12/2020;06/08/2021;-1810;FORA DO PRAZO;FORA DO PRAZO;R$ 112.344,00;R$ 0,00;R$ 0,00;SIM;CTI;15807;ÍTALO GARCIA ARAÚJO NOGUEIRA;;-;;-;;-;1605/2021;NÃO;-;SIM;1;NÃO;-;MATERIAL PERMANENTE;NÃO;;;;
CONTRATO;15;2020;PGJ;CONTRATO-15-2020-PGJ;4378/2020- 34;LEI_8.666;ADESÃO;AQUISIÇÃO DE SOFTWARES (BIM);04.198.254/0001-17;MCR SISTEMAS E CONSULTORIA LTDA;31/07/2020;31/07/2023;31/07/2023;-1086;FORA DO PRAZO;FORA DO PRAZO;R$ 233.550,00;R$ 0,00;R$ 0,00;NÃO;CPPT;20122;ALESSANDRA BRAUNA DE MEIRELES;;-;;-;;-;904/2023;NÃO;-;SIM;1;NÃO;-;SERVIÇOS DE TI;SIM;;;;
CONTRATO;15;2020;FMMPPI;CONTRATO-15-2020-FMMPPI;4229/2020-80;LEI_8.666;DISPENSA;SERVIÇOS DE PERÍCIAS E ASSESSORIA TÉCNICA    ;07.501.328/0001-30;FUNDACAO CULTURAL E DE FOMENTO A PESQUISA, ENSINO, EXTENSAO E INOVACAO - FADEX;17/07/2020;17/07/2021;17/07/2021;-1830;FORA DO PRAZO;FORA DO PRAZO;R$ 225.000,00;R$ 0,00;R$ 0,00;NÃO;CPPT;199;JONATAN SANTOS DE CASTRO;;-;;-;;-;1348/2020;NÃO;-;SIM;3;NÃO;-;SERVIÇOS;SIM;;;;
CONTRATO;14;2020;FMMPPI;CONTRATO-14-2020-FMMPPI;2210/2019-39;LEI_8.666;ADESÃO;AQUISIÇÃO DE WORKSTATIONS;03.263.975/0001-09;SYSTECH SISTEMAS E TECNOLOGIA EM INFORMATICA LTDA;16/03/2020;16/03/2021;21/08/2021;-1795;FORA DO PRAZO;FORA DO PRAZO;R$ 125.040,00;R$ 0,00;R$ 0,00;NÃO;CTI;335;THIAGO DE ARAÚJO COSTA SOARES;;-;;-;;-;902/2020;NÃO;-;NÃO;-;NÃO;-;MATERIAL PERMANENTE;NÃO;;;;
CONTRATO;14;2020;PGJ;CONTRATO-14-2020-PGJ;4182/2020-43;LEI_8.666;INEXIGIBILIDADE;SERVIÇO DE SUPORTE E ATUALIZAÇÃO DE BANCO DE DADOS ORACLE;59.456.277/0001-76;ORACLE DO BRASIL SISTEMAS LTDA;20/10/2020;20/10/2024;20/10/2024;-639;FORA DO PRAZO;FORA DO PRAZO;R$ 851.098,24;R$ 0,00;R$ 0,00;NÃO;CTI;294;MARCIEL FERREIRA LIMA;;-;;-;;-;1895/2020;NÃO;-;SIM;1;SIM;2;SERVIÇOS DE TI;SIM;;;;
ORDEM DE FORNECIMENTO;14;2020;PGJ;ORDEM DE FORNECIMENTO-14-2020-PGJ;4263/2020-80;LEI_8.666;DISPENSA;AQUISIÇÃO DE BARREIRA ACRÍLICA;16.936.295/0001-42 ;TOTEM GRAFICA COMERCIO DE PAPELARIA E SERVICOS DE COMUNICACAO VISUAL EIRELI-ME;10/08/2020;30/12/2020;30/12/2020;-2029;FORA DO PRAZO;FORA DO PRAZO;R$ 25.600,00;R$ 0,00;R$ 0,00;SIM;CAA;15450;ANTÔNIO MARCOS PESSOA;;-;;-;;-;-;NÃO;-;NÃO;-;NÃO;-;MATERIAL PERMANENTE;NÃO;;;;
CONTRATO;13;2020;FMMPPI;CONTRATO-13-2020-FMMPPI;4508/2020-16;LEI_8.666;DISPENSA;CONTRATAÇÃO DE SERVIÇOS DE ESTUDO DE EFICIÊNCIA ENERGÉTICA;07.501.328/0001-30;FUNDACAO CULTURAL E DE FOMENTO A PESQUISA, ENSINO, EXTENSAO E INOVACAO - FADEX;17/03/2020;17/03/2021;17/03/2021;-1952;FORA DO PRAZO;FORA DO PRAZO;R$ 152.135,49;R$ 0,00;R$ 0,00;NÃO;CPPT;226;CAROL CHAVES MESQUITA E FERREIRA;;-;;-;;-;903/2020;NÃO;-;SIM;3;NÃO;-;SERVIÇOS;SIM;;;;
ORDEM DE FORNECIMENTO;13;2020;PGJ;ORDEM DE FORNECIMENTO-13-2020-PGJ;4246/2020-54;LEI_8.666;DISPENSA;AQUISIÇÃO DE PROTETOR FACIAL - FACE SHIELD;18.203.302/0001-22;L F S DOS SANTOS ME;12/08/2020;30/12/2020;26/08/2021;-1790;FORA DO PRAZO;FORA DO PRAZO;R$ 6.360,00;R$ 0,00;R$ 0,00;;CAA;307;AIRTON ALVES MENDES DE MOURA;;-;;-;;-;388/2016;NÃO;-;NÃO;-;NÃO;-;MATERIAL PERMANENTE;NÃO;;;;
CONTRATO;13;2020;PGJ;CONTRATO-13-2020-PGJ;4198/2020-27;LEI_8.666;DISPENSA;AQUISIÇÃO DE ÁLCOOL EM GEL E LUVA;17.746.836/0002-13;A T DOS SANTOS EIRELI;30/07/2020;30/01/2021;20/10/2024;-639;FORA DO PRAZO;FORA DO PRAZO;R$ 70.510,00;R$ 0,00;R$ 375.295,68;NÃO;CAA;173;ALCIVAN DA COSTA MARQUES;;-;;-;;-;1396/2020;NÃO;-;NÃO;-;NÃO;-;MATERIAL DE CONSUMO;NÃO;;;;
CONTRATO;12;2020;FMMPPI;CONTRATO-12-2020-FMMPPI;112/2020-34;LEI_8.666;PREGÃO ELETRÔNICO;AQUISIÇÃO DE NOTEBOOKS, ETC.;07.766.048/0001-54;3D PROJETOS E ASSESSORIA EM INFORMATICA LTDA EPP;12/03/2020;12/03/2021;23/09/2024;-666;FORA DO PRAZO;FORA DO PRAZO;R$ 604.043,00;R$ 0,00;R$ 7.685.423,85;NÃO;CTI;15379;JOÃO CARLOS BARBOSA DOS SANTOS;270;MARCÍLIO DE OLIVEIRA SILVA;126;ANNE CAROLINNE CARVALHO GALDINO;;-;1396/2020;NÃO;-;SIM;2;NÃO;-;MATERIAL PERMANENTE;NÃO;;;;
CONTRATO;12;2020;PGJ;CONTRATO-12-2020-PGJ;4138/2020-67;LEI_8.666;INEXIGIBILIDADE;AQUISIÇÃO DE BANCOS DE PREÇOS;07.797.967/0001-95;NP CAPACITACAO E SOLUCOES TECNOLOGICAS LTDA;28/07/2020;28/07/2022;21/12/2025;-212;FORA DO PRAZO;FORA DO PRAZO;R$ 17.950,00;R$ 0,00;R$ 159.175,32;NÃO;CAA;20269;FABIANA ROCHA AGUIAR NOGUEIRA;;-;;-;;-;4175/2024;NÃO;-;SIM;2;NÃO;-;SERVIÇOS DE TI;SIM;;;;
ORDEM DE FORNECIMENTO;12;2020;FEPDC;ORDEM DE FORNECIMENTO-12-2020-FEPDC;4058/2020-86;LEI_8.666;DISPENSA;AQUISIÇÃO DE TAPETES SANITIZANTES;12.957.444/0001-07;EMPRESA FLEX PROJETOS E SISTEMAS LTDA;21/07/2020;30/12/2020;11/10/2022;-1379;FORA DO PRAZO;FORA DO PRAZO;R$ 11.060,00;R$ 0,00;R$ 12.634,23;SIM;CAA;15450;ANTÔNIO MARCOS PESSOA;;-;;-;;-;-;NÃO;-;NÃO;-;NÃO;-;MATERIAL PERMANENTE;NÃO;;;;
CONTRATO;11;2020;FMMPPI;CONTRATO-11-2020-FMMPPI;2661/2019-84;LEI_8.666;ADESÃO;FORNECIMENTO DE VEÍCULO AUTOMOTOR;59.104.760/0001-91;TOYOTA DO BRASIL LTDA;22/01/2020;10/07/2020;10/07/2020;-2202;FORA DO PRAZO;FORA DO PRAZO;R$ 177.480,00;R$ 0,00;R$ 0,00;NÃO;CAA;15641;-;307;AIRTON ALVES MENDES DE MOURA;15980;-;;-;236/2020;NÃO;-;NÃO;-;NÃO;-;MATERIAL PERMANENTE;NÃO;;;;
CONTRATO;11;2020;PGJ;CONTRATO-11-2020-PGJ;3627/2020-21;LEI_8.666;PREGÃO ELETRÔNICO;AQUISIÇÃO DE TONERS;05.808.979/0001-42;V. C. DA ROCHA DISTRIBUIDORA;01/07/2020;01/07/2021;01/07/2021;-1846;FORA DO PRAZO;FORA DO PRAZO;R$ 19.244,00;R$ 0,00;R$ 0,00;NÃO;CAA;310;GUILHERME SANTOS DE ANDRADE;;-;;-;;-;1254/2020;NÃO;-;NÃO;-;NÃO;-;MATERIAL DE CONSUMO;NÃO;;;;
ORDEM DE FORNECIMENTO;11;2020;FEPDC;ORDEM DE FORNECIMENTO-11-2020-FEPDC;4055/2020-70;LEI_8.666;DISPENSA;AQUISIÇÃO DE TERMÔMETROS CLÍNICOS DIGITAIS;31.808.990/0001-12;J & K COMERCIO, REPRESENTACOES E SERVICOS DE AGENCIAMENTO DE MAO DE OBRA EIRELI;13/07/2020;13/01/2021;13/01/2021;-2015;FORA DO PRAZO;FORA DO PRAZO;R$ 25.060,00;R$ 0,00;R$ 0,00;NÃO;CAA;307;AIRTON ALVES MENDES DE MOURA;;-;;-;;-;388/2016;NÃO;-;NÃO;-;NÃO;-;MATERIAL PERMANENTE;NÃO;;;;
CONTRATO;10;2020;FMMPPI;CONTRATO-10-2020-FMMPPI;2208/2019-93;LEI_8.666;ADESÃO;AQUISIÇÃO DE AERONAVE TELEGUIADA PARA O GAECO;28.811.718/0001-87;BRUNO DIGITAL COMERCIO DE MERCADORIA EM GERAL EIRELI ME;22/01/2020;22/01/2021;22/01/2021;-2006;FORA DO PRAZO;FORA DO PRAZO;R$ 10.598,00;R$ 0,00;R$ 0,00;NÃO;CTI;335;THIAGO DE ARAÚJO COSTA SOARES;;-;;-;;-;211/2020;NÃO;-;NÃO;-;NÃO;-;MATERIAL PERMANENTE;NÃO;;;;
CONTRATO;10;2020;PGJ;CONTRATO-10-2020-PGJ;3895/2020-25;LEI_8.666;DISPENSA;PRESTAÇÃO DE SERVIÇOS CONTINUADOS;07.204.255/0001-15;BELAZARTE - SERVICOS DE CONSULTORIA LTDA;10/06/2020;14/06/2020;14/06/2020;-2228;FORA DO PRAZO;FORA DO PRAZO;R$ 65.443,43;R$ 0,00;R$ 0,00;NÃO;CAA;173;ALCIVAN DA COSTA MARQUES;204;THIAGO NOGUEIRA DE SOUSA MARTINS ALMEIDA;20026;FELIPE ARLLEM REZENDE;;-;1147/2020;NÃO;-;SIM;5;SIM;3;TERCEIRIZAÇÃO DE MÃO DE OBRA;SIM;;;;
ORDEM DE SERVIÇO;10;2020;PGJ;ORDEM DE SERVIÇO-10-2020-PGJ;4241/2020-47;LEI_8.666;DISPENSA;SERVIÇOS DE ESGOTAMENTO SANITÁRIO;01.244.071/0001-00;F V P DA SILVA EPP (BIG JATTO);13/07/2020;13/07/2021;13/07/2021;-1834;FORA DO PRAZO;FORA DO PRAZO;R$ 1.440,00;R$ 0,00;R$ 0,00;NÃO;CPPT;15491;KELMER SAID MELO;;-;;-;;-;-;NÃO;-;NÃO;-;NÃO;-;SERVIÇOS;NÃO;;;;
CONTRATO;9;2020;FMMPPI;CONTRATO-9-2020-FMMPPI;2614/2019-92;LEI_8.666;ADESÃO;AQUISIÇÃO DE MICRO-ÔNIBUS;05.440.065/0001-71;MASCARELLO - CARROCERIAS E ONIBUS LTDA;22/01/2020;22/01/2021;22/01/2021;-2006;FORA DO PRAZO;FORA DO PRAZO;R$ 356.666,67;R$ 0,00;R$ 0,00;NÃO;CAA;15641;-;307;AIRTON ALVES MENDES DE MOURA;15980;-;;-;235/2020;NÃO;-;NÃO;-;NÃO;-;MATERIAL PERMANENTE;NÃO;;;;
ORDEM DE FORNECIMENTO;9;2020;FEPDC;ORDEM DE FORNECIMENTO-9-2020-FEPDC;3956/2020-27;LEI_8.666;DISPENSA;AQUISIÇÃO DE TOTENS;16.936.295/0001-42;TOTEM GRAFICA COMERCIO DE PAPELARIA E SERVICOS DE COMUNICACAO VISUAL EIRELI;23/06/2020;23/12/2020;11/11/2021;-1713;FORA DO PRAZO;FORA DO PRAZO;R$ 14.525,00;R$ 0,00;R$ 1.738,25;;CAA;173;ALCIVAN DA COSTA MARQUES;;-;;-;;-;615/2013;NÃO;-;NÃO;-;NÃO;-;MATERIAL PERMANENTE;NÃO;;;;
CONTRATO;9;2020;PGJ;CONTRATO-9-2020-PGJ;3389/2020-97;LEI_8.666;PREGÃO ELETRÔNICO;CONTRATAÇÃO DE SERVIÇOS E MANUTENÇÕES DE EDIFICAÇÕES DAS PJ DE PARNAIBA, PIRACURUCA E LUIS CORREIA           ;03.936.360/0001-98;CWC CONSTRUTORA EIRELI EPP;02/06/2020;02/06/2021;02/06/2021;-1875;FORA DO PRAZO;FORA DO PRAZO;R$ 56.168,81;R$ 0,00;R$ 806,26;NÃO;CPPT;15821;ANDRÉ CASTELO BRANCO RIBEIRO;;-;;-;;-;1118/2020;NÃO;-;NÃO;-;NÃO;-;OBRA;NÃO;;;;
CONTRATO;8;2020;FMMPPI;CONTRATO-8-2020-FMMPPI;959/2019-60;LEI_8.666;TOMADA DE PREÇOS;EXECUÇÃO DE REFORMA E AMPLIAÇÃO DE SALA PARA A PJ DE ITAUEIRA;12.070.635/0001-44;CP CONSTRUÇÕES LTDA EPP;15/01/2020;15/01/2021;15/01/2021;-2013;FORA DO PRAZO;FORA DO PRAZO;R$ 70.305,62;R$ 0,00;R$ 118.243,20;NÃO;CPPT;15821;ANDRÉ CASTELO BRANCO RIBEIRO;;-;;-;;-;140/2020;NÃO;-;NÃO;-;NÃO;-;OBRA;NÃO;;;;
CONTRATO;8;2020;PGJ;CONTRATO-8-2020-PGJ;3762/2020-27;LEI_8.666;DISPENSA;AQUISIÇÃO DE MÁSCARAS DE TECIDO;14.142.134/0001-51;RENATA CAROLINE DA SILVA MOREIRA RAMOS EIRELI ME (V8 JEANS);28/05/2020;28/05/2021;28/05/2021;-1880;FORA DO PRAZO;FORA DO PRAZO;R$ 61.740,00;R$ 0,00;R$ 0,00;NÃO;CAA;173;ALCIVAN DA COSTA MARQUES;;-;;-;;-;1088/2020;NÃO;-;SIM;1;NÃO;-;MATERIAL DE CONSUMO;NÃO;;;;
ORDEM DE FORNECIMENTO;8;2020;PGJ;ORDEM DE FORNECIMENTO-8-2020-PGJ;3762/2020-98;LEI_8.666;DISPENSA;AQUISIÇÃO DE PROTETOR FACIAL - FACE SHIELD;18.203.302/0001-22;L F S DOS SANTOS ME;26/06/2020;30/12/2020;05/11/2022;-1354;FORA DO PRAZO;FORA DO PRAZO;R$ 3.975,00;R$ 0,00;R$ 0,00;;CAA;173;ALCIVAN DA COSTA MARQUES;;-;;-;;-;615/2013;NÃO;-;NÃO;-;NÃO;-;MATERIAL PERMANENTE;NÃO;;;;
CONTRATO;7;2020;FMMPPI;CONTRATO-7-2020-FMMPPI;2073/2019-52;LEI_8.666;TOMADA DE PREÇOS;EXECUÇÃO DE REFORMA DE IMPERMEABILIZAÇÕES DAS VARANDAS, COBERTURA DE SOLO E REFORÇO DE LAJE DO TRANSFORMADOR;10.659.927/0001-91;MUTUAL SERVIÇOS DE ENGENHARIA LTDA;15/01/2020;15/01/2021;21/10/2025;-273;FORA DO PRAZO;FORA DO PRAZO;R$ 354.048,84;R$ 0,00;R$ 0,00;NÃO;CPPT;15821;ANDRÉ CASTELO BRANCO RIBEIRO;;-;;-;;-;141/2020;NÃO;-;SIM;2;NÃO;-;OBRA;NÃO;;;;
CONTRATO;7;2020;PGJ;CONTRATO-7-2020-PGJ;3763/2020-87;LEI_8.666;PREGÃO ELETRÔNICO;EXECUÇÃO DE REFORMA DE EDIFICAÇÃO DE LUZILÂNDIA - PI;03.936.360/0001-98;CWC CONSTRUTORA EIRELI EPP;27/05/2020;27/05/2021;27/05/2021;-1881;FORA DO PRAZO;FORA DO PRAZO;R$ 1.764,43;R$ 0,00;R$ 0,00;NÃO;CPPT;15821;ANDRÉ CASTELO BRANCO RIBEIRO;;-;;-;;-;1081/2020;NÃO;-;NÃO;-;NÃO;-;OBRA;NÃO;;;;
ORDEM DE FORNECIMENTO;7;2020;PGJ;ORDEM DE FORNECIMENTO-7-2020-PGJ;3994/2020-68;LEI_8.666;DISPENSA;AQUISIÇÃO DE AVENTAIS DESCARTÁVEIS;28.981.784/0001-03;B M NORONHA ME;25/06/2020;25/12/2020;25/12/2020;-2034;FORA DO PRAZO;FORA DO PRAZO;R$ 2.100,00;R$ 0,00;R$ 0,00;;CAA;173;ALCIVAN DA COSTA MARQUES;;-;;-;;-;615/2013;NÃO;-;NÃO;-;NÃO;-;MATERIAL DE CONSUMO;NÃO;;;;
NOTA DE EMPENHO;7;2020;FMMPPI;NOTA DE EMPENHO-7-2020-FMMPPI;206/2020-18;LEI_8.666;DISPENSA;AQUISIÇÃO DE URNAS PARA SUGESTÃO;19.580.922/0001-43;EVESON RIBEIRO LEAL EPP;12/03/2020;30/12/2020;30/12/2020;-2029;FORA DO PRAZO;FORA DO PRAZO;R$ 4.950,00;R$ 0,00;R$ 0,00;SIM;CAA;15450;ANTÔNIO MARCOS PESSOA;;-;;-;;-;-;NÃO;-;NÃO;-;NÃO;-;MATERIAL PERMANENTE;NÃO;;;;
NOTA DE EMPENHO;6;2020;FEPDC;NOTA DE EMPENHO-6-2020-FEPDC;33/2020-33;LEI_8.666;DISPENSA;CONFECÇÃO DE CAMISAS PARA O PROCON;15.088.408/0001-34;GAMA COMERCIO SERVICOS EQUIPAMENTOS E INFORMATICA LTDA;06/02/2020;30/12/2020;30/12/2020;-2029;FORA DO PRAZO;FORA DO PRAZO;R$ 6.000,00;R$ 0,00;R$ 17.393,61;NÃO;CCS;122;SHAIANNA DA COSTA ARAÚJO;;-;;-;;-;-;NÃO;-;NÃO;-;NÃO;-;MATERIAL PERMANENTE;NÃO;;;;
CONTRATO;6;2020;FMMPPI;CONTRATO-6-2020-FMMPPI;2211/2019-12;LEI_8.666;TOMADA DE PREÇOS;EXECUÇÃO DE REFORMA DE EDIFICAÇÃO DA PJ DE SIMÕES;04.603.664/0001-04;V. M. PESSOA FEITOSA MONTEIRO;15/01/2020;15/01/2021;15/01/2021;-2013;FORA DO PRAZO;FORA DO PRAZO;R$ 118.008,98;R$ 0,00;R$ 80.184,69;NÃO;CPPT;15821;ANDRÉ CASTELO BRANCO RIBEIRO;;-;;-;;-;148/2020;NÃO;-;SIM;1;NÃO;-;OBRA;NÃO;;;;
CONTRATO;6;2020;PGJ;CONTRATO-6-2020-PGJ;196/2020-94;LEI_8.666;DISPENSA;SERVIÇO DE AVALIAÇÃO MERCADOLÓGICA;20.458.756/0001-96;PORTO IMOBILIÁRIA LTDA - ME;19/06/2020;19/06/2021;10/07/2026;-11;FORA DO PRAZO;FORA DO PRAZO;R$ 11.000,00;R$ 0,00;R$ 32.595,00;NÃO;CPPT;15491;KELMER SAID MELO;;-;;-;;-;1168/2020;NÃO;-;NÃO;-;NÃO;-;SERVIÇOS;SIM;;;;
ORDEM DE FORNECIMENTO;6;2020;PGJ;ORDEM DE FORNECIMENTO-6-2020-PGJ;3977/2020-42;LEI_8.666;DISPENSA;AQUISIÇÃO DE PULVERIZADORES;08.960.605/0001-36;G. SOUSA SILVA ME;24/06/2020;24/12/2020;09/09/2024;-680;FORA DO PRAZO;FORA DO PRAZO;R$ 4.158,00;R$ 0,00;R$ 0,00;;CAA;173;ALCIVAN DA COSTA MARQUES;;-;;-;;-;615/2013;NÃO;-;NÃO;-;NÃO;-;MATERIAL PERMANENTE;NÃO;;;;
ORDEM DE FORNECIMENTO;5;2020;PGJ;ORDEM DE FORNECIMENTO-5-2020-PGJ;3745/2020-98;LEI_8.666;DISPENSA;AQUISIÇÃO DE BARREIRAS DE PROTEÇÃO PARA BALCÃO;16.936.295/0001-42;TOTEM GRAFICA COMERCIO DE PAPELARIA E SERVICOS DE COMUNICACAO VISUAL EIRELI;04/06/2020;30/12/2020;31/07/2024;-720;FORA DO PRAZO;FORA DO PRAZO;R$ 11.200,00;R$ 0,00;R$ 0,00;NÃO;CAA;173;ALCIVAN DA COSTA MARQUES;;-;;-;;-;615/2013;NÃO;-;NÃO;-;NÃO;-;MATERIAL PERMANENTE;NÃO;;;;
CONTRATO;5;2020;FMMPPI;CONTRATO-5-2020-FMMPPI;1975/2019-79;LEI_8.666;TOMADA DE PREÇOS;EXECUÇÃO DE REFORMA DA PJ DE CASTELO DO PIAUÍ - PI;22.168.030/0001-44;A COSTA DE SOUSA EIRELI EPP;15/01/2020;15/01/2021;28/07/2025;-358;FORA DO PRAZO;FORA DO PRAZO;R$ 42.482,31;R$ 0,00;R$ 1.022.820,00;NÃO;CPPT;404;-;;-;;-;;-;146/2020;NÃO;-;SIM;1;NÃO;-;OBRA;NÃO;;;;
CONTRATO;5;2020;PGJ;CONTRATO-5-2020-PGJ;4440/2020-09;LEI_8.666;DISPENSA;LOCAÇÃO DE IMÓVEL PARA A PJ DE ALTOS - PI;695.264.433-49;WELLISMARA CARVALHO GIL BARBOSA;30/07/2020;01/10/2025;01/10/2025;-293;FORA DO PRAZO;FORA DO PRAZO;R$ 345.000,00;R$ 0,00;R$ 113.238,78;NÃO;CPPT;407;ALESSANDRA SILVA PONTES;;-;;-;;-;1870/2026;NÃO;-;SIM;1;SIM;3;LOCAÇÃO DE IMÓVEL;SIM;;;;
CONTRATO;5;2020;FEPDC;CONTRATO-5-2020-FEPDC;5920/2020-65;LEI_8.666;PREGÃO ELETRÔNICO;SERVIÇOS DE DESENVOLVIMENTO E MANUTENÇÃO DE SOFTWARE;05.585.355/0001-03;AGUIA NET CONSULTORIA ESTRATEGICA LTDA;15/12/2020;16/12/2021;16/12/2021;-1678;FORA DO PRAZO;FORA DO PRAZO;R$ 938.400,00;R$ 0,00;R$ 0,00;NÃO;CTI;303;BRENO REIS DO NASCIMENTO;;-;;-;;-;2347/2020;NÃO;-;SIM;1;NÃO;-;SERVIÇOS DE TI;SIM;;;;
CONTRATO;4;2020;FMMPPI;CONTRATO-4-2020-FMMPPI;2260/2019-47;LEI_8.666;TOMADA DE PREÇOS;EXECUÇÃO DE REFORMA DAS SALAS DO 2º ANDAR;12.070.635/0001-44;CP CONSTRUÇÕES LTDA EPP;15/01/2020;15/01/2021;15/12/2022;-1314;FORA DO PRAZO;FORA DO PRAZO;R$ 92.494,40;R$ 0,00;R$ 0,00;NÃO;CPPT;404;-;;-;;-;;-;147/2020;NÃO;-;SIM;1;NÃO;-;OBRA;NÃO;;;;
CONTRATO;4;2020;PGJ;CONTRATO-4-2020-PGJ;151/2020-48;LEI_8.666;PREGÃO ELETRÔNICO;EXECUÇÃO DE REFORMA DE EDIFICAÇÃO DA SEDE CENTRO;06.224.118/0001-80;CONSTRUTORA PADRAO LTDA EPP;09/03/2020;09/03/2021;01/10/2026;72;RENOVAÇÃO URGENTE;EM VIGÊNCIA;R$ 32.924,38;R$ 0,00;R$ 0,00;NÃO;CPPT;226;CAROL CHAVES MESQUITA E FERREIRA;;-;;-;;-;741/2020;NÃO;-;SIM;1;NÃO;-;OBRA;NÃO;;;;
ORDEM DE FORNECIMENTO;4;2020;PGJ;ORDEM DE FORNECIMENTO-4-2020-PGJ;131/2020-06;LEI_8.666;PREGÃO ELETRÔNICO;MATERIAL DE LIMPEZA;07.239.237/0001-79;C L BESERRA & CIA LTDA EPP;17/02/2020;30/12/2020;25/11/2021;-1699;FORA DO PRAZO;FORA DO PRAZO;R$ 42.642,81;R$ 0,00;R$ 0,00;SIM;CAA;15450;ANTÔNIO MARCOS PESSOA;;-;;-;;-;-;NÃO;-;NÃO;-;NÃO;-;MATERIAL DE CONSUMO;NÃO;;;;
CONTRATO;4;2020;FEPDC;CONTRATO-4-2020-FEPDC;6080/2020-06;LEI_8.666;PREGÃO ELETRÔNICO;AQUISIÇÃO DE MATERIAL PERMANENTE(CADEIRAS E POLTRONAS);13.622.580/0001-09;EUROLINE COMÉRCIO DE MÓVEIS EIRELI LTDA;25/11/2020;25/11/2021;25/11/2021;-1699;FORA DO PRAZO;FORA DO PRAZO;R$ 71.160,00;R$ 0,00;R$ 0,00;NÃO;CAA;307;AIRTON ALVES MENDES DE MOURA;;-;;-;;-;2216/2020;NÃO;-;SIM;1;NÃO;-;MATERIAL PERMANENTE;NÃO;;;;
CONTRATO;3;2020;FMMPPI;CONTRATO-3-2020-FMMPPI;2684/2019-45;LEI_8.666;PREGÃO ELETRÔNICO;AQUISIÇÃO DE APARELHOS DE AR CONDICIONADO;27.390.535/0001-72;MUNDIAL REFRIGERACAO EIRELI ME;27/01/2020;27/01/2021;27/01/2021;-2001;FORA DO PRAZO;FORA DO PRAZO;R$ 11.481,40;R$ 0,00;R$ 0,00;NÃO;CAA;307;AIRTON ALVES MENDES DE MOURA;;-;;-;;-;253/2020;NÃO;-;NÃO;-;NÃO;-;MATERIAL PERMANENTE;NÃO;;;;
CONTRATO;3;2020;PGJ;CONTRATO-3-2020-PGJ;103/2020-83;LEI_8.666;PREGÃO ELETRÔNICO;AQUISIÇÃO DE ÁGUA MINERAL EM GARRAFÃO DE 20 LITROS;07.938.158/0001-56;S M DA SILVA ME (DISK IMPERIAL);14/04/2020;14/04/2021;14/04/2021;-1924;FORA DO PRAZO;FORA DO PRAZO;R$ 25.000,00;R$ 0,00;R$ 615.691,76;NÃO;CAA;173;ALCIVAN DA COSTA MARQUES;;-;;-;;-;948/2020;NÃO;-;NÃO;-;NÃO;-;MATERIAL DE CONSUMO;NÃO;;;;
NOTA DE EMPENHO;3;2020;FMMPPI;NOTA DE EMPENHO-3-2020-FMMPPI;2747/2019-90;LEI_8.666;ADESÃO;AQUISIÇÃO DE SCANNERS;78.126.950/0011-26;MICROSENS S/A;28/02/2020;30/12/2020;14/09/2021;-1771;FORA DO PRAZO;FORA DO PRAZO;R$ 75.000,00;R$ 0,00;R$ 0,00;SIM;CTI;15379;JOÃO CARLOS BARBOSA DOS SANTOS;;-;;-;;-;-;NÃO;-;NÃO;-;NÃO;-;MATERIAL PERMANENTE;NÃO;;;;
ORDEM DE FORNECIMENTO;3;2020;PGJ;ORDEM DE FORNECIMENTO-3-2020-PGJ;117/2020-93;LEI_8.666;PREGÃO ELETRÔNICO;AQUISIÇÃO DE PAPEL HIGIÊNICO E PAPEL TOALHA;04.331.432/0001-36;RICEK INDUSTRIA E COMERCIO LTDA;20/02/2020;30/12/2020;30/12/2020;-2029;FORA DO PRAZO;FORA DO PRAZO;R$ 31.867,50;R$ 0,00;R$ 0,00;;CAA;173;ALCIVAN DA COSTA MARQUES;;-;;-;;-;615/2013;NÃO;-;NÃO;-;NÃO;-;MATERIAL DE CONSUMO;NÃO;;;;
CONTRATO;3;2020;FEPDC;CONTRATO-3-2020-FEPDC;4102/2020-46;LEI_8.666;DISPENSA;PRESTAÇÃO DE SERVIÇOS SECURITÁRIOS ;61.074.175/0001-38;MAPFRE SEGUROS GERAIS S/A;07/08/2020;07/08/2021;05/10/2022;-1385;FORA DO PRAZO;FORA DO PRAZO;R$ 25.745,48;R$ 0,00;R$ 0,00;NÃO;CAA;15641;-;;-;;-;;-;1466/2020;NÃO;-;NÃO;-;NÃO;-;SEGURO;SIM;;;;
CONTRATO;2;2020;FEPDC;CONTRATO-2-2020-FEPDC;210/2020-07;LEI_8.666;DISPENSA;AQUISIÇÃO DE COFFEE BREAK;04.358.627/0001-70;M L DE SOUSA SILVA ME (CASA DOS SALGADOS);12/03/2020;12/03/2021;12/03/2021;-1957;FORA DO PRAZO;FORA DO PRAZO;R$ 7.840,00;R$ 0,00;R$ 0,00;NÃO;CCS;264;ANTÔNIO FRANCISCO DOS SANTOS LIMA;;-;;-;;-;1089/2020;NÃO;-;NÃO;-;NÃO;-;MATERIAL DE CONSUMO;NÃO;;;;
CONTRATO;2;2020;FMMPPI;CONTRATO-2-2020-FMMPPI;2683/2019-72;LEI_8.666;PREGÃO ELETRÔNICO;AQUISIÇÃO DE APARELHOS DE AR CONDICIONADO;69.628.139/0001-80;R. N. LOPES MONTEIRO ME;15/01/2020;15/01/2021;15/01/2021;-2013;FORA DO PRAZO;FORA DO PRAZO;R$ 48.563,00;R$ 0,00;R$ 0,00;NÃO;CAA;307;AIRTON ALVES MENDES DE MOURA;;-;;-;;-;144/2020;NÃO;-;NÃO;-;NÃO;-;MATERIAL PERMANENTE;NÃO;;;;
CONTRATO;2;2020;PGJ;CONTRATO-2-2020-PGJ;41/2020-11;LEI_8.666;PREGÃO ELETRÔNICO;CONTRATAÇÃO DE EMPRESA DE TELECOMUNICAÇÕES;02.558.157/0001-62;TELEFÔNICA BRASIL S/A;05/03/2020;05/03/2021;05/03/2021;-1964;FORA DO PRAZO;FORA DO PRAZO;R$ 60.833,28;R$ 0,00;R$ 0,00;NÃO;CAA;213;ENNIO RICELLI SANTOS SOUSA;;-;;-;;-;751/2020;NÃO;-;SIM;2;SIM;1;TELEFONIA;SIM;;;;
ORDEM DE FORNECIMENTO;2;2020;PGJ;ORDEM DE FORNECIMENTO-2-2020-PGJ;17/2020-77;LEI_8.666;PREGÃO ELETRÔNICO;AQUISIÇÃO DE MATERIAL (SUPRIMENTO) DE INFORMÁTICA;08.050.832/0001-24;BR INFORMATICA LTDA EPP;24/01/2020;30/12/2020;30/12/2020;-2029;FORA DO PRAZO;FORA DO PRAZO;R$ 12.833,20;R$ 0,00;R$ 0,00;SIM;CAA;15450;ANTÔNIO MARCOS PESSOA;;-;;-;;-;-;NÃO;-;NÃO;-;NÃO;-;MATERIAL PERMANENTE;NÃO;;;;
NOTA DE EMPENHO;2;2020;FMMPPI;NOTA DE EMPENHO-2-2020-FMMPPI;130/2020-33;LEI_8.666;DISPENSA;CONFECÇÃO E INSTALAÇÃO DE PAINEL ALUSIVO À GALERIA DE OUVIDORES;27.024.502/0001-09;DESTAQUE COMUNICACAO VISUAL - EIRELI;21/02/2020;30/12/2020;30/12/2020;-2029;FORA DO PRAZO;FORA DO PRAZO;R$ 3.575,00;R$ 0,00;R$ 0,00;SIM;CAA;15450;ANTÔNIO MARCOS PESSOA;;-;;-;;-;-;NÃO;-;NÃO;-;NÃO;-;SERVIÇOS;NÃO;;;;
ORDEM DE FORNECIMENTO;1;2020;FMMPPI;ORDEM DE FORNECIMENTO-1-2020-FMMPPI;2261/2019-20;LEI_8.666;DISPENSA;AQUISIÇÃO DE PERSIANAS PARA A OUVIDORIA DO MPPI;07.326.785/0002-17;F. H. LINHARES NETO ME;22/01/2020;30/12/2020;08/01/2023;-1290;FORA DO PRAZO;FORA DO PRAZO;R$ 7.000,00;R$ 0,00;R$ 0,00;NÃO;CPPT;15829;-;;-;;-;;-;-;NÃO;-;NÃO;-;NÃO;-;MATERIAL PERMANENTE;NÃO;;;;
CONTRATO;1;2020;FEPDC;CONTRATO-1-2020-FEPDC;111/2020-61;LEI_8.666;PREGÃO ELETRÔNICO;AQUISIÇÃO DE NOTEBOOKS, INCLUINDO MOCHILA PARA TRANSPORTE;07.766.048/0001-54;3D PROJETOS E ASSESSORIA EM INFORMATICA LTDA EPP;12/03/2020;12/03/2021;12/03/2021;-1957;FORA DO PRAZO;FORA DO PRAZO;R$ 241.617,20;R$ 0,00;R$ 0,00;NÃO;CTI;15379;JOÃO CARLOS BARBOSA DOS SANTOS;270;MARCÍLIO DE OLIVEIRA SILVA;126;ANNE CAROLINNE CARVALHO GALDINO;;-;835/2020;NÃO;-;NÃO;-;NÃO;-;MATERIAL PERMANENTE;NÃO;;;;
CONTRATO;1;2020;FMMPPI;CONTRATO-1-2020-FMMPPI;2682/2019-02;LEI_8.666;PREGÃO ELETRÔNICO;AQUISIÇÃO DE APARELHOS DE AR CONDICIONADO;17.417.928/0001-79;VENTISOL DA AMAZÔNIA INDÚSTRIA DE APARELHOS ELÉTRICOS;15/01/2020;15/01/2021;15/01/2021;-2013;FORA DO PRAZO;FORA DO PRAZO;R$ 14.799,96;R$ 0,00;R$ 0,00;NÃO;CAA;307;AIRTON ALVES MENDES DE MOURA;;-;;-;;-;145/2020;NÃO;-;NÃO;-;NÃO;-;MATERIAL PERMANENTE;NÃO;;;;
CONTRATO;1;2020;PGJ;CONTRATO-1-2020-PGJ;2195/2019-56;LEI_8.666;DISPENSA;COBERTURA SECURITÁRIAS PARA SERVIDORES VOLUNTÁRIOS E ESTAGIÁRIOS;61.198.164/0001-60;PORTO SEGURO COMPANHIA DE SEGUROS GERAIS;08/01/2020;08/01/2021;08/01/2021;-2020;FORA DO PRAZO;FORA DO PRAZO;R$ 2.558,40;R$ 0,00;R$ 0,00;NÃO;CRH;15820;THAMIRES BARROSO COSTA GALVÃO;;-;;-;;-;254/2020;NÃO;-;SIM;2;SIM;1;SEGURO;SIM;;;;
NOTA DE EMPENHO;1;2020;FMMPPI;NOTA DE EMPENHO-1-2020-FMMPPI;130/2020-33;LEI_8.666;DISPENSA;AQUISIÇÃO DE PAINEL PARA OUVIDORIA;27.024.502/0001-09;DESTAQUE COMUNICACAO VISUAL - EIRELI;21/02/2020;30/12/2020;30/12/2020;-2029;FORA DO PRAZO;FORA DO PRAZO;R$ 3.575,00;R$ 0,00;R$ 0,00;SIM;CPPT;15829;-;;-;;-;;-;-;NÃO;-;NÃO;-;NÃO;-;MATERIAL PERMANENTE;NÃO;;;;
NOTA DE EMPENHO;881;2021;PGJ;NOTA DE EMPENHO-881-2021-PGJ;15449/2021-66;LEI_8.666;DISPENSA;E AQUISIÇÃO DE TENDA SANFONADA NO TAMANHO 3 X 4,5 METROS, DE MONTAGEM RÁPIDA, PRÁTICA E FÁCIL ARMAZENAMENTO, PARA ATENDER AS DEMANDAS EM EVENTOS DE ÁREAS EXTERNAS DESTE MPPI, C;35.067.125/0001-13;LC TENDAS EIRELI;13/12/2021;31/12/2021;31/12/2021;-1663;FORA DO PRAZO;FORA DO PRAZO;R$ 10.200,00;R$ 0,00;R$ 0,00;NÃO;CAA;307;AIRTON ALVES MENDES DE MOURA;;-;;-;;-;388/2016;NÃO;-;NÃO;-;NÃO;-;MATERIAL PERMANENTE;NÃO;;;;
NOTA DE EMPENHO;872;2021;PGJ;NOTA DE EMPENHO-872-2021-PGJ;17015/2021-11;LEI_8.666;DISPENSA;CONFECÇÃO DE CAMISETAS ESPORTIVAS PARA A CONFRATERNIZAÇÃO DO DIA DO MPPI;02.228.176/0001-20;WG COSTA &CIA LTDA;09/12/2021;31/12/2021;31/12/2021;-1663;FORA DO PRAZO;FORA DO PRAZO;R$ 7.610,00;R$ 0,00;R$ 0,00;NÃO;CCS;122;SHAIANNA DA COSTA ARAÚJO;;-;;-;;-;32/2019;NÃO;-;NÃO;-;NÃO;-;MATERIAL DE CONSUMO;NÃO;;;;
NOTA DE EMPENHO;792;2021;PGJ;NOTA DE EMPENHO-792-2021-PGJ;12920/2021-93;LEI_8.666;DISPENSA;CONFECÇÃO DE PLACAS HISTÓRICAS;27.024.502/0001-09;DESTAQUE COMUNICACAO VISUAL - EIRELI;17/11/2021;17/11/2022;17/11/2022;-1342;FORA DO PRAZO;FORA DO PRAZO;R$ 17.280,00;R$ 0,00;R$ 4.836,12;NÃO;CCS;122;SHAIANNA DA COSTA ARAÚJO;;-;;-;;-;32/2009;NÃO;-;NÃO;-;NÃO;-;MATERIAL DE CONSUMO;NÃO;;;;
NOTA DE EMPENHO;674;2021;PGJ;NOTA DE EMPENHO-674-2021-PGJ;9921/2021-86;LEI_8.666;DISPENSA;AQUISIÇÃO DE EXTINTORES;23.653.504/0001-06;EMPRESA J. P. BARBOSA E SILVA EIRELI;28/09/2021;31/12/2021;31/12/2021;-1663;FORA DO PRAZO;FORA DO PRAZO;R$ 5.972,50;R$ 0,00;R$ 0,00;NÃO;CAA;15450;ANTÔNIO MARCOS PESSOA;;-;;-;;-;74/2019;NÃO;-;NÃO;-;NÃO;-;MATERIAL PERMANENTE;NÃO;;;;
NOTA DE EMPENHO;655;2021;PGJ;NOTA DE EMPENHO-655-2021-PGJ;10242/2021-15;LEI_8.666;INEXIGIBILIDADE;CURSO ENAFAM - ACOLHIMENTO FAMILIAR;27.465.909/0001-71;INSTITUTO GERAÇÃO AMANHA;21/09/2021;31/12/2021;31/12/2021;-1663;FORA DO PRAZO;FORA DO PRAZO;R$ 1.020,00;R$ 0,00;R$ 0,00;NÃO;CEAF;15685;-;;-;;-;;-;231/2020;NÃO;-;SIM;2;SIM;1;SERVIÇO;NÃO;;;;
NOTA DE EMPENHO;575;2021;PGJ;NOTA DE EMPENHO-575-2021-PGJ;6864/2021-78;LEI_8.666;DISPENSA;AQUISIÇÃO DE ESPELHOS;36.193.851/0001-45;LUCAS CAMPELO DE MELO E SILVA;24/08/2021;31/12/2021;31/12/2021;-1663;FORA DO PRAZO;FORA DO PRAZO;R$ 4.080,00;R$ 0,00;R$ 0,00;SIM;CAA;15450;ANTÔNIO MARCOS PESSOA;;-;;-;;-;74/2019;NÃO;-;NÃO;-;NÃO;-;MATERIAL PERMANENTE;NÃO;;;;
NOTA DE EMPENHO;444;2021;PGJ;NOTA DE EMPENHO-444-2021-PGJ;6133/2021-58;LEI_8.666;DISPENSA;INSCRIÇÃO EM CURSO;11.179.644/0001-05;KRETZER & COELHO DE ORGANIZAÇÃO DE FEIRAS LTDA;09/07/2021;31/12/2021;31/12/2021;-1663;FORA DO PRAZO;FORA DO PRAZO;R$ 8.400,00;R$ 0,00;R$ 0,00;SIM;CEAF;378;ZÉLIA BEATRIZ MORAIS FERNANDES SOBRAL;;-;;-;;-;872/2016;NÃO;-;NÃO;-;NÃO;-;SERVIÇO;NÃO;;;;
NOTA DE EMPENHO;387;2021;PGJ;NOTA DE EMPENHO-387-2021-PGJ;5194/2021-03;LEI_8.666;DISPENSA;AQUISIÇÃO E INSTALAÇÃO DE PERSIANAS;07.326.785/0001-36;F. H. LINHARES NETO ME;16/06/2021;31/12/2021;31/12/2021;-1663;FORA DO PRAZO;FORA DO PRAZO;R$ 766,00;R$ 0,00;R$ 0,00;;CPPT;232;-;;-;;-;;-;568/2012;NÃO;-;NÃO;-;NÃO;-;SERVIÇOS;NÃO;;;;
NOTA DE EMPENHO;379;2021;PGJ;NOTA DE EMPENHO-379-2021-PGJ;4911/2021-78;LEI_8.666;DISPENSA;AQUISIÇÃO E INSTALAÇÃO DE PERSIANAS;07.326.785/0001-36;F. H. LINHARES NETO ME;11/06/2021;31/12/2021;18/01/2021;-2010;FORA DO PRAZO;FORA DO PRAZO;R$ 3.700,00;R$ 0,00;R$ 195.499,94;;CPPT;15829;-;;-;;-;;-;74/2019;NÃO;-;NÃO;-;NÃO;-;SERVIÇOS;NÃO;;;;
NOTA DE EMPENHO;321;2021;PGJ;NOTA DE EMPENHO-321-2021-PGJ;5144/2021-45;LEI_8.666;INEXIGIBILIDADE;REALIZAÇÃO DE SEMINÁRIO DE CAPACITAÇÃO: 3° SEMINÁRIO NACIONAL DE OBRAS PÚBLICAS E MANUTENÇÃO PREDIAL;10.498.974/0001-09;INSTITUTO NEGOCIOS PUBLICOS DO BRASIL LTDA ME;24/05/2021;31/12/2021;31/12/2021;-1663;FORA DO PRAZO;FORA DO PRAZO;R$ 7.000,00;R$ 0,00;R$ 0,00;;CPPT;15821;ANDRÉ CASTELO BRANCO RIBEIRO;;-;;-;;-;1435/2017;NÃO;-;NÃO;-;NÃO;-;CURSOS;NÃO;;;;
NOTA DE EMPENHO;279;2021;PGJ;NOTA DE EMPENHO-279-2021-PGJ;2854/2021-30;LEI_8.666;DISPENSA;"CURSO QUE ABORDA A ""LIDERANÇA NO SERVIÇO PÚBLICO""";03.778.391/0002-49;SERVICO NACIONAL DE APRENDIZAGEM COMERCIAL - SENAC;05/07/2021;31/12/2021;01/03/2026;-142;FORA DO PRAZO;FORA DO PRAZO;R$ 1.096,80;R$ 0,00;R$ 0,00;;PGJ;378;ZÉLIA BEATRIZ MORAIS FERNANDES SOBRAL;;-;;-;;-;872/2016;NÃO;-;NÃO;-;NÃO;-;CURSOS;NÃO;;;;
NOTA DE EMPENHO;260;2021;PGJ;NOTA DE EMPENHO-260-2021-PGJ;2247/2021-30;LEI_8.666;DISPENSA;AQUISIÇÃO DE RECARGAS DE 02 BOTIJÕES DE GÁS PARA A PJ DE CORRENTE;15.513.525/0001-06;FLORA GAS LTDA EPP;27/04/2021;31/12/2021;31/12/2021;-1663;FORA DO PRAZO;FORA DO PRAZO;R$ 210,00;R$ 0,00;R$ 0,00;;CAA;173;ALCIVAN DA COSTA MARQUES;;-;;-;;-;615/2013;NÃO;-;NÃO;-;NÃO;-;MATERIAL DE CONSUMO;NÃO;;;;
NOTA DE EMPENHO;257;2021;PGJ;NOTA DE EMPENHO-257-2021-PGJ;3458/2021-84;LEI_8.666;DISPENSA;INSTALAÇÃO DOS MATERIAIS DE SINALIZAÇÃO E IDENTIFICAÇÃO DAS NOVAS INSTALAÇÕES DO MPPI;16.936.295/0001-42;TOTEM GRAFICA COMERCIO DE PAPELARIA E SERVICOS DE COMUNICACAO VISUAL EIRELI;26/04/2021;31/12/2021;15/03/2026;-128;FORA DO PRAZO;FORA DO PRAZO;R$ 13.361,00;R$ 0,00;R$ 216.029,63;;CAA;15450;ANTÔNIO MARCOS PESSOA;;-;;-;;-;74/2019;NÃO;-;NÃO;-;NÃO;-;SERVIÇOS;NÃO;;;;
NOTA DE EMPENHO;230;2021;PGJ;NOTA DE EMPENHO-230-2021-PGJ;3208/2021-36;LEI_8.666;INEXIGIBILIDADE;"INSCRIÇÕES EM ""SEMINÁRIO NACIONAL DE PROCESSO ADMINISTRATIVO DISCIPLINAR""";10.498.974/0001-09;INSTITUTO NEGOCIOS PUBLICOS DO BRASIL LTDA ME;21/04/2021;31/12/2021;31/12/2021;-1663;FORA DO PRAZO;FORA DO PRAZO;R$ 3.000,00;R$ 0,00;R$ 0,00;;PGJ;215;-;;-;;-;;-;608/2012;NÃO;-;NÃO;-;NÃO;-;CURSOS;NÃO;;;;
NOTA DE EMPENHO;229;2021;PGJ;NOTA DE EMPENHO-229-2021-PGJ;3090/2021-64;LEI_8.666;DISPENSA;AQUISIÇÃO DE 3 BOTIJÕES PARA A PJ DE ESPERANTINA;11.701.016/0006-52;DELTA DISTRIBUIDORA DE GAS LTDA ME;21/04/2021;31/12/2021;31/12/2021;-1663;FORA DO PRAZO;FORA DO PRAZO;R$ 270,00;R$ 0,00;R$ 476.520,70;;CAA;310;GUILHERME SANTOS DE ANDRADE;;-;;-;;-;10910/2013;NÃO;-;NÃO;-;NÃO;-;MATERIAL DE CONSUMO;NÃO;;;;
NOTA DE EMPENHO;214;2021;PGJ;NOTA DE EMPENHO-214-2021-PGJ;2704/2021-92;LEI_8.666;INEXIGIBILIDADE;"INSCRIÇÃO EM CURSO SOBRE A ""NOVA"" LEI DE LICITAÇÕES";10.614.200/0001-98;NTC TREINAMENTOS EVENTOS E SERVIÇOS LTDA;09/04/2021;31/12/2021;31/12/2021;-1663;FORA DO PRAZO;FORA DO PRAZO;R$ 26.465,01;R$ 0,00;R$ 0,00;NÃO;CLC;176;AFRÂNIO OLIVEIRA DA SILVA;;-;;-;;-;1305/2013;NÃO;-;NÃO;-;NÃO;-;CURSOS;NÃO;;;;
NOTA DE EMPENHO;210;2021;PGJ;NOTA DE EMPENHO-210-2021-PGJ;2268/2021-92;LEI_8.666;DISPENSA;AQUISIÇÃO DE EQUIPAMENTOS DE SONORIZAÇÃO PARA APARELHAMENTO DA RÁDIO INSTITUCIONAL DO MPPI;72.112.865/0001-50;PONTO ELETRONICO COM DE COMPONENTES ELETRONICOS LTDA EPP;08/04/2021;31/12/2021;31/12/2021;-1663;FORA DO PRAZO;FORA DO PRAZO;R$ 17.474,90;R$ 0,00;R$ 0,00;;CCS;122;SHAIANNA DA COSTA ARAÚJO;;-;;-;;-;32/2009;NÃO;-;NÃO;-;NÃO;-;MATERIAL PERMANENTE;NÃO;;;;
NOTA DE EMPENHO;168;2021;PGJ;NOTA DE EMPENHO-168-2021-PGJ;1498/2021-73;LEI_8.666;DISPENSA;A CURSO ON-LINE NA FORMAÇÃO DE 20 (VINTE) INTEGRANTES DO MPPI EM FACILITADORES/AS DE CÍRCULOS VIRTUAIS DE CONSTRUÇÃO DE PAZ;36.348.679/0001-51;INSTITUTO DE TREINAMENTO E CONSULTORIA LTDA ME;11/03/2021;31/12/2021;25/03/2026;-118;FORA DO PRAZO;FORA DO PRAZO;R$ 12.920,00;R$ 0,00;R$ 0,00;;PGJ;378;ZÉLIA BEATRIZ MORAIS FERNANDES SOBRAL;;-;;-;;-;872/2016;NÃO;-;SIM;1;NÃO;-;CURSOS;NÃO;;;;
NOTA DE EMPENHO;140;2021;PGJ;NOTA DE EMPENHO-140-2021-PGJ;1618/2021-10;LEI_8.666;DISPENSA;AQUISIÇÃO DE BATERIAS DE 12V 9AH PARA NOBREAK;06.079.674/0001-00;LINDE COMERCIO E SERVICOS DE TECNOLOGIA LTDA EPP;26/02/2021;31/12/2021;31/12/2021;-1663;FORA DO PRAZO;FORA DO PRAZO;R$ 9.977,60;R$ 0,00;R$ 0,00;;CTI;15379;JOÃO CARLOS BARBOSA DOS SANTOS;;-;;-;;-;2334/2018;NÃO;-;NÃO;-;NÃO;-;MATERIAL PERMANENTE;NÃO;;;;
NOTA DE EMPENHO;117;2021;PGJ;NOTA DE EMPENHO-117-2021-PGJ;6380/2020-54;LEI_8.666;DISPENSA;CONTRATAÇÃO DE EMPRESA ESPECIALIZADA EM AVALIAÇÃO E VISTORIA CAUTELAR DE VEÍCULOS COM FOCO PARA LEILÃO;09.452.886/0001-89;D & F SERVICOS E VISTORIAS LTDA ME;22/02/2021;31/12/2021;31/12/2021;-1663;FORA DO PRAZO;FORA DO PRAZO;R$ 1.770,00;R$ 0,00;R$ 44.148,02;;CAA;307;AIRTON ALVES MENDES DE MOURA;15450;ANTÔNIO MARCOS PESSOA;15641;-;;-;1628/2020;NÃO;-;NÃO;-;NÃO;-;SERVIÇOS;NÃO;;;;
NOTA DE EMPENHO;96;2021;PGJ;NOTA DE EMPENHO-96-2021-PGJ;681/2021-82;LEI_8.666;DISPENSA;PEÇAS E LUBRIFICANTES PARA A REVISÃO DE 10 VEÍCULOS NISSAN-VERSA DA PGJ;04.569.159/0001-82;JAPAN VEICULOS LTDA;16/02/2021;31/12/2021;31/12/2021;-1663;FORA DO PRAZO;FORA DO PRAZO;R$ 6.099,90;R$ 0,00;R$ 0,00;;CAA;15641;-;;-;;-;;-;2461/2019;NÃO;-;NÃO;-;NÃO;-;MATERIAL DE CONSUMO;NÃO;;;;
NOTA DE EMPENHO;94;2021;PGJ;NOTA DE EMPENHO-94-2021-PGJ;6447/2020-88;LEI_8.666;DISPENSA;SERVIÇO DE REFORMA E ESTOFAMENTO DE;21.580.588/0001-70;J R DA COSTA BEZERRA ME;16/02/2021;31/12/2021;31/12/2021;-1663;FORA DO PRAZO;FORA DO PRAZO;R$ 1.200,00;R$ 0,00;R$ 0,00;;CAA;15450;ANTÔNIO MARCOS PESSOA;;-;;-;;-;74/2019;NÃO;-;NÃO;-;NÃO;-;SERVIÇOS;NÃO;;;;
CONTRATO;84;2021;PGJ;CONTRATO-84-2021-PGJ;16969/2021-89;LEI_8.666;PREGÃO ELETRÔNICO;AQUISIÇÃO DE EQUIPAMENTOS ELETRÔNICOS PARA PRODUÇÃO E GERENCIAMENTO DE MÍDIAS (ÁUDIO, VÍDEO E FOTOGRAFIA), PARA ATENDIMENTOS DAS DEMANDAS DA COORDENADORIA DE COMUNICAÇÃO SOCIAL DO MPPI;21.238.581/0001-74;MARCOS VINICIUS NASCIMENTO DOS SANTOS ME;15/12/2021;15/12/2022;15/12/2022;-1314;FORA DO PRAZO;FORA DO PRAZO;R$ 9.820,00;R$ 0,00;R$ 0,00;NÃO;CCS;122;SHAIANNA DA COSTA ARAÚJO;;-;;-;;-;3421/2021;NÃO;-;NÃO;-;NÃO;-;MATERIAL DE CONSUMO;NÃO;;;;
CONTRATO;83;2021;PGJ;CONTRATO-83-2021-PGJ;16959/2021-68;LEI_8.666;PREGÃO ELETRÔNICO;AQUISIÇÃO DE EQUIPAMENTOS ELETRÔNICOS PARA PRODUÇÃO E GERENCIAMENTO DE MÍDIAS (ÁUDIO, VÍDEO E FOTOGRAFIA), PARA ATENDIMENTOS DAS DEMANDAS DA COORDENADORIA DE COMUNICAÇÃO SOCIAL DO MPPI;36.668.854/0001-98;G2B COMERCIO E REPRESENTACOES EIRELI;14/12/2021;14/12/2022;30/11/2025;-233;FORA DO PRAZO;FORA DO PRAZO;R$ 41.799,99;R$ 0,00;R$ 0,00;NÃO;CCS;122;SHAIANNA DA COSTA ARAÚJO;;-;;-;;-;3417/2021;NÃO;-;NÃO;-;NÃO;-;MATERIAL DE CONSUMO;NÃO;;;;
CONTRATO;82;2021;PGJ;CONTRATO-82-2021-PGJ;16607/2021-12;LEI_8.666;DISPENSA;CONTRATAÇÃO DE SERVIÇOS DE COBERTURA SECURITÁRIA PARA 355 VIDAS (SERVIDORES VOLUNTÁRIOS E ESTAGIÁRIOS);61.198.164/0001-60;PORTO SEGURO COMPANHIA DE SEGUROS GERAIS;22/12/2021;10/01/2023;10/01/2023;-1288;FORA DO PRAZO;FORA DO PRAZO;R$ 3.493,20;R$ 0,00;R$ 0,00;NÃO;CRH;15820;THAMIRES BARROSO COSTA GALVÃO;;-;;-;;-;08/2022;NÃO;-;SIM;1;NÃO;-;SERVIÇOS;SIM;;;;
CONTRATO;81;2021;PGJ;CONTRATO-81-2021-PGJ;16308/2021-06;LEI_8.666;PREGÃO ELETRÔNICO;SERVIÇO DE MONITORAMENTO E RASTREAMENTO DOS VEÍCULOS DO MPPI;00.090.021/0001-45;SISTEMA AVANÇADO DE SEGURANÇA ELETRÔNICA LTDA;30/11/2021;30/11/2022;30/11/2022;-1329;FORA DO PRAZO;FORA DO PRAZO;R$ 18.597,60;R$ 0,00;R$ 58.099,08;NÃO;CAA;310;GUILHERME SANTOS DE ANDRADE;;-;;-;;-;3580/2022;NÃO;-;NÃO;-;SIM;1;SERVIÇOS;SIM;;;;
CONTRATO;80;2021;PGJ;CONTRATO-80-2021-PGJ;13248/2021-64;LEI_8.666;DISPENSA;SERVIÇO DE INTERPRETAÇÃO SIMULTÂNEA EM LÍNGUA BRASILEIRA DE SINAIS (LIBRAS);36.260.417/0001-30;ANDRESSA PATRICIA ALVES SOUSA 05965486308;01/12/2021;01/12/2022;01/12/2022;-1328;FORA DO PRAZO;FORA DO PRAZO;R$ 17.400,00;R$ 0,00;R$ 0,00;NÃO;CCS;15653;GABRYELA SOTERO DE OLIVEIRA;;-;;-;;-;3289/2021;NÃO;-;NÃO;-;NÃO;-;SERVIÇOS;NÃO;;;;
CONTRATO;79;2021;PGJ;CONTRATO-79-2021-PGJ;4780/2021-26;LEI_8.666;PREGÃO ELETRÔNICO;MANUTENÇÃO PREVENTIVA E CORRETIVA COM O FORNECIMENTO DE PEÇAS PARA 2 MOTORES- GERADORES ;29.508.283/0001-69;SERV SERVIÇO DE INSTALAÇÃO DE MANUTENÇÃO E REPARAÇÃO DE GERADORES LTDA;25/11/2021;25/11/2022;25/11/2026;127;INICIAR RENOVAÇÃO;EM VIGÊNCIA;R$ 100.000,00;R$ 0,00;R$ 0,00;NÃO;CPPT;20259;JOSSELLINI DOS SANTOS SOUSA ;15037;JONAS FERREIRA PAZ;226;CAROL CHAVES MESQUITA E FERREIRA;;-;3717/2024;NÃO;-;SIM;3;NÃO;-;SERVIÇOS;SIM;;;;
CONTRATO;78;2021;PGJ;CONTRATO-78-2021-PGJ;15627/2021-67;LEI_8.666;PREGÃO ELETRÔNICO;AQUISIÇÃO DE DISPOSITIVOS DE PROTEÇÃO CONTRA SURTOS COM FILTRO DE LINHA E ESTABILIZADORES;05.462.543/0001-44;EASYTECH INFORMATICA E SERVICOS LTDA;28/11/2021;28/11/2021;28/11/2021;-1696;FORA DO PRAZO;FORA DO PRAZO;R$ 62.526,00;R$ 0,00;R$ 0,00;NÃO;CTI;15379;JOÃO CARLOS BARBOSA DOS SANTOS;;-;;-;;-;3240/2021;NÃO;-;NÃO;-;NÃO;-;SERVIÇOS DE TI;NÃO;;;;
CONTRATO;77;2021;PGJ;CONTRATO-77-2021-PGJ;8860/2021-71;LEI_8.666;DISPENSA;CONTRATAÇÃO DE EMPRESA ESPECIALIZADA PARA EXECUÇÃO DOS SERVIÇOS DE LINHA E1 PARA O GAECO;76.535.764/0331-57;OI S.A;16/11/2021;16/11/2022;16/11/2022;-1343;FORA DO PRAZO;FORA DO PRAZO;R$ 19.305,08;R$ 0,00;R$ 452.420,40;NÃO;CTI;335;THIAGO DE ARAÚJO COSTA SOARES;;-;;-;;-;3092/2021;NÃO;-;NÃO;-;NÃO;-;SERVIÇOS;SIM;;;;
CONTRATO;76;2021;PGJ;CONTRATO-76-2021-PGJ;7609/2021-42;LEI_8.666;PREGÃO ELETRÔNICO;PRESTAÇÃO DE SERVIÇOS DE COLETA DE LIXO DO MP-PI EM TERESINA-PI;15.201.985/0001-90;RESOLVE LIMPEZA AMBIENTAL LTDA;18/11/2021;22/11/2022;22/11/2026;124;INICIAR RENOVAÇÃO;EM VIGÊNCIA;R$ 24.899,96;R$ 0,00;R$ 0,00;NÃO;CAA;15450;ANTÔNIO MARCOS PESSOA;20269;FABIANA ROCHA AGUIAR NOGUEIRA;20259;JOSSELLINI DOS SANTOS SOUSA ;;-;4176/2024;NÃO;-;SIM;2;SIM;1;SERVIÇOS;SIM;;;;
CONTRATO;75;2021;PGJ;CONTRATO-75-2021-PGJ;10947/2021-96;LEI_8.666;INEXIGIBILIDADE;AQUISIÇÃO DO SISTEMA WEB GESTÃO TRIBUTÁRIA;09.094.300/0001-51;OPEN TREINAMENTOS EMPRESARIAIS E EDITORA LTDA EPP;11/11/2021;11/11/2022;11/11/2022;-1348;FORA DO PRAZO;FORA DO PRAZO;R$ 10.788,00;R$ 0,00;R$ 0,00;NÃO;CCF;280;SÉRGIO ALVES NORONHA;;-;;-;;-;3032/2021;NÃO;-;SIM;2;NÃO;-;SERVIÇOS;SIM;;;;
CONTRATO;74;2021;PGJ;CONTRATO-74-2021-PGJ;8764/2021-44;LEI_8.666;PREGÃO ELETRÔNICO;AQUISIÇÃO DE ENVELOPES REUTILIZÁVEIS E LACRES DE SEGURANÇA;05.596.349/0001-51;ONLY-SHOP COMERCIO DE MATERIAIS EIRELI;08/11/2021;08/11/2022;08/11/2022;-1351;FORA DO PRAZO;FORA DO PRAZO;R$ 71.650,00;R$ 0,00;R$ 135.782,64;SIM;CTI;335;THIAGO DE ARAÚJO COSTA SOARES;;-;;-;;-;2987/2021;NÃO;-;NÃO;-;NÃO;-;MATERIAL DE CONSUMO;NÃO;;;;
CONTRATO;73;2021;PGJ;CONTRATO-73-2021-PGJ;05300/2021-51;LEI_8.666;PREGÃO ELETRÔNICO;CONTRATAÇÃO DE SERVIÇO DE FORMAÇÃO E CONSULTORIA EM EAD;66.582.784/0001-11;MAPDATA - TECNOLOGIA INFORMATICA E COMERCIO LTDA;03/11/2021;03/11/2022;03/11/2022;-1356;FORA DO PRAZO;FORA DO PRAZO;R$ 47.990,00;R$ 0,00;R$ 0,00;NÃO;CPPT;15829;-;;-;;-;;-;2927/2021;NÃO;-;SIM;1;NÃO;-;SERVIÇO;NÃO;;;;
CONTRATO;72;2021;PGJ;CONTRATO-72-2021-PGJ;8783/2021-63;LEI_8.666;DISPENSA;PRESTAÇÃO DE SERVIÇOS DE MANUTENÇÃO PREVENTIVA E CORRETIVA, COM FORNECIMENTO DE PEÇAS, PARA CANCELAS DE CONTROLE DO ESTACIONAMENTO;37.443.252/0001-03;LAS VEGAS SOLUCOES TECNOLOGICAS LTDA;03/11/2021;03/11/2022;03/11/2022;-1356;FORA DO PRAZO;FORA DO PRAZO;R$ 17.592,08;R$ 0,00;R$ 0,00;NÃO;CAA;15450;ANTÔNIO MARCOS PESSOA;;-;;-;;-;2932/2021;NÃO;-;NÃO;-;NÃO;-;SERVIÇOS;NÃO;;;;
CONTRATO;71;2021;PGJ;CONTRATO-71-2021-PGJ;6463/2021-48;LEI_8.666;INEXIGIBILIDADE;CONTRATAÇÃO DA EMPRESA AOVS SISTEMA DE INFORMÁTICA S.A PARA ACESSO A CURSOS TÉCNICOS ;05.555.382/0001-33;AOVS SISTEMAS DE INFORMÁTICA S/A;05/11/2021;05/11/2022;05/11/2022;-1354;FORA DO PRAZO;FORA DO PRAZO;R$ 25.200,00;R$ 0,00;R$ 0,00;NÃO;CTI;363;FLÁVIO JOSÉ SCHAEFER FERLIN;;-;;-;;-;2973/2021;NÃO;-;NÃO;-;SIM;1;SERVIÇOS DE TI;SIM;;;;
CONTRATO;70;2021;PGJ;CONTRATO-70-2021-PGJ;8539/2021-08;LEI_8.666;PREGÃO ELETRÔNICO;AQUISIÇÃO DE 02 (DOIS) NOBREAKS PARA DATACENTER;22.003.386/0001-28;CRONO COMÉRCIO E DISTRIBUIÇÃO EIRELI;05/11/2021;05/11/2022;05/11/2022;-1354;FORA DO PRAZO;FORA DO PRAZO;R$ 16.000,00;R$ 0,00;R$ 0,00;NÃO;CTI;335;THIAGO DE ARAÚJO COSTA SOARES;;-;;-;;-;2974/2021;NÃO;-;NÃO;-;NÃO;-;MATERIAL PERMANENTE;NÃO;;;;
CONTRATO;69;2021;PGJ;CONTRATO-69-2021-PGJ;8543/2021-94;LEI_8.666;INEXIGIBILIDADE;ANALISE FORENSE DE ARTEFATOS DE INTERNET;05.757.597/0002-18;TECHBIZ FORENSE DIGITAL LTDA;04/11/2021;04/11/2022;04/11/2022;-1355;FORA DO PRAZO;FORA DO PRAZO;R$ 101.274,69;R$ 0,00;R$ 0,00;NÃO;CTI;335;THIAGO DE ARAÚJO COSTA SOARES;;-;;-;;-;2954/2021;NÃO;-;NÃO;-;NÃO;-;SERVIÇOS DE TI;SIM;;;;
CONTRATO;68;2021;PGJ;CONTRATO-68-2021-PGJ;12519/2021-09;LEI_8.666;PREGÃO ELETRÔNICO;AQUISIÇÃO DE MATERIAL DE CONSUMO( ÁGUA MINERAL);29.287.558/0001-81;J NETO ALMADA COUTINHO ME;26/10/2021;26/10/2022;26/10/2022;-1364;FORA DO PRAZO;FORA DO PRAZO;R$ 18.635,00;R$ 0,00;R$ 0,00;NÃO;CAA;173;ALCIVAN DA COSTA MARQUES;;-;;-;;-;2854/2021;NÃO;-;SIM;2;NÃO;-;MATERIAL DE CONSUMO;NÃO;;;;
CONTRATO;67;2021;PGJ;CONTRATO-67-2021-PGJ;4626/2021-63;LEI_8.666;PREGÃO ELETRÔNICO;AQUISIÇÃO DE EQUIPAMENTO (ESCLERÔMICO ANALÓGICO);11.769.998/0001-00;FORTEST INDUSTRIA E COMERCIO DE FORMAS E FERRAGENS LTDA EPP;25/11/2021;25/11/2022;25/11/2022;-1334;FORA DO PRAZO;FORA DO PRAZO;R$ 4.100,00;R$ 0,00;R$ 0,00;SIM;CPPT;226;CAROL CHAVES MESQUITA E FERREIRA;;-;;-;;-;3203/2021;NÃO;-;NÃO;-;NÃO;-;MATERIAL PERMANENTE;NÃO;;;;
CONTRATO;66;2021;PGJ;CONTRATO-66-2021-PGJ;11479/2021-28;LEI_8.666;PREGÃO ELETRÔNICO;AQUISIÇÃO DE IMPRESSORAS MULTIFUNCIONAIS MONOCROMÁTICAS E COLORIDAS, IMPRESSORAS A3 E SCANNERS;28.584.157/0003-92;METDATA TECNOLOGIA DA INFORMAÇÃO EIRELI;22/10/2021;22/10/2022;22/10/2022;-1368;FORA DO PRAZO;FORA DO PRAZO;R$ 159.870,00;R$ 0,00;R$ 0,00;SIM;CTI;15379;JOÃO CARLOS BARBOSA DOS SANTOS;;-;;-;;-;2827/2021;NÃO;-;NÃO;-;NÃO;-;MATERIAL PERMANENTE;NÃO;;;;
CONTRATO;65;2021;PGJ;CONTRATO-65-2021-PGJ;3138/2021-76;LEI_8.666;PREGÃO ELETRÔNICO;AQUISIÇÃO DE SOFTWARE VMIX PRO;11.185.999/0001-07;WORKWARE COMERCIAL E INFORMÁTICA LTDA;22/10/2021;22/10/2022;22/10/2022;-1368;FORA DO PRAZO;FORA DO PRAZO;R$ 12.466,08;R$ 0,00;R$ 0,00;NÃO;CCS;122;SHAIANNA DA COSTA ARAÚJO;;-;;-;;-;2847/2021;NÃO;-;NÃO;-;NÃO;-;SERVIÇOS;NÃO;;;;
CONTRATO;64;2021;PGJ;CONTRATO-64-2021-PGJ;11070/2021-13;LEI_8.666;PREGÃO ELETRÔNICO;AQUISIÇÃO DE IMPRESSORAS MULTIFUNCIONAIS;65.149.197/0002-51;REPREMIG - REPRESENTAÇÃO E COMÉRCIO DE MINAS GERAIS LTDA;19/10/2021;19/10/2022;19/10/2022;-1371;FORA DO PRAZO;FORA DO PRAZO;R$ 87.600,00;R$ 0,00;R$ 0,00;SIM;CTI;15379;JOÃO CARLOS BARBOSA DOS SANTOS;;-;;-;;-;2792/2021;NÃO;-;NÃO;-;NÃO;-;MATERIAL PERMANENTE;NÃO;;;;
CONTRATO;63;2021;PGJ;CONTRATO-63-2021-PGJ;9026/2021-51;LEI_8.666;INEXIGIBILIDADE;LICENÇA ANUAL DO UFED TOUCH E PATHFINDER;05.757.597/0002-18;TECHBIZ FORENSE DIGITAL LTDA;15/10/2021;15/10/2022;08/07/2026;-13;FORA DO PRAZO;FORA DO PRAZO;R$ 51.064,39;R$ 0,00;R$ 0,00;NÃO;CTI;335;THIAGO DE ARAÚJO COSTA SOARES;;-;;-;;-;2759/2021;NÃO;-;SIM;1;SIM;1;SERVIÇOS;SIM;;;;
CONTRATO;62;2021;PGJ;CONTRATO-62-2021-PGJ;6803/2021-29;LEI_8.666;INEXIGIBILIDADE;SOLUÇÃO PARA EXTRAÇÃO, PROCESSAMENTO E ANÁLISE DE DADOS;05.757.597/0002-18;TECHBIZ FORENSE DIGITAL LTDA;15/10/2021;15/10/2022;15/10/2022;-1375;FORA DO PRAZO;FORA DO PRAZO;R$ 162.876,95;R$ 0,00;R$ 299.877,03;NÃO;CTI;335;THIAGO DE ARAÚJO COSTA SOARES;;-;;-;;-;2758/2021;NÃO;-;SIM;1;SIM;1;SERVIÇOS;SIM;;;;
CONTRATO;61;2021;PGJ;CONTRATO-61-2021-PGJ;6865/2021-04;LEI_8.666;INEXIGIBILIDADE;SOLUÇÃO COPIADOR E DUPLICADOR FORENSE DE DISCOS RÍGIDOS;05.757.597/0002-18;TECHBIZ FORENSE DIGITAL LTDA;15/10/2021;15/10/2022;15/10/2022;-1375;FORA DO PRAZO;FORA DO PRAZO;R$ 45.857,25;R$ 0,00;R$ 0,00;NÃO;CTI;335;THIAGO DE ARAÚJO COSTA SOARES;;-;;-;;-;2760/2021;NÃO;-;NÃO;-;NÃO;-;SERVIÇOS;SIM;;;;
CONTRATO;60;2021;PGJ;CONTRATO-60-2021-PGJ;10224/2021-38;LEI_8.666;DISPENSA;PRESTAÇÃO DE CONSULTORIA ESPECIALIZADA NO PROCESSO DE MONTAGEM E MANUTENÇÃO DE RÁDIO DO MPPI;27.985.596/0001-82;CARLOS EDUARDO PEREIRA BARRADAS 02209547393;13/10/2021;13/10/2022;13/10/2022;-1377;FORA DO PRAZO;FORA DO PRAZO;R$ 10.560,00;R$ 0,00;R$ 0,00;NÃO;CCS;122;SHAIANNA DA COSTA ARAÚJO;;-;;-;;-;2730/2021;NÃO;-;SIM;2;NÃO;-;SERVIÇO;SIM;;;;
CONTRATO;59;2021;PGJ;CONTRATO-59-2021-PGJ;2194/2021-68;LEI_8.666;INEXIGIBILIDADE;SERVIÇO DE LEILOEIRO;200.716.393-49;ÉRICO LAGES SOARES;13/10/2021;13/10/2022;13/10/2022;-1377;FORA DO PRAZO;FORA DO PRAZO;R$ 0,00;R$ 0,00;R$ 0,00;NÃO;CAA;199;JONATAN SANTOS DE CASTRO;;-;;-;;-;3580/2022;NÃO;-;NÃO;-;NÃO;-;SERVIÇOS;NÃO;;;;
CONTRATO;58;2021;PGJ;CONTRATO-58-2021-PGJ;10044/2021-39;LEI_8.666;DISPENSA;CONFECÇÃO E FORNECIMENTO DE CRACHÁS;11.495.792/0001-39;D. M. FERREIRA AMORIM;06/10/2021;06/10/2022;06/10/2022;-1384;FORA DO PRAZO;FORA DO PRAZO;R$ 7.200,00;R$ 0,00;R$ 0,00;NÃO;CRH;287;SOLANGE DE OLIVEIRA COSTA;;-;;-;;-;2631/2021;NÃO;-;NÃO;-;NÃO;-;MATERIAL DE CONSUMO;NÃO;;;;
CONTRATO;57;2021;PGJ;CONTRATO-57-2021-PGJ;8935/2021-83;LEI_8.666;PREGÃO ELETRÔNICO;AQUISIÇÃO DE MATERIAL PERMANETE (CÂMERAS, GRAVADORES E HDS);04.503.070/0001-13;DINIZ TECNOLOGIA E SOLUCOES EIRELI EPP;30/09/2021;30/09/2022;30/09/2022;-1390;FORA DO PRAZO;FORA DO PRAZO;R$ 83.948,44;R$ 0,00;R$ 0,00;NÃO;CAA;307;AIRTON ALVES MENDES DE MOURA;;-;;-;;-;2638/2021;NÃO;-;NÃO;-;SIM;1;MATERIAL PERMANENTE;NÃO;;;;
CONTRATO;56;2021;PGJ;CONTRATO-56-2021-PGJ;8979/2021-59;LEI_8.666;PREGÃO ELETRÔNICO;AQUISIÇÃO DE MATERIAL PERMANENTE (EQUIPAMENTO DE SEGURANÇA E ILUMINAÇÃO);38.588.648/0001-01;MULTIMIX DISTRIBUIDORA LTDA;30/09/2021;30/09/2022;30/09/2022;-1390;FORA DO PRAZO;FORA DO PRAZO;R$ 3.730,70;R$ 0,00;R$ 0,00;NÃO;CAA;307;AIRTON ALVES MENDES DE MOURA;;-;;-;;-;2579/2021;NÃO;-;NÃO;-;NÃO;-;MATERIAL PERMANENTE;NÃO;;;;
CONTRATO;55;2021;PGJ;CONTRATO-55-2021-PGJ;8967/2021-92;LEI_8.666;PREGÃO ELETRÔNICO;AQUISIÇÃO DE RÁDIO COMUNICADOR;21.775.627/0001-94;SUZANE F. DE SOUZA CASTRO EPP;04/10/2021;04/10/2022;04/10/2022;-1386;FORA DO PRAZO;FORA DO PRAZO;R$ 1.198,66;R$ 0,00;R$ 0,00;NÃO;CAA;307;AIRTON ALVES MENDES DE MOURA;;-;;-;;-;2622/2021;NÃO;-;NÃO;-;NÃO;-;MATERIAL PERMANENTE;NÃO;;;;
CONTRATO;54;2021;PGJ;CONTRATO-54-2021-PGJ;8973/2021-27;LEI_8.666;PREGÃO ELETRÔNICO;AQUISIÇÃO DE MATERIAL PERMANENTE( EQUIPAMENTO DE SEGURANÇA E ILUMINAÇÃO);21.977.396/0001-00;IMPACTA TELECOM E SEGURANÇA ELETRONICA LTDA;30/09/2021;30/09/2022;30/09/2022;-1390;FORA DO PRAZO;FORA DO PRAZO;R$ 11.195,00;R$ 0,00;R$ 0,00;NÃO;CAA;307;AIRTON ALVES MENDES DE MOURA;;-;;-;;-;2565/2021;NÃO;-;NÃO;-;NÃO;-;MATERIAL PERMANENTE;NÃO;;;;
CONTRATO;53;2021;PGJ;CONTRATO-53-2021-PGJ;8947/2021-50;LEI_8.666;PREGÃO ELETRÔNICO;AQUISIÇÃO DE EQUIPAMENTOS DE SEGURANÇA E ILUMINAÇÃO;26.167.868/0001-74;WORLD CAM BRASIL ELETROELETRÔNICO EIRELI;04/10/2021;04/10/2022;04/10/2022;-1386;FORA DO PRAZO;FORA DO PRAZO;R$ 4.294,55;R$ 0,00;R$ 0,00;NÃO;CAA;307;AIRTON ALVES MENDES DE MOURA;;-;;-;;-;2585/2021;NÃO;-;SIM;4;NÃO;-;MATERIAL PERMANENTE;NÃO;;;;
CONTRATO;52;2021;PGJ;CONTRATO-52-2021-PGJ;3295/2021-23;LEI_8.666;DISPENSA;CONTRATAÇÃO DE TRANSPORTE INTERMUNICIPAL DE CARGA ;34.028.316/0022-38;SUPERINTENDÊNCIA ESTADUAL DE OPERAÇÕES DO PIAUÍ (CORREIOS);17/09/2021;17/09/2026;17/09/2026;58;RENOVAÇÃO URGENTE;EM VIGÊNCIA;R$ 145.712,50;R$ 145.712,50;R$ 145.712,50;NÃO;CAA;20026;FELIPE ARLLEM REZENDE;;-;;-;;-;2728/2022;NÃO;-;NÃO;-;NÃO;-;SERVIÇO;SIM;;;;
CONTRATO;51;2021;PGJ;CONTRATO-51-2021-PGJ;7781/2021-07;LEI_8.666;ADESÃO;AQUISIÇÃO DE MÓVEIS (CADEIRAS);29.209.847/0001-62;BELCHAIR COMERCIO DE MOVEIS EIRELI;21/09/2021;21/03/2022;21/03/2022;-1583;FORA DO PRAZO;FORA DO PRAZO;R$ 35.464,00;R$ 0,00;R$ 0,00;NÃO;CAA;307;AIRTON ALVES MENDES DE MOURA;;-;;-;;-;2433/2021;NÃO;-;NÃO;-;NÃO;-;MATERIAL PERMANENTE;NÃO;;;;
CONTRATO;50;2021;PGJ;CONTRATO-50-2021-PGJ;6161/2020-57;LEI_8.666;PREGÃO ELETRÔNICO;SERVIÇOS TÉCNICOS DE MANUTENÇÃO CORRETIVA E PREVENTIVA EM 9 EQUIPAMENTOS IBM/LENOVO;23.031.618/0001-14;DAT SOLUCOES EM TECNOLOGIA EIRELI EPP;24/09/2021;24/09/2022;24/09/2022;-1396;FORA DO PRAZO;FORA DO PRAZO;R$ 62.040,00;R$ 0,00;R$ 0,00;NÃO;CTI;294;MARCIEL FERREIRA LIMA;;-;;-;;-;2483/2021;NÃO;-;SIM;2;NÃO;-;SERVIÇOS;SIM;;;;
CONTRATO;49;2021;PGJ;CONTRATO-49-2021-PGJ;7508/2021-06;LEI_8.666;ADESÃO;AQUISIÇÃO DE MATERIAL PERMANENTE (FRIGOBAR);32.972.023/0001-54;MAYAS COMERCIAL DE PRODUTOS E SERVICOS EIRELI ME;14/09/2021;14/09/2022;14/09/2022;-1406;FORA DO PRAZO;FORA DO PRAZO;R$ 20.170,05;R$ 0,00;R$ 0,00;SIM;CAA;307;AIRTON ALVES MENDES DE MOURA;;-;;-;;-;2347/2021;NÃO;-;NÃO;-;NÃO;-;MATERIAL PERMANENTE;NÃO;;;;
CONTRATO;48;2021;PGJ;CONTRATO-48-2021-PGJ;8468/2021-32;LEI_8.666;PREGÃO ELETRÔNICO;SERVIÇOS DE MANUTENÇÃO PREVENTIVA E CORRETIVA, DE AR CONDICIONADO, BEBEDOURO, ETC;09.344.418/0001-90;BONANZA COMERCIO SERVICOS INSTALACAO E MANUTENCAO ELETRICA EM GERAL LTDA ME;14/09/2021;14/09/2022;14/09/2022;-1406;FORA DO PRAZO;FORA DO PRAZO;R$ 36.778,35;R$ 0,00;R$ 0,00;NÃO;CAA;204;THIAGO NOGUEIRA DE SOUSA MARTINS ALMEIDA;20131;-;15037;JONAS FERREIRA PAZ;;-;1694/2023;NÃO;-;SIM;1;NÃO;-;MATERIAL DE CONSUMO;SIM;;;;
CONTRATO;47;2021;PGJ;CONTRATO-47-2021-PGJ;4712/2021-86;LEI_8.666;PREGÃO ELETRÔNICO;AQUISIÇÃO DE NOBREAK;52.618.139/0030-31;GL ELETR-ELETRONICOS LTDA;15/09/2021;15/09/2022;15/09/2022;-1405;FORA DO PRAZO;FORA DO PRAZO;R$ 88.600,00;R$ 0,00;R$ 0,00;NÃO;CTI;15379;JOÃO CARLOS BARBOSA DOS SANTOS;;-;;-;;-;2414/2021;NÃO;-;NÃO;-;NÃO;-;MATERIAL PERMANENTE;NÃO;;;;
NOTA DE EMPENHO;46;2021;FMMPPI;NOTA DE EMPENHO-46-2021-FMMPPI;12767/2021-83;LEI_8.666;INEXIGIBILIDADE;REALIZAÇÃO DE CURSO SOBRE SISTEMA DE CONTROLE INTERNO;31.172.114/0001-42;JOSÉ OSVALDO GLOCK;17/11/2021;31/12/2021;31/12/2021;-1663;FORA DO PRAZO;FORA DO PRAZO;R$ 23.000,00;R$ 0,00;R$ 0,00;NÃO;CI;128;FRANCISCO MARIANO ARAÚJO FILHO;;-;;-;;-;1363/2021;NÃO;-;NÃO;-;SIM;1;SERVIÇOS;NÃO;;;;
CONTRATO;46;2021;PGJ;CONTRATO-46-2021-PGJ;5744/2021-54;LEI_8.666;DISPENSA;PRESTAÇÃO DE SERVIÇOS DE CONFECÇÃO DE CARIMBOS, CHAVEIRO E REPOSIÇÃO DE BORRACHAS EM CARIMBOS;11.495.792/0001-39;D. M. FERREIRA AMORIM;13/09/2021;13/09/2022;13/09/2022;-1407;FORA DO PRAZO;FORA DO PRAZO;R$ 10.155,00;R$ 0,00;R$ 0,00;NÃO;CAA;310;GUILHERME SANTOS DE ANDRADE;;-;;-;;-;2323/2021;NÃO;-;NÃO;-;NÃO;-;SERVIÇOS;NÃO;;;;
CONTRATO;45;2021;PGJ;CONTRATO-45-2021-PGJ;8466/2021-86;LEI_8.666;PREGÃO ELETRÔNICO;PRESTAÇÃO DE SERVIÇOS DE MANUTENÇÃO PREVENTIVA E CORRETIVA, COM FORNECIMENTO DE PEÇAS, DE APARELHOS DE AR-CONDICIONADO, BEBEDOURO, FRIGOBAR E GELADEIRA;26.905.527/0001-59;VALDEMAR DA SILVA DO NASCIMENTO ME;03/09/2021;03/09/2022;03/09/2022;-1417;FORA DO PRAZO;FORA DO PRAZO;R$ 24.840,00;R$ 0,00;R$ 0,00;NÃO;CAA;204;THIAGO NOGUEIRA DE SOUSA MARTINS ALMEIDA;20131;-;15037;JONAS FERREIRA PAZ;;-;1694/2023;NÃO;-;SIM;3;NÃO;-;SERVIÇOS;SIM;;;;
CONTRATO;44;2021;PGJ;CONTRATO-44-2021-PGJ;3411/2021-92;LEI_8.666;INEXIGIBILIDADE;SERVIÇOS DE ÁGUA E ESGOTO;06.845.747/0001-27;AGUAS E ESGOTOS DO PIAUÍ S/A;30/08/2021;25/08/2030;12/11/2025;-251;FORA DO PRAZO;FORA DO PRAZO;R$ 132.755,40;R$ 132.755,40;R$ 132.755,40;NÃO;CAA;213;ENNIO RICELLI SANTOS SOUSA;;-;;-;;-;219/2022;NÃO;-;NÃO;-;NÃO;-;SERVIÇOS;SIM;;;;
CONTRATO;43;2021;PGJ;CONTRATO-43-2021-PGJ;8467/2021-59;LEI_8.666;PREGÃO ELETRÔNICO;SERVIÇOS DE MANUTENÇÃO PREVENTIVA E CORRETIVA, DE AR CONDICIONADO, BEBEDOURO, ETC;07.111.745/0001-77;TOP AR CONDICIONADO LTDA;25/08/2021;25/08/2022;25/08/2022;-1426;FORA DO PRAZO;FORA DO PRAZO;R$ 137.434,13;R$ 0,00;R$ 0,00;NÃO;CAA;204;THIAGO NOGUEIRA DE SOUSA MARTINS ALMEIDA;20131;-;15037;JONAS FERREIRA PAZ;;-;1694/2023;NÃO;-;SIM;2;NÃO;-;SERVIÇOS;SIM;;;;
NOTA DE EMPENHO;43;2021;FMMPPI;NOTA DE EMPENHO-43-2021-FMMPPI;11453/2021-96;LEI_8.666;INEXIGIBILIDADE;"CONTRATAÇÃO DE EMPRESA NA REALIZAÇÃO DE CURSO DE CAPACITAÇÃO ""PLANILHA DE CUSTOS E FORMAÇÃO DE PREÇOS""";14.087.594/0001-24;MMP CURSOS CAPACITAÇÃO E TREINAMENTO LTDA;14/10/2021;31/12/2021;31/12/2021;-1663;FORA DO PRAZO;FORA DO PRAZO;R$ 11.000,00;R$ 0,00;R$ 0,00;NÃO;CLC;15476;-;;-;;-;;-;74/2019;NÃO;-;NÃO;-;NÃO;-;SERVIÇO;NÃO;;;;
CONTRATO;42;2021;PGJ;CONTRATO-42-2021-PGJ;5435/2021-92;LEI_8.666;DISPENSA;SERVIÇOS DE AVALIAÇÃO MERCADOLÓGICA;12.228.773/0001-09;PARK SOLUCOES IMOBILIARIAS EIRELI EPP;25/08/2021;25/08/2022;25/08/2022;-1426;FORA DO PRAZO;FORA DO PRAZO;R$ 17.100,00;R$ 0,00;R$ 0,00;NÃO;CPPT;15491;KELMER SAID MELO;;-;;-;;-;2149/2021;NÃO;-;NÃO;-;NÃO;-;SERVIÇOS;SIM;;;;
CONTRATO;41;2021;PGJ;CONTRATO-41-2021-PGJ;8856/2021-22;LEI_8.666;PREGÃO ELETRÔNICO;SERVIÇOS DE ELABORAÇÃO DE PROJETOS;13.466.507/0001-87;AB PROJETOS E CONSULTORIA, ENGENHARIA, ARQUITETURA E MEIO AMBIENTE LTDA;24/08/2021;24/08/2022;24/08/2022;-1427;FORA DO PRAZO;FORA DO PRAZO;R$ 8.107,67;R$ 0,00;R$ 0,00;NÃO;CPPT;15821;ANDRÉ CASTELO BRANCO RIBEIRO;;-;;-;;-;2107/2021;SIM;SERÁ 5% DO VALOR ANUAL, EM ATÉ 10 DIAS ÚTEIS DA ASSINATURA DO CONTRATO;NÃO;-;SIM;1;SERVIÇOS;SIM;;;;
CONTRATO;40;2021;PGJ;CONTRATO-40-2021-PGJ;7833/2021-95;LEI_8.666;PREGÃO ELETRÔNICO;SERVIÇOS DE CONSERVAÇÃO E MANUTENÇÃO - PJ DE ALTOS;22.829.583/0001-09;ALTACON ENGENHARIA E CONSTRUTORA LTDA;23/08/2021;23/08/2022;23/08/2022;-1428;FORA DO PRAZO;FORA DO PRAZO;R$ 15.553,29;R$ 0,00;R$ 0,00;NÃO;CPPT;15821;ANDRÉ CASTELO BRANCO RIBEIRO;;-;;-;;-;2097/2021;NÃO;-;NÃO;-;NÃO;-;SERVIÇO DE MANUTENÇÃO;SIM;;;;
CONTRATO;39;2021;PGJ;CONTRATO-39-2021-PGJ;7886/2021-67;LEI_8.666;ADESÃO;AQUISIÇÃO DE MATERIAL DE CONSUMO;02.488.226/0001-09;ALMEIDA REPRESENTACOES E COMERCIO;20/08/2021;20/08/2022;20/08/2022;-1431;FORA DO PRAZO;FORA DO PRAZO;R$ 21.622,00;R$ 0,00;R$ 0,00;NÃO;CAA;173;ALCIVAN DA COSTA MARQUES;;-;;-;;-;2083/2021;NÃO;-;NÃO;-;NÃO;-;MATERIAL DE CONSUMO;NÃO;;;;
CONTRATO;38;2021;PGJ;CONTRATO-38-2021-PGJ;7733/2021-27;LEI_8.666;ADESÃO;AQUISIÇÃO DE FIOS E CABOS;07.239.237/0001-79;C L BESERRA & CIA LTDA EPP;18/08/2021;18/08/2022;18/08/2022;-1433;FORA DO PRAZO;FORA DO PRAZO;R$ 75.640,42;R$ 0,00;R$ 0,00;NÃO;CAA;173;ALCIVAN DA COSTA MARQUES;;-;;-;;-;2062/2021;NÃO;-;NÃO;-;NÃO;-;MATERIAL DE CONSUMO;NÃO;;;;
CONTRATO;37;2021;PGJ;CONTRATO-37-2021-PGJ;7514/2021-75;LEI_8.666;PREGÃO ELETRÔNICO;SERVIÇO DE CONSERVAÇÃO E MANUTENÇÃO;04.645.099/0001-30;CONSTRUTORA PHX LTDA;20/08/2021;20/08/2022;20/08/2022;-1431;FORA DO PRAZO;FORA DO PRAZO;R$ 6.695,15;R$ 0,00;R$ 0,00;NÃO;CPPT;15821;ANDRÉ CASTELO BRANCO RIBEIRO;;-;;-;;-;2087/2021;NÃO;-;NÃO;-;NÃO;-;SERVIÇO DE MANUTENÇÃO;NÃO;;;;
CONTRATO;36;2021;PGJ;CONTRATO-36-2021-PGJ;7621/2021-09;LEI_8.666;PREGÃO ELETRÔNICO;CONTRATAÇÃO DE EMPRESA PARA A PRESTAÇÃO DE SERVIÇOS CONTINUADOS DE LIMPEZA;07.783.832/0001-70;CRIART SERVIÇOS DE TERCEIRIZAÇÃO DE MÃO DE OBRA;12/08/2021;16/08/2022;09/07/2022;-1473;FORA DO PRAZO;FORA DO PRAZO;R$ 1.298.168,64;R$ 0,00;R$ 0,00;NÃO;CAA;173;ALCIVAN DA COSTA MARQUES;204;THIAGO NOGUEIRA DE SOUSA MARTINS ALMEIDA;20026;FELIPE ARLLEM REZENDE;20185;-;2022/2021;SIM;5% DO VALOR TOTAL DO CONTRATO;SIM;3;NÃO;-;TERCEIRIZAÇÃO DE MÃO DE OBRA;SIM;;;;
CONTRATO;35;2021;PGJ;CONTRATO-35-2021-PGJ;9795/2021-77;LEI_8.666;PREGÃO ELETRÔNICO;SERVIÇOS SECURITÁRIOS DE VEÍCULOS;61.198.164/0001-60;PORTO SEGURO COMPANHIA DE SEGUROS GERAIS;12/08/2021;12/08/2022;12/08/2022;-1439;FORA DO PRAZO;FORA DO PRAZO;R$ 3.500,00;R$ 0,00;R$ 0,00;NÃO;CAA;20131;-;;-;;-;;-;2377/2023;NÃO;-;SIM;1;SIM;1;SEGURO;SIM;;;;
CONTRATO;34;2021;PGJ;CONTRATO-34-2021-PGJ;5677/2021-20;LEI_8.666;PREGÃO ELETRÔNICO;SERVIÇOS SECURITÁRIOS DE VEÍCULOS;61.074.175/0001-38;MAPFRE SEGUROS GERAIS S/A;18/08/2021;18/08/2022;18/08/2022;-1433;FORA DO PRAZO;FORA DO PRAZO;R$ 19.380,00;R$ 0,00;R$ 0,00;NÃO;CAA;20131;-;;-;;-;;-;2377/2023;NÃO;-;SIM;2;SIM;1;SEGURO;SIM;;;;
CONTRATO;33;2021;FMMPPI;CONTRATO-33-2021-FMMPPI;14723/2021-67;LEI_8.666;PREGÃO ELETRÔNICO;PRESTAÇÃO DE SERVIÇO DE CONSERVAÇÃO E MANUTENÇÃO DE EDIFICAÇÕES, SOB DEMANDA, DO MPE-PI (CAODEC);22.829.583/0001-09;ALTACON ENGENHARIA E CONSTRUTORA LTDA;17/12/2021;17/12/2022;17/12/2022;-1312;FORA DO PRAZO;FORA DO PRAZO;R$ 3.068,69;R$ 0,00;R$ 0,00;SIM;CPPT;226;CAROL CHAVES MESQUITA E FERREIRA;;-;;-;;-;3459/2021;NÃO;-;NÃO;-;NÃO;-;SERVIÇOS DE ENGENHARIA;NÃO;;;;
CONTRATO;33;2021;PGJ;CONTRATO-33-2021-PGJ;2793/2021-04;LEI_8.666;PREGÃO ELETRÔNICO;AQUISIÇÃO DE EQUIPAMENTOS DE TI (RACKS, PATCH PANELS E RÉGUAS ELÉTRICAS);18.680.580/0001-70;WPLACE LTDA ME;18/08/2021;18/08/2022;18/08/2022;-1433;FORA DO PRAZO;FORA DO PRAZO;R$ 7.657,50;R$ 0,00;R$ 0,00;SIM;CTI;15379;JOÃO CARLOS BARBOSA DOS SANTOS;;-;;-;;-;2059/2021;NÃO;-;NÃO;-;NÃO;-;MATERIAL PERMANENTE;NÃO;;;;
CONTRATO;32;2021;PGJ;CONTRATO-32-2021-PGJ;5659/2020-31;LEI_8.666;INEXIGIBILIDADE;SISTEMA DE ORÇAMENTO DE OBRAS;23.484.444/0001-45;3F LTDA;17/08/2021;17/08/2025;17/08/2025;-338;FORA DO PRAZO;FORA DO PRAZO;R$ 34.764,00;R$ 0,00;R$ 0,00;NÃO;CPPT;226;CAROL CHAVES MESQUITA E FERREIRA;;-;;-;;-;2024/2021;NÃO;-;NÃO;-;NÃO;-;SERVIÇO DE INFORMÁTICA;SIM;;;;
CONTRATO;32;2021;FMMPPI;CONTRATO-32-2021-FMMPPI;14338/2021-77;LEI_8.666;PREGÃO ELETRÔNICO;PRESTAÇÃO DE SERVIÇO DE CONSERVAÇÃO E MANUTENÇÃO DE EDIFICAÇÕES, SOB DEMANDA, DO MPE-PI (33ª PJ DE TERESINA);22.829.583/0001-09;ALTACON ENGENHARIA E CONSTRUTORA LTDA;17/12/2021;17/12/2022;17/12/2022;-1312;FORA DO PRAZO;FORA DO PRAZO;R$ 3.176,52;R$ 0,00;R$ 0,00;SIM;CPPT;226;CAROL CHAVES MESQUITA E FERREIRA;;-;;-;;-;3457/2021;NÃO;-;NÃO;-;NÃO;-;SERVIÇO DE MANUTENÇÃO;NÃO;;;;
CONTRATO;31;2021;PGJ;CONTRATO-31-2021-PGJ;6038/2021-60;LEI_8.666;PREGÃO ELETRÔNICO;SERVIÇO DE CONSERVAÇÃO E MANUTENÇÃO (LUÍS CORREIA E PARNAÍBA);22.829.583/0001-09;ALTACON ENGENHARIA E CONSTRUTORA LTDA;30/07/2021;30/07/2022;30/07/2022;-1452;FORA DO PRAZO;FORA DO PRAZO;R$ 31.668,43;R$ 0,00;R$ 0,00;NÃO;CPPT;15821;ANDRÉ CASTELO BRANCO RIBEIRO;;-;;-;;-;1801/2021;NÃO;-;NÃO;-;NÃO;-;SERVIÇO DE MANUTENÇÃO;NÃO;;;;
CONTRATO;31;2021;FMMPPI;CONTRATO-31-2021-FMMPPI;15965/2021-42;LEI_8.666;PREGÃO ELETRÔNICO;PRESTAÇÃO DE SERVIÇO DE CONSERVAÇÃO E MANUTENÇÃO DE EDIFICAÇÕES, SOB DEMANDA, DO MPE-PI (SEDE CENTRO, GAECO, SALA DA PSICOLOGIA, SGSI, ETC);22.829.583/0001-09;ALTACON ENGENHARIA E CONSTRUTORA LTDA;15/12/2021;15/12/2022;15/12/2022;-1314;FORA DO PRAZO;FORA DO PRAZO;R$ 122.085,91;R$ 0,00;R$ 0,00;SIM;CPPT;411;DÊNIS ALEXANDRE TEIXEIRA DE SENA;;-;;-;;-;3434/2021;NÃO;-;SIM;1;NÃO;-;SERVIÇO DE MANUTENÇÃO;NÃO;;;;
CONTRATO;30;2021;PGJ;CONTRATO-30-2021-PGJ;5600/2021-62;LEI_8.666;ADESÃO;AQUISIÇÃO DE MOBILIÁRIO;05.075.877/0001-65;OMP DO BRASIL LTDA;23/07/2021;23/07/2026;28/07/2026;7;RENOVAÇÃO URGENTE;EM VIGÊNCIA;R$ 16.992,00;R$ 16.992,00;R$ 16.992,00;NÃO;CAA;307;AIRTON ALVES MENDES DE MOURA;;-;;-;;-;1698/2021;NÃO;-;NÃO;-;NÃO;-;MATERIAL PERMANENTE;NÃO;;;;
CONTRATO;30;2021;FMMPPI;CONTRATO-30-2021-FMMPPI;15053/2021-23;LEI_8.666;DISPENSA;CONFECÇÃO DE ITENS DE REGISTRO DE PREMIAÇÃO (TROFÉUS, PLACAS DE;27.024.502/0001-09;DESTAQUE COMUNICACAO VISUAL - EIRELI;13/12/2021;13/12/2022;13/12/2022;-1316;FORA DO PRAZO;FORA DO PRAZO;R$ 17.240,00;R$ 0,00;R$ 0,00;NÃO;CCS;122;SHAIANNA DA COSTA ARAÚJO;;-;;-;;-;3418/2021;NÃO;-;NÃO;-;NÃO;-;MATERIAL DE CONSUMO;NÃO;;;;
CONTRATO;29;2021;PGJ;CONTRATO-29-2021-PGJ;6205/2021-23;LEI_8.666;ADESÃO;AQUISIÇÃO DE MOBILIÁRIO;08.368.875/0001-52;FORTLINE INDÚSTRIA E COMÉRCIO DE MÓVEIS LTDA;16/07/2021;16/07/2022;16/07/2022;-1466;FORA DO PRAZO;FORA DO PRAZO;R$ 111.539,00;R$ 0,00;R$ 0,00;NÃO;CAA;307;AIRTON ALVES MENDES DE MOURA;;-;;-;;-;1570/2021;NÃO;-;NÃO;-;NÃO;-;MATERIAL PERMANENTE;NÃO;;;;
CONTRATO;29;2021;FMMPPI;CONTRATO-29-2021-FMMPPI;3573/2021-36;LEI_8.666;PREGÃO ELETRÔNICO;PRESTAÇÃO DE SERVIÇO DE CONSERVAÇÃO E MANUTENÇÃO DE EDIFICAÇÕES, SOB DEMANDA, DO MPE-PI;22.829.583/0001-09;ALTACON ENGENHARIA E CONSTRUTORA LTDA;22/11/2021;22/11/2022;12/08/2023;-1074;FORA DO PRAZO;FORA DO PRAZO;R$ 26.425,96;R$ 0,00;R$ 3.400,00;SIM;CPPT;226;CAROL CHAVES MESQUITA E FERREIRA;;-;;-;;-;3179/2021;NÃO;-;NÃO;-;NÃO;-;SERVIÇO DE MANUTENÇÃO;NÃO;;;;
CONTRATO;28;2021;FMMPPI;CONTRATO-28-2021-FMMPPI;15201/2021-09;LEI_8.666;PREGÃO ELETRÔNICO;PRESTAÇÃO DE SERVIÇO DE CONSERVAÇÃO E MANUTENÇÃO DE EDIFICAÇÕES, SOB DEMANDA, DO MPE-PI;22.829.583/0001-09;ALTACON ENGENHARIA E CONSTRUTORA LTDA;22/11/2021;22/11/2022;12/08/2023;-1074;FORA DO PRAZO;FORA DO PRAZO;R$ 76.340,06;R$ 0,00;R$ 7.500,00;SIM;CPPT;226;CAROL CHAVES MESQUITA E FERREIRA;;-;;-;;-;3178/2021;NÃO;-;NÃO;-;NÃO;-;SERVIÇO DE MANUTENÇÃO;NÃO;;;;
CONTRATO;28;2021;PGJ;CONTRATO-28-2021-PGJ;6038/2021-60;LEI_8.666;ADESÃO;CONFECÇÃO E INSTALAÇÃO DE MATERIAIS DE SINALIZAÇÃO VISUAL;36.631.409/0001-53;ONERCON SERVICOS DE TECNOLOGIA DA INFORMACAO EIRELI EPP;09/07/2021;31/12/2021;18/08/2023;-1068;FORA DO PRAZO;FORA DO PRAZO;R$ 36.552,00;R$ 0,00;R$ 22.342,86;SIM;CAA;15821;ANDRÉ CASTELO BRANCO RIBEIRO;;-;;-;;-;1801/2021;NÃO;-;NÃO;-;NÃO;-;MATERIAL PERMANENTE;NÃO;;;;
CONTRATO;27;2021;PGJ;CONTRATO-27-2021-PGJ;5078/2021-29;LEI_8.666;PREGÃO ELETRÔNICO;MATERIAL DE CONSUMO: CAFÉ, AÇÚCAR, MATERIAL DE LIMPEZA;07.239.237/0001-79;C L BESERRA & CIA LTDA EPP;10/06/2021;10/06/2022;12/08/2023;-1074;FORA DO PRAZO;FORA DO PRAZO;R$ 87.678,15;R$ 0,00;R$ 2.160,96;NÃO;CAA;173;ALCIVAN DA COSTA MARQUES;;-;;-;;-;1214/2021;NÃO;-;NÃO;-;NÃO;-;MATERIAL DE CONSUMO;NÃO;;;;
CONTRATO;27;2021;FMMPPI;CONTRATO-27-2021-FMMPPI;11007/2021-48;LEI_8.666;PREGÃO ELETRÔNICO;SERVIÇO DE CONSERVAÇÃO E MANUTENÇÃO PARA A PJ DE ÁGUA BRANCA;22.829.583/0001-09;ALTACON ENGENHARIA E CONSTRUTORA LTDA;15/11/2021;15/11/2022;15/11/2022;-1344;FORA DO PRAZO;FORA DO PRAZO;R$ 43.230,02;R$ 0,00;R$ 0,00;SIM;CPPT;15821;ANDRÉ CASTELO BRANCO RIBEIRO;;-;;-;;-;3088/2021;NÃO;-;NÃO;-;NÃO;-;SERVIÇO DE MANUTENÇÃO;NÃO;;;;
CONTRATO;26;2021;PGJ;CONTRATO-26-2021-PGJ;4920/2021-89;LEI_8.666;PREGÃO ELETRÔNICO;SINALIZAÇÃO MODULAR PARA SEDE DO NUPAR;12.957.444/0001-07;EMPRESA FLEX PROJETOS E SISTEMAS LTDA;26/05/2021;26/05/2022;26/05/2022;-1517;FORA DO PRAZO;FORA DO PRAZO;R$ 33.572,25;R$ 0,00;R$ 0,00;NÃO;CPPT;15829;-;;-;;-;;-;1088/2021;NÃO;-;NÃO;-;NÃO;-;MATERIAL PERMANENTE;NÃO;;;;
CONTRATO;26;2021;FMMPPI;CONTRATO-26-2021-FMMPPI;11006/2021-75;LEI_8.666;PREGÃO ELETRÔNICO;SERVIÇO DE MANUTENÇÃO E CONSERVAÇÃO DE EDIFICAÇÕES - PJ DE SÃO RAIMUNDO NONATO E SALA DO MPPI NA CENTRAL DE FLAGRANTES DE PICOS;04.645.099/0001-30;CONSTRUTORA PHX LTDA;08/11/2021;08/11/2022;08/11/2022;-1351;FORA DO PRAZO;FORA DO PRAZO;R$ 117.679,04;R$ 0,00;R$ 0,00;NÃO;CPPT;15821;ANDRÉ CASTELO BRANCO RIBEIRO;;-;;-;;-;2991/2021;NÃO;-;NÃO;-;NÃO;-;SERVIÇOS DE ENGENHARIA;NÃO;;;;
CONTRATO;25;2021;PGJ;CONTRATO-25-2021-PGJ;3016/2021-77;LEI_8.666;PREGÃO ELETRÔNICO;ELABORAÇÃO DE PROJETOS EXECUTIVOS - COMBATE A INCÊNDIO;13.466.507/0001-87;AB PROJETOS E CONSULTORIA, ENGENHARIA, ARQUITETURA E MEIO AMBIENTE LTDA;26/05/2021;26/05/2022;23/08/2024;-697;FORA DO PRAZO;FORA DO PRAZO;R$ 276.149,54;R$ 0,00;R$ 306.539,84;SIM;CPPT;226;CAROL CHAVES MESQUITA E FERREIRA;;-;;-;;-;1081/2021;SIM;5% DO VALOR ANUAL ESTIMADO DO CONTRATO;SIM;3;NÃO;-;SERVIÇOS;NÃO;;;;
CONTRATO;25;2021;FMMPPI;CONTRATO-25-2021-FMMPPI;10662/2021-51;LEI_8.666;PREGÃO ELETRÔNICO;SERVIÇO DE CONSERVAÇÃO E MANUTENÇÃO DE EDIFICAÇÕES (DISTRIBUIÇÃO 1º E 2º GRAU E PRÉDIO DA ZL);22.829.583/0001-09;ALTACON ENGENHARIA E CONSTRUTORA LTDA;06/10/2021;06/10/2022;06/10/2022;-1384;FORA DO PRAZO;FORA DO PRAZO;R$ 31.818,84;R$ 0,00;R$ 0,00;NÃO;CPPT;226;CAROL CHAVES MESQUITA E FERREIRA;;-;;-;;-;2644/2021;NÃO;-;NÃO;-;NÃO;-;SERVIÇO DE MANUTENÇÃO;SIM;;;;
CONTRATO;24;2021;PGJ;CONTRATO-24-2021-PGJ;4073/2021-04;LEI_8.666;PREGÃO ELETRÔNICO;AQUISIÇÃO DE MATERIAL DE CONSTRUÇÃO E MANUTENÇÃO PREDIAL;07.239.237/0001-79;C L BESERRA & CIA LTDA EPP;20/05/2021;20/05/2022;20/05/2022;-1523;FORA DO PRAZO;FORA DO PRAZO;R$ 64.563,82;R$ 0,00;R$ 0,00;NÃO;CAA;173;ALCIVAN DA COSTA MARQUES;;-;;-;;-;1044/2021;NÃO;-;NÃO;-;NÃO;-;MATERIAL DE CONSUMO;NÃO;;;;
CONTRATO;24;2021;FMMPPI;CONTRATO-24-2021-FMMPPI;3052/2021-25;LEI_8.666;PREGÃO ELETRÔNICO;TREINAMENTO E IMPLANTAÇÃO DE SOFTWARES;21.719.419/0001-78;EXCELLER TREINAMENTOS EIRELI;23/09/2021;23/09/2022;23/09/2022;-1397;FORA DO PRAZO;FORA DO PRAZO;R$ 42.600,00;R$ 0,00;R$ 0,00;NÃO;CPPT;226;CAROL CHAVES MESQUITA E FERREIRA;;-;;-;;-;2470/2021;NÃO;-;NÃO;-;NÃO;-;SERVIÇOS;NÃO;;;;
CONTRATO;23;2021;PGJ;CONTRATO-23-2021-PGJ;3798/2021-57;LEI_8.666;PREGÃO ELETRÔNICO;AQUISIÇÃO DE ÁGUA MINERAL 20L;29.287.558/0001-81;J NETO ALMADA COUTINHO ME;20/05/2021;20/05/2022;20/05/2022;-1523;FORA DO PRAZO;FORA DO PRAZO;R$ 14.935,00;R$ 0,00;R$ 0,00;NÃO;CAA;173;ALCIVAN DA COSTA MARQUES;;-;;-;;-;1045/2021;NÃO;-;NÃO;-;NÃO;-;MATERIAL DE CONSUMO;NÃO;;;;
CONTRATO;23;2021;FMMPPI;CONTRATO-23-2021-FMMPPI;8256/2021-83;LEI_8.666;PREGÃO ELETRÔNICO;MATERIAL PERMANENTE (MICRO-ONDAS E CAFETEIRA ELÉTRICA);21.238.581/0001-74;MARCOS VINICIUS NASCIMENTO DOS SANTOS ME;25/08/2021;25/08/2022;14/09/2023;-1041;FORA DO PRAZO;FORA DO PRAZO;R$ 10.616,70;R$ 0,00;R$ 36.778,35;NÃO;CAA;307;AIRTON ALVES MENDES DE MOURA;;-;;-;;-;2149/2022;NÃO;-;NÃO;-;NÃO;-;MATERIAL PERMANENTE;NÃO;;;;
CONTRATO;22;2021;PGJ;CONTRATO-22-2021-PGJ;2377/2021-14;LEI_8.666;DISPENSA;FORNECIMENTO DE ENERGIA ELÉTRICA;06.840.748/0001-89;EQUATORIAL PIAUI DISTRIBUIDORA DE ENERGIA S.A;08/07/2021;08/07/2026;24/07/2025;-362;FORA DO PRAZO;FORA DO PRAZO;R$ 5.091.290,80;R$ 0,00;R$ 707.180,29;;CPPT;298;MÁRCIO DOUGLAS PEREIRA DE SOUSA ;15821;ANDRÉ CASTELO BRANCO RIBEIRO;318;FRANCISCO WCHARLITO DOS SANTOS QUEIROZ;;-;246/2023;NÃO;-;NÃO;-;NÃO;-;ENERGIA;SIM;;;;
CONTRATO;22;2021;FMMPPI;CONTRATO-22-2021-FMMPPI;6752/2021-85;LEI_8.666;PREGÃO ELETRÔNICO;SERVIÇO DE CONSERVAÇÃO E MANUTENÇÃO;22.829.583/0001-09;ALTACON ENGENHARIA E CONSTRUTORA LTDA;18/08/2021;18/08/2022;18/08/2022;-1433;FORA DO PRAZO;FORA DO PRAZO;R$ 22.993,66;R$ 0,00;R$ 0,00;NÃO;CPPT;226;CAROL CHAVES MESQUITA E FERREIRA;;-;;-;;-;2047/2021;NÃO;-;NÃO;-;NÃO;-;SERVIÇO DE MANUTENÇÃO;NÃO;;;;
CONTRATO;21;2021;PGJ;CONTRATO-21-2021-PGJ;2499/2021-87;LEI_8.666;INEXIGIBILIDADE;AQUISIÇÃO DE 03 (TRÊS) BIBLIOTECAS DIGITAIS DE LIVROS;41.769.803/0001-92;EDITORA FÓRUM LTDA;10/05/2021;10/05/2022;10/05/2022;-1533;FORA DO PRAZO;FORA DO PRAZO;R$ 76.617,00;R$ 0,00;R$ 0,00;NÃO;CEAF;266;DANIEL RIBEIRO MARQUES;;-;;-;;-;955/2021;NÃO;-;NÃO;-;SIM;1;SERVIÇO;SIM;;;;
CONTRATO;21;2021;FMMPPI;CONTRATO-21-2021-FMMPPI;7696/2021-71;LEI_8.666;PREGÃO ELETRÔNICO;AQUISIÇÃO DE MATERIAL PERMANETE (PURIFICADOR DE ÁGUA);33.486.276/0001-80;JEB COMÉRCIO DE ELETRÔNICOS EIRELI;17/08/2021;17/08/2022;17/08/2022;-1434;FORA DO PRAZO;FORA DO PRAZO;R$ 12.690,00;R$ 0,00;R$ 0,00;NÃO;CAA;307;AIRTON ALVES MENDES DE MOURA;;-;;-;;-;2034/2021;SIM;3% DO VALOR ANUAL ESTIMADO DO CONTRATO;NÃO;-;NÃO;-;MATERIAL PERMANENTE;NÃO;;;;
CONTRATO;20;2021;PGJ;CONTRATO-20-2021-PGJ;2501/2021-33;LEI_8.666;INEXIGIBILIDADE;ASSINATURA PARA BIBLIOTECA DIGITAL PROVIEW;60.501.293/0001-12;EDITORA REVISTA DOS TRIBUNAIS LTDA;11/05/2021;11/05/2022;11/05/2022;-1532;FORA DO PRAZO;FORA DO PRAZO;R$ 34.484,28;R$ 0,00;R$ 0,00;NÃO;CEAF;266;DANIEL RIBEIRO MARQUES;;-;;-;;-;956/2021;NÃO;-;SIM;3;NÃO;-;SERVIÇO;SIM;;;;
CONTRATO;20;2021;FMMPPI;CONTRATO-20-2021-FMMPPI;6683/2021-92;LEI_8.666;PREGÃO ELETRÔNICO;SERVIÇO DE CONSERVAÇÃO E MANUTENÇÃO;22.829.583/0001-09;ALTACON ENGENHARIA E CONSTRUTORA LTDA;05/08/2021;05/08/2022;05/08/2022;-1446;FORA DO PRAZO;FORA DO PRAZO;R$ 9.225,84;R$ 0,00;R$ 0,00;NÃO;CPPT;226;CAROL CHAVES MESQUITA E FERREIRA;;-;;-;;-;1893/2021;NÃO;-;NÃO;-;NÃO;-;SERVIÇO DE MANUTENÇÃO;NÃO;;;;
CONTRATO;20;2021;FMMPPI;CONTRATO-20-2021-FMMPPI;6683/2021-92;LEI_8.666;ADESÃO;SERVIÇO DE CONSERVAÇÃO E MANUTENÇÃO;22.829.583/0001-09;ALTACON ENGENHARIA E CONSTRUTORA LTDA;05/08/2021;05/08/2022;05/08/2022;-1446;FORA DO PRAZO;FORA DO PRAZO;R$ 9.225,84;R$ 0,00;R$ 0,00;NÃO;CPPT;226;CAROL CHAVES MESQUITA E FERREIRA;;-;;-;;-;1893/2021;NÃO;-;NÃO;-;NÃO;-;SERVIÇO DE MANUTENÇÃO;NÃO;;;;
CONTRATO;19;2021;PGJ;CONTRATO-19-2021-PGJ;1865/2021-27;LEI_8.666;PREGÃO ELETRÔNICO;SERVIÇO DE DEDETIZAÇÃO (TODAS AS UNIDADES DO MPPI);12.839.383/0001-75;ALESSANDRO DE SIQUEIRA SANTOS;06/05/2021;06/05/2022;06/05/2022;-1537;FORA DO PRAZO;FORA DO PRAZO;R$ 13.377,94;R$ 0,00;R$ 0,00;NÃO;CAA;15450;ANTÔNIO MARCOS PESSOA;;-;;-;;-;938/2021;NÃO;-;NÃO;-;NÃO;-;SERVIÇOS;NÃO;;;;
CONTRATO;19;2021;FMMPPI;CONTRATO-19-2021-FMMPPI;6732/2021-43;LEI_8.666;PREGÃO ELETRÔNICO;SERVIÇO DE CONSERVAÇÃO E MANUTENÇÃO;22.829.583/0001-09;ALTACON ENGENHARIA E CONSTRUTORA LTDA;09/08/2021;09/08/2022;09/08/2022;-1442;FORA DO PRAZO;FORA DO PRAZO;R$ 18.328,44;R$ 0,00;R$ 0,00;NÃO;CPPT;226;CAROL CHAVES MESQUITA E FERREIRA;;-;;-;;-;1783/2021;NÃO;-;NÃO;-;NÃO;-;SERVIÇO DE MANUTENÇÃO;NÃO;;;;
CONTRATO;18;2021;PGJ;CONTRATO-18-2021-PGJ;1921/2021-52;LEI_8.666;PREGÃO ELETRÔNICO;FORNECIMENTO DE ALIMENTAÇÃO (BUFFET);15.704.648/0001-16;NATH ALIMENTAÇÃO LTDA ME;19/04/2021;19/04/2022;19/04/2022;-1554;FORA DO PRAZO;FORA DO PRAZO;R$ 25.927,00;R$ 0,00;R$ 0,00;NÃO;CCS;15813;LÍCIA ALENCAR BOTELHO;;-;;-;;-;775/2021;NÃO;-;NÃO;-;NÃO;-;MATERIAL DE CONSUMO;NÃO;;;;
CONTRATO;18;2021;FMMPPI;CONTRATO-18-2021-FMMPPI;6454/2021-90;LEI_8.666;PREGÃO ELETRÔNICO;AQUISIÇÃO DE CADEIRAS DE RODAS;39.795.644/0001-59;THIAGO BRENO MENESES DE OLIVEIRA - ME;09/07/2021;09/07/2022;09/07/2022;-1473;FORA DO PRAZO;FORA DO PRAZO;R$ 38.460,00;R$ 0,00;R$ 0,00;NÃO;CAA;307;AIRTON ALVES MENDES DE MOURA;;-;;-;;-;1492/2021;NÃO;-;NÃO;-;NÃO;-;MATERIAL PERMANENTE;NÃO;;;;
CONTRATO;17;2021;PGJ;CONTRATO-17-2021-PGJ;2128/2021-59;LEI_8.666;INEXIGIBILIDADE;"ASSINATURA ANUAL (5 LICENÇAS) DA FERRAMENTA ""ZÊNITE FÁCIL""";86.781.069/0001-15;ZENITE EDITORA;25/03/2021;25/03/2022;25/03/2026;-118;FORA DO PRAZO;FORA DO PRAZO;R$ 9.529,00;R$ 0,00;R$ 44.148,02;NÃO;CLC;15814;ROSANGELA DA SILVA SANTANA;;-;;-;;-;3655/2024;NÃO;-;SIM;4;SIM;2;SERVIÇOS;SIM;;;;
CONTRATO;17;2021;FMMPPI;CONTRATO-17-2021-FMMPPI;7642/2021-17;LEI_8.666;TOMADA DE PREÇOS;REFORMA DE UNIÃO;24.282.496/0001-00;SÔNIA MACHADO MARWELL - EPP;09/07/2021;09/07/2022;09/07/2022;-1473;FORA DO PRAZO;FORA DO PRAZO;R$ 275.112,19;R$ 0,00;R$ 0,00;NÃO;CPPT;15821;ANDRÉ CASTELO BRANCO RIBEIRO;;-;;-;;-;1493/2021;NÃO;-;SIM;1;NÃO;-;OBRA;NÃO;;;;
CONTRATO;16;2021;FMMPPI;CONTRATO-16-2021-FMMPPI;5521/2020-71;LEI_8.666;INEXIGIBILIDADE;PROGRAMAS DE ENGENHARIA;03.984.954/0001-74;MN TECNOLOGIA E TREINAMENTO LTDA;04/06/2021;04/06/2024;04/06/2024;-777;FORA DO PRAZO;FORA DO PRAZO;R$ 58.806,00;R$ 0,00;R$ 0,00;NÃO;CPPT;226;CAROL CHAVES MESQUITA E FERREIRA;;-;;-;;-;1163/2021;NÃO;-;NÃO;-;NÃO;-;SERVIÇOS DE TI;SIM;;;;
CONTRATO;16;2021;PGJ;CONTRATO-16-2021-PGJ;609/2021-93;LEI_8.666;PREGÃO ELETRÔNICO;"AQUISIÇÃO DE CERTIFICADOS DIGITAIS ""A1 WILCARD SSL""";11.735.236/0001-92;OBJECTTI SOLUCOES LTDA EPP;25/03/2021;25/03/2022;25/03/2022;-1579;FORA DO PRAZO;FORA DO PRAZO;R$ 1.798,00;R$ 0,00;R$ 0,00;NÃO;CTI;294;MARCIEL FERREIRA LIMA;;-;;-;;-;593/2021;NÃO;-;SIM;1;NÃO;-;SERVIÇOS;NÃO;;;;
CONTRATO;15;2021;PGJ;CONTRATO-15-2021-PGJ;1509/2021-43;LEI_8.666;PREGÃO ELETRÔNICO;SERVIÇOS DE FORNECIMENTO DE LINK DE ACESSO À INTERNET E COMUNICAÇÃO DE DADOS;17.493.657/0001-30;IP2TEL SERVICOS DE COMUNICACAO MULTIMIDIA EIRELI - ME;15/03/2021;15/03/2023;15/03/2026;-128;FORA DO PRAZO;FORA DO PRAZO;R$ 235.500,00;R$ 0,00;R$ 448.975,56;NÃO;CTI;15807;ÍTALO GARCIA ARAÚJO NOGUEIRA;;-;;-;;-;532/2021;SIM;-;SIM;2;SIM;3;INTERNET;SIM;;;;
CONTRATO;15;2021;FMMPPI;CONTRATO-15-2021-FMMPPI;1395/2021-17;LEI_8.666;PREGÃO ELETRÔNICO;LICENÇA DE SOFTWARE ATLASSIAN CROWD;25.168.251/0001-00;CORE TEC BR TECNOLOGIA LTDA;04/06/2021;04/06/2022;04/06/2022;-1508;FORA DO PRAZO;FORA DO PRAZO;R$ 66.790,00;R$ 0,00;R$ 0,00;NÃO;CTI;303;BRENO REIS DO NASCIMENTO;;-;;-;;-;1157/2021;NÃO;-;NÃO;-;NÃO;-;SERVIÇOS DE TI;NÃO;;;;
CONTRATO;14;2021;PGJ;CONTRATO-14-2021-PGJ;1913/2021-74;LEI_8.666;PREGÃO ELETRÔNICO;FORNECIMENTO DE ALIMENTAÇÃO PARA ATENDER EVENTOS PROMOVIDOS PELO MPPI;08.998.109/0001-71;ACESSO PRODUTOS ALIMENTICIOS EIRELI;16/03/2021;16/03/2022;15/10/2023;-1010;FORA DO PRAZO;FORA DO PRAZO;R$ 29.075,00;R$ 0,00;R$ 40.457,90;NÃO;CCS;15813;LÍCIA ALENCAR BOTELHO;;-;;-;;-;534/2021;NÃO;-;NÃO;-;NÃO;-;MATERIAL DE CONSUMO;NÃO;;;;
CONTRATO;14;2021;FMMPPI;CONTRATO-14-2021-FMMPPI;4471/2021-94;LEI_8.666;PREGÃO ELETRÔNICO;AQUISIÇÃO DE MEMÓRIA RAM, DISCO SSD;30.426.527/0001-43;GYN COMÉRCIO DE PRODUTOS EM TI EIRELI;25/05/2021;25/05/2022;15/10/2023;-1010;FORA DO PRAZO;FORA DO PRAZO;R$ 119.328,00;R$ 0,00;R$ 72.395,76;SIM;CTI;15379;JOÃO CARLOS BARBOSA DOS SANTOS;;-;;-;;-;1078/2021;NÃO;-;NÃO;-;NÃO;-;MATERIAL PERMANENTE;NÃO;;;;
CONTRATO;13;2021;PGJ;CONTRATO-13-2021-PGJ;1355/2021-58;LEI_8.666;PREGÃO ELETRÔNICO;AQUISIÇÃO DE MATERIAL DE EXPEDIENTE;02.488.226/0001-09;ALMEIDA REPRESENTACOES E COMERCIO;02/03/2021;02/03/2022;02/03/2022;-1602;FORA DO PRAZO;FORA DO PRAZO;R$ 26.655,06;R$ 0,00;R$ 0,00;NÃO;CAA;173;ALCIVAN DA COSTA MARQUES;;-;;-;;-;471/2021;NÃO;-;NÃO;-;NÃO;-;MATERIAL PERMANENTE;NÃO;;;;
CONTRATO;13;2021;FMMPPI;CONTRATO-13-2021-FMMPPI;4228/2021-59;LEI_8.666;PREGÃO ELETRÔNICO;AQUISIÇÃO DE WEBCAMS, MICROFONES, FONES DE OUVIDO;09.022.398/0001-31;AGEM TECNOLOGIA DISTRIBUIDORA LTDA;20/05/2021;20/05/2022;20/05/2022;-1523;FORA DO PRAZO;FORA DO PRAZO;R$ 103.220,00;R$ 0,00;R$ 0,00;NÃO;CTI;15379;JOÃO CARLOS BARBOSA DOS SANTOS;;-;;-;;-;1047/2021;NÃO;-;SIM;2;SIM;1;MATERIAL PERMANENTE;NÃO;;;;
ORDEM DE FORNECIMENTO;13;2021;PGJ;ORDEM DE FORNECIMENTO-13-2021-PGJ;12522/2021-25;LEI_8.666;PREGÃO ELETRÔNICO;AQUISIÇÃO DE ÁGUA MINERAL E VASILHAME;07.239.237/0001-79;C L BESERRA & CIA LTDA EPP;27/10/2021;27/10/2022;27/10/2022;-1363;FORA DO PRAZO;FORA DO PRAZO;R$ 40.213,00;R$ 0,00;R$ 0,00;NÃO;CAA;173;ALCIVAN DA COSTA MARQUES;;-;;-;;-;615/2013;NÃO;-;NÃO;-;NÃO;-;MATERIAL DE CONSUMO;NÃO;;;;
ORDEM DE SERVIÇO;12;2021;FMMPPI;ORDEM DE SERVIÇO-12-2021-FMMPPI;4432/2020-66;LEI_8.666;DISPENSA;CONTRATAÇÃO DE SERVIÇOS DE EXECUÇÃO DE SONDAGEM SPT -PJ DE PEDRO II;35.311.576/0001-54;PSR SERVICOS DE ENGENHARIA LTDA-ME;10/08/2021;31/12/2021;31/12/2021;-1663;FORA DO PRAZO;FORA DO PRAZO;R$ 2.600,00;R$ 0,00;R$ 0,00;SIM;CPPT;226;CAROL CHAVES MESQUITA E FERREIRA;;-;;-;;-;2712/2015;NÃO;-;NÃO;-;NÃO;-;SERVIÇOS;NÃO;;;;
CONTRATO;12;2021;PGJ;CONTRATO-12-2021-PGJ;1356/2021-31;LEI_8.666;PREGÃO ELETRÔNICO;AQUISIÇAO DE MATERIAL DE EXPEDIENTE;07.239.237/0001-79;C L BESERRA & CIA LTDA EPP;02/03/2021;02/03/2022;02/03/2022;-1602;FORA DO PRAZO;FORA DO PRAZO;R$ 8.765,65;R$ 0,00;R$ 0,00;NÃO;CAA;173;ALCIVAN DA COSTA MARQUES;;-;;-;;-;472/2021;NÃO;-;NÃO;-;NÃO;-;MATERIAL PERMANENTE;NÃO;;;;
CONTRATO;12;2021;FMMPPI;CONTRATO-12-2021-FMMPPI;4075/2021-47;LEI_8.666;PREGÃO ELETRÔNICO;AQUISIÇÃO DE MATERIAL DE CONSTRUÇÃO, MANUTENÇÃO PREDIAL;07.239.237/0001-79;C L BESERRA & CIA LTDA EPP;20/05/2021;20/05/2022;20/05/2022;-1523;FORA DO PRAZO;FORA DO PRAZO;R$ 13.124,54;R$ 0,00;R$ 0,00;NÃO;CAA;173;ALCIVAN DA COSTA MARQUES;;-;;-;;-;1051/2021;NÃO;-;NÃO;-;NÃO;-;MATERIAL PERMANENTE;NÃO;;;;
CONTRATO;11;2021;PGJ;CONTRATO-11-2021-PGJ;5612/2020-69;LEI_8.666;DISPENSA;LOCAÇÃO DE IMÓVEL PARA A PJ DE ESPERANTINA - PI;994.225.903-10;MARIA DOS REMÉDIOS DE CARVALHO MELO;26/02/2021;01/03/2026;01/03/2027;223;EM VIGÊNCIA;EM VIGÊNCIA;R$ 210.000,00;R$ 0,00;R$ 47.194,92;NÃO;CPPT;20141;MARIA CLARA OLIVEIRA DE CARVALHO;;-;;-;;-;2613/2024;NÃO;-;SIM;1;SIM;3;LOCAÇÃO DE IMÓVEL;SIM;;;;
CONTRATO;11;2021;FMMPPI;CONTRATO-11-2021-FMMPPI;00000/2021-94;LEI_8.666;PREGÃO ELETRÔNICO;AQUISIÇÃO DE MATERIAL PERMANENTE (FOGÃO, MICROONDAS, CAFETEIRA);21.238.581/0001-74;MARCOS VINICIUS NASCIMENTO DOS SANTOS ME;11/05/2021;11/05/2022;03/05/2023;-1175;FORA DO PRAZO;FORA DO PRAZO;R$ 16.212,90;R$ 0,00;R$ 0,00;NÃO;CAA;307;AIRTON ALVES MENDES DE MOURA;;-;;-;;-;960/2021;SIM;3% DO VALOR ANUAL ESTIMADO DO CONTRATO;NÃO;-;NÃO;-;MATERIAL PERMANENTE;NÃO;;;;
CONTRATO;10;2021;FMMPPI;CONTRATO-10-2021-FMMPPI;7708/2020-78;LEI_8.666;TOMADA DE PREÇOS;REFORMA DE ITAUEIRAS;31.491.813/0001-55;POTENCIAL ENGENHARIA E SERVIÇOS EIRELI;23/04/2021;23/04/2022;23/04/2022;-1550;FORA DO PRAZO;FORA DO PRAZO;R$ 86.309,48;R$ 0,00;R$ 0,00;NÃO;CPPT;15821;ANDRÉ CASTELO BRANCO RIBEIRO;;-;;-;;-;802/2021;NÃO;-;NÃO;-;NÃO;-;OBRA;NÃO;;;;
ORDEM DE FORNECIMENTO;10;2021;FMMPPI;ORDEM DE FORNECIMENTO-10-2021-FMMPPI;5395/2021-75;LEI_8.666;PREGÃO ELETRÔNICO;AQUISIÇÃO DE BATERIAS PARA NOBREAK;18.476.349/0001-60;GP TRADE COMPANY ELETRÔNICOS IMPORTAÇÃO E EXPORTAÇÃO LTDA;17/06/2021;17/06/2022;17/06/2022;-1495;FORA DO PRAZO;FORA DO PRAZO;R$ 7.090,00;R$ 0,00;R$ 0,00;NÃO;CTI;15379;JOÃO CARLOS BARBOSA DOS SANTOS;;-;;-;;-;2334/2018;NÃO;-;NÃO;-;NÃO;-;MATERIAL PERMANENTE;NÃO;;;;
CONTRATO;10;2021;PGJ;CONTRATO-10-2021-PGJ;725/2021-93;LEI_8.666;PREGÃO ELETRÔNICO;AQUISIÇÃO DE MATERIAL DE CONSTRUÇÃO, MANUTENÇÃO PREDIAL, ESTRUTURAL, ILUMINAÇÃO E FERRAMENTAS;07.239.237/0001-79;C L BESERRA & CIA LTDA EPP;17/02/2021;17/02/2022;11/11/2025;-252;FORA DO PRAZO;FORA DO PRAZO;R$ 32.802,30;R$ 0,00;R$ 32.364,00;;CAA;173;ALCIVAN DA COSTA MARQUES;;-;;-;;-;341/2021;NÃO;-;NÃO;-;NÃO;-;MATERIAL PERMANENTE;NÃO;;;;
CONTRATO;9;2021;PGJ;CONTRATO-9-2021-PGJ;730/2021-55;LEI_8.666;PREGÃO ELETRÔNICO;AQUISIÇÃO DE MATERIAL DE CONSTRUÇÃO, MANUTENÇÃO PREDIAL, ESTRUTURAL, ILUMINAÇÃO E FERRAMENTAS;26.507.653/0001-55;VOLT MATERIAIS ELETRICOS EIRELI ME;17/02/2021;17/02/2022;17/02/2022;-1615;FORA DO PRAZO;FORA DO PRAZO;R$ 28.528,55;R$ 0,00;R$ 0,00;;CAA;173;ALCIVAN DA COSTA MARQUES;;-;;-;;-;340/2021;NÃO;-;NÃO;-;NÃO;-;MATERIAL PERMANENTE;NÃO;;;;
ORDEM DE FORNECIMENTO;9;2021;PGJ;ORDEM DE FORNECIMENTO-9-2021-PGJ;4716/2021-06;LEI_8.666;PREGÃO ELETRÔNICO;AQUISIÇÃO DE ÁGUA MINERAL E VASILHAME;07.239.237/0001-79;C L BESERRA & CIA LTDA EPP;01/06/2021;31/12/2021;31/12/2021;-1663;FORA DO PRAZO;FORA DO PRAZO;R$ 48.917,00;R$ 0,00;R$ 0,00;;CAA;173;ALCIVAN DA COSTA MARQUES;;-;;-;;-;615/2013;NÃO;-;NÃO;-;NÃO;-;MATERIAL DE CONSUMO;NÃO;;;;
CONTRATO;8;2021;FMMPPI;CONTRATO-8-2021-FMMPPI;108/2021-83;LEI_8.666;ADESÃO;AQUISIÇÃO DE AR-CONDICIONADO;17.417.928/0001-79;VENTISOL DA AMAZÔNIA INDÚSTRIA DE APARELHOS ELÉTRICOS;16/03/2021;19/03/2022;19/03/2022;-1585;FORA DO PRAZO;FORA DO PRAZO;R$ 120.876,94;R$ 0,00;R$ 0,00;NÃO;CAA;307;AIRTON ALVES MENDES DE MOURA;;-;;-;;-;539/2021;NÃO;-;NÃO;-;NÃO;-;MATERIAL PERMANENTE;NÃO;;;;
CONTRATO;8;2021;PGJ;CONTRATO-8-2021-PGJ;684/2021-36;LEI_8.666;PREGÃO ELETRÔNICO;AQUISIÇÃO DE PAPEL HIGIÊNICO, LIMPADOR, PANO DE CHÃO, FLANELA, SACOS DE LIXO E DISPENSER PARA ÁLCOOL E PAPEL;07.239.237/0001-79;C L BESERRA & CIA LTDA EPP;17/02/2021;17/02/2022;17/02/2022;-1615;FORA DO PRAZO;FORA DO PRAZO;R$ 11.156,70;R$ 0,00;R$ 0,00;;CAA;173;ALCIVAN DA COSTA MARQUES;;-;;-;;-;338/2021;NÃO;-;NÃO;-;NÃO;-;MATERIAL DE CONSUMO;NÃO;;;;
ORDEM DE FORNECIMENTO;8;2021;PGJ;ORDEM DE FORNECIMENTO-8-2021-PGJ;3795/2021-41;LEI_8.666;DISPENSA;AQUISIÇÃO DE MÁSCARAS DE PROTEÇÃO PARA EFRENTAMENTO COVID -19;11.781.405/0001-20;GILANE MARIA FREIRE SILVA ME;21/05/2021;31/12/2021;31/12/2021;-1663;FORA DO PRAZO;FORA DO PRAZO;R$ 11.250,00;R$ 0,00;R$ 0,00;;CAA;173;ALCIVAN DA COSTA MARQUES;;-;;-;;-;615/2013;NÃO;-;NÃO;-;NÃO;-;MATERIAL DE CONSUMO;NÃO;;;;
CONTRATO;7;2021;FMMPPI;CONTRATO-7-2021-FMMPPI;703/2021-23;LEI_8.666;PREGÃO ELETRÔNICO;AQUISIÇÃO DE MATERIAL PERMANENTE;33.486.276/0001-80;JEB COMÉRCIO DE ELETRÔNICOS EIRELI;01/03/2021;01/03/2022;01/03/2022;-1603;FORA DO PRAZO;FORA DO PRAZO;R$ 70.532,50;R$ 0,00;R$ 0,00;NÃO;CAA;307;AIRTON ALVES MENDES DE MOURA;;-;;-;;-;462/2021;NÃO;-;NÃO;-;NÃO;-;MATERIAL PERMANENTE;NÃO;;;;
CONTRATO;7;2021;PGJ;CONTRATO-7-2021-PGJ;4373/2020-72;LEI_8.666;PREGÃO ELETRÔNICO;MANUTENÇÃO PREVENTIVA E CORRETIVA DO MOTO-GERADOR DE ENERGIA ELÉTRICA;16.731.874/0001-59;POWER SERVICOS DE AUTOMACAO MONTAGENS E INSTALACOES LTDA ME;11/02/2021;11/02/2022;11/02/2022;-1621;FORA DO PRAZO;FORA DO PRAZO;R$ 62.390,00;R$ 0,00;R$ 0,00;;CAA;20026;FELIPE ARLLEM REZENDE;;-;;-;;-;303/2021;NÃO;-;NÃO;-;NÃO;-;SERVIÇOS;SIM;;;;
ORDEM DE FORNECIMENTO;7;2021;FMMPPI;ORDEM DE FORNECIMENTO-7-2021-FMMPPI;7641/2020-54;LEI_8.666;DISPENSA;AQUISIÇÃO DE LIXEIRAS DE COLETA SELETIVA;33.961.610/0001-00;A R L LEAL E RODRIGUES LTDA ME;18/05/2021;31/12/2021;22/11/2026;124;PRONTA ENTREGA;EM VIGÊNCIA;R$ 15.000,00;R$ 0,00;R$ 118.944,00;;CAA;307;AIRTON ALVES MENDES DE MOURA;;-;;-;;-;388/2016;NÃO;-;NÃO;-;NÃO;-;MATERIAL PERMANENTE;NÃO;;;;
CONTRATO;6;2021;PGJ;CONTRATO-6-2021-PGJ;59/2021-85;LEI_8.666;PREGÃO ELETRÔNICO;SERVIÇO DE CONSERVAÇÃO E MANUTENÇÃO DA PJ DE BARRAS;03.936.360/0001-98;CWC CONSTRUTORA EIRELI EPP;02/02/2021;02/02/2022;02/02/2022;-1630;FORA DO PRAZO;FORA DO PRAZO;R$ 38.312,31;R$ 0,00;R$ 0,00;;CPPT;15821;ANDRÉ CASTELO BRANCO RIBEIRO;;-;;-;;-;241/2021;NÃO;-;NÃO;-;NÃO;-;OBRA;NÃO;;;;
ORDEM DE FORNECIMENTO;6;2021;PGJ;ORDEM DE FORNECIMENTO-6-2021-PGJ;1649/2021-24;LEI_8.666;DISPENSA;AQUISIÇÃO DE FLORES E ARRANJOS;35.982.174/0001-81;ANDREZZA ALMEIDA FORTES DO REGO - MEI;04/05/2021;31/12/2021;31/12/2021;-1663;FORA DO PRAZO;FORA DO PRAZO;R$ 16.500,00;R$ 0,00;R$ 0,00;;CCS;15813;LÍCIA ALENCAR BOTELHO;;-;;-;;-;1595/2021;NÃO;-;NÃO;-;NÃO;-;MATERIAL DE CONSUMO;NÃO;;;;
NOTA DE EMPENHO;6;2021;FMMPPI;NOTA DE EMPENHO-6-2021-FMMPPI;607/2021-43;LEI_8.666;DISPENSA;REVISÃO DE 1 ANO PARA HILUX DE PLACA QRY-4H41;41.597.303/0004-63;NEWLAND VEICULOS LTDA;16/02/2021;31/12/2021;31/12/2021;-1663;FORA DO PRAZO;FORA DO PRAZO;R$ 785,17;R$ 0,00;R$ 0,00;;CAA;15641;-;;-;;-;;-;2461/2019;NÃO;-;NÃO;-;NÃO;-;SERVIÇOS;NÃO;;;;
CONTRATO;6;2021;FMMPPI;CONTRATO-6-2021-FMMPPI;161/2021-64;LEI_8.666;PREGÃO ELETRÔNICO;AQUISIÇÃO DE COMPUTADOR DESKTOP (WORKSTATION);05.778.325/0001-13;E.R. SOLUCOES INFORMATICA LTDA;01/02/2021;01/02/2022;25/11/2026;127;INICIAR RENOVAÇÃO;EM VIGÊNCIA;R$ 143.000,00;R$ 0,00;R$ 452.420,40;SIM;CTI;15379;JOÃO CARLOS BARBOSA DOS SANTOS;;-;;-;;-;226/2021;NÃO;-;SIM;1;NÃO;-;MATERIAL PERMANENTE;NÃO;;;;
CONTRATO;5;2021;FMMPPI;CONTRATO-5-2021-FMMPPI;6795/2020-41;LEI_8.666;TOMADA DE PREÇOS;EXECUÇÃO DE REFORMA DA PJ DE SÃO MIGUEL DO TAPUIO;22.168.030/0001-44;A COSTA DE SOUSA EIRELI EPP;12/01/2021;12/01/2022;12/01/2022;-1651;FORA DO PRAZO;FORA DO PRAZO;R$ 70.602,88;R$ 0,00;R$ 0,00;NÃO;CPPT;15821;ANDRÉ CASTELO BRANCO RIBEIRO;;-;;-;;-;054/2021;NÃO;-;NÃO;-;NÃO;-;OBRA;NÃO;;;;
CONTRATO;5;2021;PGJ;CONTRATO-5-2021-PGJ;279/2021-12;LEI_8.666;PREGÃO ELETRÔNICO;SERVIÇO DE CONSERVAÇÃO E MANUTENÇÃO DA PJ DE SÃO JOÃO DO PIAUÍ;03.936.360/0001-98;CWC CONSTRUTORA EIRELI EPP;02/02/2021;02/02/2022;02/02/2022;-1630;FORA DO PRAZO;FORA DO PRAZO;R$ 23.346,55;R$ 0,00;R$ 20.144,88;;CPPT;15821;ANDRÉ CASTELO BRANCO RIBEIRO;;-;;-;;-;242/2021;NÃO;-;NÃO;-;NÃO;-;OBRA;NÃO;;;;
ORDEM DE FORNECIMENTO;5;2021;PGJ;ORDEM DE FORNECIMENTO-5-2021-PGJ;3387/2021-61;LEI_8.666;DISPENSA;FGORNECIMENTO DE PLACA ACÚSTICA COM INSTALAÇÃO INCLUSA;18.519.361/0001-04;DESIGNCINCO CONCEPT LTDA ME;27/04/2021;31/12/2021;31/12/2021;-1663;FORA DO PRAZO;FORA DO PRAZO;R$ 14.493,75;R$ 0,00;R$ 0,00;;CAA;307;AIRTON ALVES MENDES DE MOURA;;-;;-;;-;388/2016;NÃO;-;NÃO;-;NÃO;-;MATERIAL PERMANENTE;NÃO;;;;
CONTRATO;5;2021;FEPDC;CONTRATO-5-2021-FEPDC;8501/2021-64;LEI_8.666;PREGÃO ELETRÔNICO;AQUISIÇÃO DE MATERIAL PERMANENTE (EQUIPAMENTOS DE REGISTRO FOTOGRÁFICO, GRAVAÇÃO E REPRODUÇÃO DE VÍDEO);36.289.988/0001-06;COMPMINAS COMÉRCIO DE INFORMÁTICA EIRELI;07/10/2021;07/10/2022;07/10/2022;-1383;FORA DO PRAZO;FORA DO PRAZO;R$ 25.000,00;R$ 0,00;R$ 0,00;NÃO;CAA;307;AIRTON ALVES MENDES DE MOURA;;-;;-;;-;2677/2021;NÃO;-;NÃO;-;NÃO;-;MATERIAL PERMANENTE;NÃO;;;;
CONTRATO;4;2021;FMMPPI;CONTRATO-4-2021-FMMPPI;3393/2020-86;LEI_8.666;TOMADA DE PREÇOS;EXECUÇÃO DE OBRAS DE AMPLIAÇÃO E REFORMA PJ DE CORRENTE  NA SEDE;26.578.603/0001-69;EMPRESA F A MENDES LOPES ME (ALX CONSTRUTORA);18/01/2021;18/01/2022;18/01/2022;-1645;FORA DO PRAZO;FORA DO PRAZO;R$ 308.399,85;R$ 0,00;R$ 0,00;NÃO;CPPT;15821;ANDRÉ CASTELO BRANCO RIBEIRO;;-;;-;;-;93/2021;NÃO;-;NÃO;-;NÃO;-;OBRA;NÃO;;;;
CONTRATO;4;2021;PGJ;CONTRATO-4-2021-PGJ;7071/2020-56;LEI_8.666;PREGÃO ELETRÔNICO;AQUISIÇÃO DE ÁGUA MINERAL EM GARRAFÃO DE 20 LITROS (INTERIOR);07.938.158/0001-56;S M DA SILVA ME (DISK IMPERIAL);29/01/2021;29/01/2022;29/01/2022;-1634;FORA DO PRAZO;FORA DO PRAZO;R$ 5.000,00;R$ 0,00;R$ 0,00;NÃO;CAA;173;ALCIVAN DA COSTA MARQUES;;-;;-;;-;195/2021;NÃO;-;NÃO;-;NÃO;-;MATERIAL DE CONSUMO;NÃO;;;;
ORDEM DE FORNECIMENTO;4;2021;PGJ;ORDEM DE FORNECIMENTO-4-2021-PGJ;178/2021-83;LEI_8.666;DISPENSA;REALIZAÇÃO DE RETIRADA DE ÁRVORES;17.571.814/0001-89;J F GOMES DA ROCHA ME;05/05/2021;31/12/2021;31/12/2021;-1663;FORA DO PRAZO;FORA DO PRAZO;R$ 5.300,00;R$ 0,00;R$ 0,00;;CAA;15450;ANTÔNIO MARCOS PESSOA;15450;ANTÔNIO MARCOS PESSOA;;-;;-;74/2019;NÃO;-;NÃO;-;NÃO;-;SERVIÇOS;NÃO;;;;
CONTRATO;4;2021;FEPDC;CONTRATO-4-2021-FEPDC;7782/2021-77;LEI_8.666;ADESÃO;AQUISIÇÃO DE MÓVEIS (CADEIRAS);29.209.847/0001-62;BELCHAIR COMERCIO DE MOVEIS EIRELI;21/09/2021;21/03/2022;21/03/2022;-1583;FORA DO PRAZO;FORA DO PRAZO;R$ 47.659,00;R$ 0,00;R$ 0,00;NÃO;CAA;307;AIRTON ALVES MENDES DE MOURA;;-;;-;;-;2434/2021;NÃO;-;NÃO;-;NÃO;-;MATERIAL PERMANENTE;NÃO;;;;
CONTRATO;3;2021;FMMPPI;CONTRATO-3-2021-FMMPPI;4913/2020-40;LEI_8.666;PREGÃO ELETRÔNICO;AQUISIÇÃO DE HDS PARA O GAECO;24.884.690/0001-57;RAPHAEL SILVA ARAUJO ME;13/01/2021;13/01/2022;15/12/2022;-1314;FORA DO PRAZO;FORA DO PRAZO;R$ 11.150,00;R$ 0,00;R$ 0,00;NÃO;CTI;335;THIAGO DE ARAÚJO COSTA SOARES;;-;;-;;-;71/2021;NÃO;-;NÃO;-;NÃO;-;MATERIAL PERMANENTE;NÃO;;;;
CONTRATO;3;2021;PGJ;CONTRATO-3-2021-PGJ;4902/2020-33;LEI_8.666;PREGÃO ELETRÔNICO;PREOJETO DAS INSTALAÇÕES ELÉTRICAS E ORÇAMENTO PARA GERADOR PARA A SEDE CENTRO;13.466.507/0001-87;AB PROJETOS E CONSULTORIA, ENGENHARIA, ARQUITETURA E MEIO AMBIENTE LTDA;28/01/2021;28/01/2022;28/01/2022;-1635;FORA DO PRAZO;FORA DO PRAZO;R$ 5.930,10;R$ 0,00;R$ 0,00;NÃO;CPPT;226;CAROL CHAVES MESQUITA E FERREIRA;;-;;-;;-;204/2021;NÃO;-;NÃO;-;NÃO;-;SERVIÇOS;NÃO;;;;
ORDEM DE FORNECIMENTO;3;2021;FMMPPI;ORDEM DE FORNECIMENTO-3-2021-FMMPPI;1518/2021-37;LEI_8.666;DISPENSA;AQUISIÇÃO DE MESA PARA RÁDIO MPPI;66.455.593/0001-99;HOMEOFFICE MOVEIS LTDA ME;17/03/2021;31/12/2021;31/12/2021;-1663;FORA DO PRAZO;FORA DO PRAZO;R$ 6.839,52;R$ 0,00;R$ 0,00;;CAA;307;AIRTON ALVES MENDES DE MOURA;;-;;-;;-;388/2016;NÃO;-;NÃO;-;NÃO;-;MATERIAL PERMANENTE;NÃO;;;;
NOTA DE EMPENHO;3;2021;FEPDC;NOTA DE EMPENHO-3-2021-FEPDC;608/2021-16;LEI_8.666;DISPENSA;REVISÃO DE 1 ANO PARA HILUX DE PLACA QRV-7H69;41.597.303/0004-63;NEWLAND VEICULOS LTDA;09/02/2021;31/12/2021;10/01/2024;-923;FORA DO PRAZO;FORA DO PRAZO;R$ 785,17;R$ 0,00;R$ 3.936,00;;CAA;15641;-;;-;;-;;-;2461/2019;NÃO;-;NÃO;-;NÃO;-;SERVIÇOS;NÃO;;;;
CONTRATO;3;2021;FEPDC;CONTRATO-3-2021-FEPDC;9795/2021-77;LEI_8.666;PREGÃO ELETRÔNICO;SERVIÇOS SECURITÁRIOS DE VEÍCULOS;61.198.164/0001-60;PORTO SEGURO COMPANHIA DE SEGUROS GERAIS;12/08/2021;12/08/2022;12/08/2022;-1439;FORA DO PRAZO;FORA DO PRAZO;R$ 7.400,00;R$ 0,00;R$ 0,00;NÃO;CAA;20131;-;;-;;-;;-;2377/2023;NÃO;-;SIM;1;NÃO;-;SEGURO;SIM;;;;
CONTRATO;2;2021;PGJ;CONTRATO-2-2021-PGJ;7866/2020-30;LEI_8.666;PREGÃO ELETRÔNICO;SERVIÇO DE CONSERVAÇÃO E MANUTENÇÃO DE EDIFICAÇÕES;06.224.118/0001-80;CONSTRUTORA PADRAO LTDA EPP;25/01/2021;25/01/2022;01/10/2024;-658;FORA DO PRAZO;FORA DO PRAZO;R$ 61.528,32;R$ 0,00;R$ 1.787.435,37;NÃO;CPPT;15821;ANDRÉ CASTELO BRANCO RIBEIRO;;-;;-;;-;135/2021;NÃO;-;NÃO;-;SIM;1;OBRA;NÃO;;;;
CONTRATO;2;2021;FMMPPI;CONTRATO-2-2021-FMMPPI;6512/2020-79;LEI_8.666;PREGÃO ELETRÔNICO;AQUISIÇÃO DE PLACAS DE IDENTIFICAÇÃO DE SINALIZAÇÃO ;12.957.444/0001-07;EMPRESA FLEX PROJETOS E SISTEMAS LTDA;08/01/2021;08/01/2022;08/01/2022;-1655;FORA DO PRAZO;FORA DO PRAZO;R$ 19.557,50;R$ 0,00;R$ 0,00;NÃO;CAA;15450;ANTÔNIO MARCOS PESSOA;;-;;-;;-;026/2021;NÃO;-;NÃO;-;NÃO;-;MATERIAL PERMANENTE;NÃO;;;;
ORDEM DE FORNECIMENTO;2;2021;PGJ;ORDEM DE FORNECIMENTO-2-2021-PGJ;5819/2020-69;LEI_8.666;DISPENSA;AQUISIÇÃO DE PLANTAS ORNAMENTAIS;30.871.301/0001-51;L ALVES DA SILVA-ME;12/01/2021;31/12/2021;31/12/2021;-1663;FORA DO PRAZO;FORA DO PRAZO;R$ 15.200,00;R$ 0,00;R$ 0,00;;CCS;15450;ANTÔNIO MARCOS PESSOA;;-;;-;;-;74/2019;NÃO;-;NÃO;-;NÃO;-;MATERIAL DE CONSUMO;NÃO;;;;
CONTRATO;2;2021;FEPDC;CONTRATO-2-2021-FEPDC;5677/2021-20;LEI_8.666;PREGÃO ELETRÔNICO;SERVIÇOS SECURITÁRIOS DE VEÍCULOS;61.074.175/0001-38;MAPFRE SEGUROS GERAIS S/A;12/08/2021;12/08/2022;03/09/2024;-686;FORA DO PRAZO;FORA DO PRAZO;R$ 2.190,00;R$ 0,00;R$ 60.744,74;NÃO;CAA;20131;-;;-;;-;;-;2377/2023;NÃO;-;SIM;2;NÃO;-;SEGURO;SIM;;;;
CONTRATO;1;2021;FMMPPI;CONTRATO-1-2021-FMMPPI;7626/2020-78;LEI_8.666;PREGÃO ELETRÔNICO;AQUISIÇÃO DE SOFTWARES (ADOBE CREATIVE CLOUD);04.198.254/0001-17;MCR SISTEMAS E CONSULTORIA LTDA;11/01/2021;11/01/2024;24/09/2024;-665;FORA DO PRAZO;FORA DO PRAZO;R$ 46.212,76;R$ 0,00;R$ 139.300,08;NÃO;CTI;15379;JOÃO CARLOS BARBOSA DOS SANTOS;;-;;-;;-;028/2021;NÃO;-;NÃO;-;NÃO;-;SERVIÇOS DE TI;SIM;;;;
CONTRATO;1;2021;PGJ;CONTRATO-1-2021-PGJ;5225/2020-12;LEI_8.666;PREGÃO ELETRÔNICO;AQUISIÇÃO DE SOFTWARES (FIREWALL PALO ALTO NETWORKS);24.376.542/0001-21;APPROACH TECNOLOGIA LTDA;08/01/2021;08/01/2022;01/02/2022;-1631;FORA DO PRAZO;FORA DO PRAZO;R$ 176.542,00;R$ 0,00;R$ 26.000,00;NÃO;CTI;294;MARCIEL FERREIRA LIMA;363;FLÁVIO JOSÉ SCHAEFER FERLIN;316;-;;-;29/2021;NÃO;-;SIM;1;SIM;1;SERVIÇOS DE TI;SIM;;;;
ORDEM DE FORNECIMENTO;1;2021;PGJ;ORDEM DE FORNECIMENTO-1-2021-PGJ;7075/2020-45;LEI_8.666;PREGÃO ELETRÔNICO;AQUISÇÃO DE MATERIAL DE LIMPEZA;07.239.237/0001-79;C L BESERRA & CIA LTDA EPP;07/01/2021;31/12/2021;31/12/2021;-1663;FORA DO PRAZO;FORA DO PRAZO;R$ 55.581,09;R$ 0,00;R$ 0,00;;CAA;173;ALCIVAN DA COSTA MARQUES;;-;;-;;-;615/2013;NÃO;-;NÃO;-;NÃO;-;MATERIAL DE CONSUMO;NÃO;;;;
CONTRATO;1;2021;FEPDC;CONTRATO-1-2021-FEPDC;6100/2020-48;LEI_8.666;PREGÃO ELETRÔNICO;AQUISIÇÃO DE VEÍCULO AUTOMOTOR TIPO FURGÃO OU VAN (LABORATÓRIO MÓVEL E TRANSPORTE DE PASSAGEIROS);08.389.661/0001-62;TCA TRANSFORMACOES VEICULARES LTDA;28/05/2021;28/05/2022;10/01/2023;-1288;FORA DO PRAZO;FORA DO PRAZO;R$ 470.000,00;R$ 0,00;R$ 0,00;;CAA;307;AIRTON ALVES MENDES DE MOURA;15641;-;6566;-;;-;1104/2021;NÃO;-;NÃO;-;NÃO;-;MATERIAL PERMANENTE;NÃO;;;;
NOTA DE EMPENHO;1;2021;PGJ;NOTA DE EMPENHO-1-2021-PGJ;6527/2020-15;LEI_8.666;INEXIGIBILIDADE;CURSO DE CAPACITAÇÃO PARA 1 SERVIDOR DE TI DO GAECO;26.140.618/0001-40;ACADEMIA DE FORENSE DIGITAL LTDA;21/01/2021;31/12/2021;31/12/2021;-1663;FORA DO PRAZO;FORA DO PRAZO;R$ 2.100,00;R$ 0,00;R$ 0,00;;CTI;335;THIAGO DE ARAÚJO COSTA SOARES;;-;;-;;-;70/2021;NÃO;-;NÃO;-;NÃO;-;CURSOS;NÃO;;;;
CONTRATO;1;2022;FMMPPI;CONTRATO-1-2022-FMMPPI;2879/2021-90;LEI_8.666;PREGÃO ELETRÔNICO;EXECUÇÃO DE PROJETO DE AQUISIÇÃO E ADAPTAÇÃO DAS INSTALAÇÕES NECESSÁRIAS P/UTILIZAÇÃO DE GERADOR;48.613.327/0001-65;HIDROMECÂNICA GERMEK LTDA;10/01/2022;10/01/2023;11/01/2026;-191;FORA DO PRAZO;FORA DO PRAZO;R$ 246.736,79;R$ 0,00;R$ 0,00;SIM;CPPT;226;CAROL CHAVES MESQUITA E FERREIRA;15037;JONAS FERREIRA PAZ;15450;ANTÔNIO MARCOS PESSOA;;-;77/2022;NÃO;-;SIM;1;SIM;1;MATERIAL PERMANENTE;NÃO;;;;
CONTRATO;2;2022;FMMPPI;CONTRATO-2-2022-FMMPPI;17750/2021-73;LEI_8.666;PREGÃO ELETRÔNICO;AQUISIÇÃO DE SWITCHES E ADAPTADORES GBIC;27.778.168/0001-89;K2 IT LTDA;11/01/2022;11/01/2023;11/01/2023;-1287;FORA DO PRAZO;FORA DO PRAZO;R$ 578.531,00;R$ 0,00;R$ 0,00;SIM;CTI;15379;JOÃO CARLOS BARBOSA DOS SANTOS;15807;ÍTALO GARCIA ARAÚJO NOGUEIRA;307;AIRTON ALVES MENDES DE MOURA;;-;78/2022;SIM;5% DO VALOR ANUAL ESTIMADO DO CONTRATO;NÃO;-;NÃO;-;MATERIAL PERMANENTE;NÃO;;;;
CONTRATO;1;2022;FEPDC;CONTRATO-1-2022-FEPDC;16504/2021-33;LEI_8.666;PREGÃO ELETRÔNICO;PRESTAÇÃO DE SERVIÇOS DE MONITORAMENTO E RASTREAMENTO DOS VEÍCULOS;00.090.021/0001-45;SISTEMA AVANÇADO DE SEGURANÇA ELETRÔNICA LTDA;11/01/2022;11/01/2026;11/01/2026;-191;FORA DO PRAZO;FORA DO PRAZO;R$ 9.298,80;R$ 0,00;R$ 29.048,04;SIM;CAA;310;GUILHERME SANTOS DE ANDRADE;;-;;-;;-;03/2024;NÃO;-;SIM;3;NÃO;-;SERVIÇOS;SIM;;;;
CONTRATO;1;2022;PGJ;CONTRATO-1-2022-PGJ;1456/2022-09;LEI_8.666;PREGÃO ELETRÔNICO;MANUTENÇÃO PREVENTIVA E CORRETIVA DE APARELHOS DE AR-CONDICIONADO;26.905.527/0001-59;VALDEMAR DA SILVA DO NASCIMENTO ME;31/01/2022;31/01/2023;31/01/2024;-902;FORA DO PRAZO;FORA DO PRAZO;R$ 8.110,00;R$ 0,00;R$ 8.110,00;NÃO;CAA;204;THIAGO NOGUEIRA DE SOUSA MARTINS ALMEIDA;20131;-;15037;JONAS FERREIRA PAZ;;-;1694/2023;NÃO;-;SIM;1;NÃO;-;SERVIÇO DE MANUTENÇÃO;SIM;;;;
NOTA DE EMPENHO;74;2022;PGJ;NOTA DE EMPENHO-74-2022-PGJ;1328/2022-70;LEI_8.666;DISPENSA;AQUISIÇÃO DE PEÇAS PARA 3ª (TERCEIRA) REVISÃO DE 10 (DEZ) VEÍCULOS NISSAN - VERSA DE PLACAS QRQ-3112, QRQ-3062, QRU-3341, QRU-3351, QRU-3361, QRU-3381, QRU-3441, QRU-3451, QRU-3461, QRU-3471, DE PROPRIEDADE DA PGJ;04.569.159/0001-82;JAPAN VEICULOS LTDA;01/02/2022;31/12/2022;31/12/2022;-1298;FORA DO PRAZO;FORA DO PRAZO;R$ 2.860,00;R$ 0,00;R$ 0,00;NÃO;CAA;15641;-;;-;;-;;-;-;NÃO;-;NÃO;-;NÃO;-;MATERIAL DE CONSUMO;NÃO;;;;
NOTA DE EMPENHO;75;2022;PGJ;NOTA DE EMPENHO-75-2022-PGJ;1328/2022-70;LEI_8.666;DISPENSA;SERVIÇOS DA 3ª (TERCEIRA) REVISÃO PARA OS 10 (DEZ) VEÍCULOS NISSAN - VERSA DE PLACAS QRQ-3112, QRQ-3062, QRU-3341, QRU-3351, QRU-3361, QRU-3381, QRU-3441, QRU-3451, QRU-3461, QRU-3471, DE PROPRIEDADE DA PGJ;04.569.159/0001-82;JAPAN VEICULOS LTDA;01/02/2022;31/12/2022;31/12/2022;-1298;FORA DO PRAZO;FORA DO PRAZO;R$ 1.760,00;R$ 0,00;R$ 0,00;NÃO;CAA;15641;-;;-;;-;;-;-;NÃO;-;NÃO;-;NÃO;-;SERVIÇOS;NÃO;;;;
CONTRATO;2;2022;PGJ;CONTRATO-2-2022-PGJ;1478/2022-94;LEI_8.666;PREGÃO ELETRÔNICO;PRESTAÇÃO DE SERVIÇOS DE MANUTENÇÃO PREVENTIVA E CORRETIVA, COM FORNECIMENTO DE PEÇAS, DE APARELHOS DE AR-CONDICIONADO TIPO SPLIT, BEBEDOURO, FRIGOBAR E GELADEIRA, BEM COMO PARA A INSTALAÇÃO, DESINSTALAÇÃO E SUBSTITUIÇÃO DE APARELHOS DE ARCONDICIONADO (TIPO SPLIT) DE PROPRIEDADE DO MPPI;07.111.745/0001-77;TOP AR CONDICIONADO LTDA;03/02/2022;03/02/2023;03/02/2024;-899;FORA DO PRAZO;FORA DO PRAZO;R$ 44.295,99;R$ 0,00;R$ 44.295,99;NÃO;CAA;204;THIAGO NOGUEIRA DE SOUSA MARTINS ALMEIDA;20131;-;15037;JONAS FERREIRA PAZ;;-;1694/2023;NÃO;-;SIM;1;NÃO;-;SERVIÇOS;SIM;;;;
CONTRATO;3;2022;PGJ;CONTRATO-3-2022-PGJ;9726/2021-23;LEI_8.666;PREGÃO ELETRÔNICO;CONTRATAÇÃO DE EMPRESA ESPECIALIZADA PARA O FORNECIMENTO DE SERVIÇO ANUAL DE SUBSCRIÇÃO DE SOLUÇÃO CORPORATIVA DE PROTEÇÃO DE DISPOSITIVOS, CONTEMPLANDO INSTALAÇÃO, CONFIGURAÇÃO, SUPORTE COM OPERAÇÃO ASSISTIDA E TRANSFERÊNCIA DE CONHECIMENTO, PROVENDO AO MPPI O AUMENTO DA PROTEÇÃO DE SEUS ATIVOS, DA EFICIÊNCIA E DO CONTROLE DE QUALIDADE DE SUAS OPERAÇÕES;11.038.368/0001-65;DISRUPTEC BRASIL LTDA;07/02/2022;07/02/2023;07/02/2027;201;EM VIGÊNCIA;EM VIGÊNCIA;R$ 417.600,00;R$ 0,00;R$ 1.909.970,85;SIM;CTI;294;MARCIEL FERREIRA LIMA;425;MARCOS MACIEL MARTINS BRITO;15807;ÍTALO GARCIA ARAÚJO NOGUEIRA;;-;359/2022;NÃO;-;SIM;4;NÃO;-;SERVIÇOS;SIM;;;;
CONTRATO;3;2022;FMMPPI;CONTRATO-3-2022-FMMPPI;10058/2021-67;LEI_8.666;PREGÃO ELETRÔNICO;SERVIÇO DE CONSERVAÇÃO E MANUTENÇÃO DE EDIFICAÇÕES, SOB DEMANDA (ADAPTAÇÕES COMPLEMENTARES EM SALA PARA ABRIGAR A 46º PROMOTORIA DE JUSTIÇA DE TERESINA;22.829.583/0001-09;ALTACON ENGENHARIA E CONSTRUTORA LTDA;09/02/2022;09/02/2023;09/02/2023;-1258;FORA DO PRAZO;FORA DO PRAZO;R$ 3.758,79;R$ 0,00;R$ 0,00;NÃO;CPPT;226;CAROL CHAVES MESQUITA E FERREIRA;;-;;-;;-;373/2022;NÃO;-;NÃO;-;NÃO;-;SERVIÇO DE MANUTENÇÃO;NÃO;;;;
CONTRATO;4;2022;PGJ;CONTRATO-4-2022-PGJ;13925/2021-36;LEI_8.666;PREGÃO ELETRÔNICO;SERVIÇOS DE RECARGA DE EXTINTORES DE INCÊNDIO;23.653.504/0001-06;EMPRESA J. P. BARBOSA E SILVA EIRELI;17/02/2022;17/02/2023;17/02/2027;211;EM VIGÊNCIA;EM VIGÊNCIA;R$ 11.970,00;R$ 0,00;R$ 55.721,31;NÃO;CAA;15450;ANTÔNIO MARCOS PESSOA;;-;;-;;-;459/2022;NÃO;-;SIM;4;SIM;1;SERVIÇOS;SIM;;;;
NOTA DE EMPENHO;123;2022;PGJ;NOTA DE EMPENHO-123-2022-PGJ;3361/2022-15;LEI_8.666;DISPENSA;"CURSO DE 20 HORAS PARA CAPACITAR PROMOTORES E SERVIDORES ACERCA DA TEMÁTICA ""PRÁTICA ELEITORAL DO MINISTÉRIO PÚBLICO PARA AS ELEIÇÕES DE 2022""";29.638.944/0001-70;SALES TREINAMENTO PROFISSIONAL E GERENCIAL LTDA;17/02/2022;31/12/2022;31/12/2022;-1298;FORA DO PRAZO;FORA DO PRAZO;R$ 12.000,00;R$ 0,00;R$ 0,00;NÃO;CEAF;378;ZÉLIA BEATRIZ MORAIS FERNANDES SOBRAL;;-;;-;;-;1457/2022;NÃO;-;NÃO;-;NÃO;-;SERVIÇOS;NÃO;;;;
CONTRATO;4;2022;FMMPPI;CONTRATO-4-2022-FMMPPI;0736/2022-49;LEI_8.666;PREGÃO ELETRÔNICO;AQUISIÇÃO DE MATERIAL PERMANENTE (REFRIGERADORES, APARELHOS DE AR CONDICIONADO, FRAGMENTADORES DE PAPEL, TELEVISORES E SUPORTES PARA TV);17.417.928/0001-79;VENTISOL DA AMAZÔNIA INDÚSTRIA DE APARELHOS ELÉTRICOS;23/02/2022;23/02/2023;23/02/2023;-1244;FORA DO PRAZO;FORA DO PRAZO;R$ 64.608,64;R$ 0,00;R$ 0,00;NÃO;CAA;307;AIRTON ALVES MENDES DE MOURA;;-;;-;;-;522/2022;NÃO;-;NÃO;-;NÃO;-;MATERIAL PERMANENTE;NÃO;;;;
CONTRATO;6;2022;PGJ;CONTRATO-6-2022-PGJ;12765/2021-62;LEI_8.666;PREGÃO ELETRÔNICO;MANUTENÇÃO PREVENTIVA E CORRETIVA DE ELEVADOR;21.169.089/0001-94;GRALHA ELEVADORES LTDA;14/03/2022;25/05/2027;25/05/2027;308;EM VIGÊNCIA;EM VIGÊNCIA;R$ 487.024,00;R$ 487.024,00;R$ 591.991,93;NÃO;CPPT;20120;LARISSA RAQUEL TEIXEIRA ALVES;;-;;-;;-;3139/2023;NÃO;-;SIM;1;NÃO;-;SERVIÇOS;SIM;;;;
CONTRATO;5;2022;PGJ;CONTRATO-5-2022-PGJ;5145/2021-28;LEI_8.666;PREGÃO ELETRÔNICO;SEGURO PREDIAL CONTRA INCÊNDIO E OUTROS INFORTÚNIOS;33.054.826/0001-92;COMPANHIA EXSELSIOR DE SEGUROS S.A;17/03/2022;17/03/2023;17/03/2023;-1222;FORA DO PRAZO;FORA DO PRAZO;R$ 4.960,00;R$ 0,00;R$ 0,00;NÃO;CAA;20026;FELIPE ARLLEM REZENDE;;-;;-;;-;756/2022;NÃO;-;NÃO;-;NÃO;-;SEGURO;SIM;;;;
NOTA DE EMPENHO;2011;2022;PGJ;NOTA DE EMPENHO-2011-2022-PGJ;4575/2022-27;LEI_8.666;DISPENSA;AQUISIÇÃO DE RECARGAS DE BOTIJÃO DE GÁS - BATALHA/PI;06.511.885/0010-60;COMÉRCIO CARVALHO LTDA;21/03/2022;31/12/2022;31/12/2022;-1298;FORA DO PRAZO;FORA DO PRAZO;R$ 327,00;R$ 0,00;R$ 0,00;NÃO;CAA;310;GUILHERME SANTOS DE ANDRADE;;-;;-;;-;802/2022;NÃO;-;NÃO;-;NÃO;-;MATERIAL DE CONSUMO;NÃO;;;;
CONTRATO;8;2022;PGJ;CONTRATO-8-2022-PGJ;7142/2022-73;LEI_8.666;PREGÃO ELETRÔNICO;AQUISIÇÃO DE MATERIAL DE CONSTRUÇÃO, MANUTENÇÃO PREDIAL, ESTRUTURAL E FERRAMENTAS ;07.239.237/0001-79;C L BESERRA & CIA LTDA EPP;22/03/2022;22/03/2023;22/03/2023;-1217;FORA DO PRAZO;FORA DO PRAZO;R$ 35.189,93;R$ 0,00;R$ 0,00;NÃO;CAA;20026;FELIPE ARLLEM REZENDE;;-;;-;;-;2745/2022;NÃO;-;NÃO;-;NÃO;-;MATERIAL DE CONSUMO;NÃO;;;;
CONTRATO;9;2022;PGJ;CONTRATO-9-2022-PGJ;7041/2022-84;LEI_8.666;PREGÃO ELETRÔNICO;AQUISIÇÃO DE MATERIAL DE CONSUMO (CAFÉ, AÇÚCAR, HIGIENE E LIMPEZA);07.239.237/0001-79;C L BESERRA & CIA LTDA EPP;24/03/2022;24/03/2023;24/03/2023;-1215;FORA DO PRAZO;FORA DO PRAZO;R$ 27.603,56;R$ 0,00;R$ 0,00;NÃO;CAA;173;ALCIVAN DA COSTA MARQUES;;-;;-;;-;848/2022;NÃO;-;NÃO;-;NÃO;-;MATERIAL DE CONSUMO;NÃO;;;;
CONTRATO;7;2022;PGJ;CONTRATO-7-2022-PGJ;15811/2021-39;LEI_8.666;DISPENSA;ELABORAÇÃO DO PLANO DE GERENCIAMENTO DE RESÍDUOS SÓLIDOS;42.402.309/0001-58;SUELMA DA SILVA SANTIAGO ME;23/03/2022;23/03/2023;23/03/2023;-1216;FORA DO PRAZO;FORA DO PRAZO;R$ 9.750,00;R$ 0,00;R$ 0,00;NÃO;CAA;20026;FELIPE ARLLEM REZENDE;;-;;-;;-;840/2022;NÃO;-;NÃO;-;NÃO;-;SERVIÇOS;NÃO;;;;
NOTA DE EMPENHO;239;2022;PGJ;NOTA DE EMPENHO-239-2022-PGJ;7734/2022-59;LEI_8.666;DISPENSA;VHAPAS DE ZINCO PARA REPAROS NO TELHADO DA PJ DE PARNAÍBA;34.922.743/0003-00;PIAUÍ MATERIAIS DE CONSTRUÇÕES LTDA;25/03/2022;31/12/2022;31/12/2022;-1298;FORA DO PRAZO;FORA DO PRAZO;R$ 3.400,00;R$ 0,00;R$ 0,00;NÃO;CAA;15037;JONAS FERREIRA PAZ;;-;;-;;-;869/2022;NÃO;-;NÃO;-;NÃO;-;MATERIAL PERMANENTE;NÃO;;;;
CONTRATO;10;2022;PGJ;CONTRATO-10-2022-PGJ;6664/2022-93;LEI_8.666;PREGÃO ELETRÔNICO;AQUISIÇÃO DE MOTOR P/ PORTÃO ELETRÔNICO;26.167.868/0001-74;WORLD CAM BRASIL ELETROELETRÔNICO EIRELI;29/03/2022;29/03/2023;29/03/2023;-1210;FORA DO PRAZO;FORA DO PRAZO;R$ 1.968,92;R$ 0,00;R$ 0,00;NÃO;CAA;307;AIRTON ALVES MENDES DE MOURA;;-;;-;;-;899/2022;NÃO;-;NÃO;-;NÃO;-;MATERIAL PERMANENTE;NÃO;;;;
NOTA DE EMPENHO;265;2022;PGJ;NOTA DE EMPENHO-265-2022-PGJ;7287/2022-63;LEI_8.666;INEXIGIBILIDADE;CAPACITAÇÃO SOBRE O PROCESSO DE ENTREVISTA DE ESCUTA ESPECIALIZADA DE CRIANÇAS E ADOLESCENTES VÍTIMAS E/OU TESTEMUNHAS DE VIOLÊNCIA;11.179.644/0001-05;KRETZER & COELHO DE ORGANIZAÇÃO DE FEIRAS LTDA;30/03/2022;31/12/2022;31/12/2022;-1298;FORA DO PRAZO;FORA DO PRAZO;R$ 1.775,00;R$ 0,00;R$ 0,00;NÃO;CAODIJ;165;JOSÉ CLAUDEIR BATISTA ALCÂNTARA;;-;;-;;-;925/2022;NÃO;-;NÃO;-;NÃO;-;SERVIÇOS;NÃO;;;;
CONTRATO;11;2022;PGJ;CONTRATO-11-2022-PGJ;6387/2022-53;LEI_8.666;PREGÃO ELETRÔNICO;SERVIÇOS CONTINUADOS DE MOTORISTA E RECEPCIONISTA;02.567.270/0001-04;CLAREAR COMÉRCIO E SERVIÇO DE MÃO DE OBRA - EIRELI;30/03/2022;01/04/2023;01/04/2026;-111;FORA DO PRAZO;FORA DO PRAZO;R$ 197.876,04;R$ 0,00;R$ 759.015,34;NÃO;CAA;173;ALCIVAN DA COSTA MARQUES;20259;JOSSELLINI DOS SANTOS SOUSA ;20269;FABIANA ROCHA AGUIAR NOGUEIRA;;-;4211/2025;SIM;-;SIM;2;NÃO;-;SERVIÇOS DE MÃO DE OBRA;SIM;;;;
NOTA DE EMPENHO;285;2022;PGJ;NOTA DE EMPENHO-285-2022-PGJ;6593/2022-84;LEI_8.666;DISPENSA;AQUISIÇÃO DE RECARGA DE BOTIJÃO DE GÁS;10.599.985/0001-77;M SIQUEIRA LTDA - CHAMA DISTRIBUIDORA;06/04/2022;31/12/2022;31/12/2022;-1298;FORA DO PRAZO;FORA DO PRAZO;R$ 244,00;R$ 0,00;R$ 0,00;NÃO;CAA;175;JERSON DE MACEDO REINALDO SILVA;;-;;-;;-;1016/2022;NÃO;-;NÃO;-;NÃO;-;MATERIAL DE CONSUMO;NÃO;;;;
CONTRATO;2;2022;FEPDC;CONTRATO-2-2022-FEPDC;5904/2022-06;LEI_8.666;PREGÃO ELETRÔNICO;AQUISIÇÃO DE MEMÓRIA RAM E DISCOS SÓLIDOS (SSD);30.426.527/0001-43;GYN COMÉRCIO DE PRODUTOS EM TI EIRELI;08/04/2022;08/04/2023;08/04/2023;-1200;FORA DO PRAZO;FORA DO PRAZO;R$ 59.664,00;R$ 0,00;R$ 0,00;SIM;CTI;15379;JOÃO CARLOS BARBOSA DOS SANTOS;;-;;-;;-;1050/2022;NÃO;-;NÃO;-;NÃO;-;MATERIAL PERMANENTE;NÃO;;;;
NOTA DE EMPENHO;282;2022;PGJ;NOTA DE EMPENHO-282-2022-PGJ;8817/2022-50;LEI_8.666;DISPENSA;AQUISIÇÃO DE RECARGA DE BOTIJÃO DE GÁS;08.015.714/0001-85;BALUZ & ALMEIDA LTDA ME;06/04/2022;31/12/2022;31/12/2022;-1298;FORA DO PRAZO;FORA DO PRAZO;R$ 480,00;R$ 0,00;R$ 0,00;NÃO;CAA;163;SÉRGIO PLÁCIDO DE SIQUEIRA;;-;;-;;-;1015/2022;NÃO;-;NÃO;-;NÃO;-;MATERIAL DE CONSUMO;NÃO;;;;
CONTRATO;12;2022;PGJ;CONTRATO-12-2022-PGJ;8392/2022-51;LEI_8.666;PREGÃO ELETRÔNICO;AQUISIÇÃO DE IMPRESSORAS MONOCROMÁTICAS E COLORIDAS;65.149.197/0002-51;REPREMIG - REPRESENTAÇÃO E COMÉRCIO DE MINAS GERAIS LTDA;14/04/2022;14/04/2023;14/04/2023;-1194;FORA DO PRAZO;FORA DO PRAZO;R$ 156.200,00;R$ 0,00;R$ 0,00;SIM;CTI;15379;JOÃO CARLOS BARBOSA DOS SANTOS;;-;;-;;-;1113/2022;NÃO;-;NÃO;-;NÃO;-;MATERIAL PERMANENTE;NÃO;;;;
CONTRATO;13;2022;PGJ;CONTRATO-13-2022-PGJ;8441/2022-86;LEI_8.666;PREGÃO ELETRÔNICO;AQUISIÇÃO DE SCANNERS;28.584.157/0003-92;METDATA TECNOLOGIA DA INFORMAÇÃO EIRELI;18/04/2022;18/04/2023;18/04/2023;-1190;FORA DO PRAZO;FORA DO PRAZO;R$ 159.870,00;R$ 0,00;R$ 0,00;SIM;CTI;15379;JOÃO CARLOS BARBOSA DOS SANTOS;;-;;-;;-;1120/2022;NÃO;-;NÃO;-;NÃO;-;MATERIAL PERMANENTE;NÃO;;;;
CONTRATO;14;2022;PGJ;CONTRATO-14-2022-PGJ;8824/2022-70;LEI_8.666;PREGÃO ELETRÔNICO;AQUISIÇÃO DE CÂMERAS, GRAVADORES E HD;04.503.070/0001-13;DINIZ TECNOLOGIA E SOLUCOES EIRELI EPP;20/04/2022;20/04/2023;20/04/2023;-1188;FORA DO PRAZO;FORA DO PRAZO;R$ 32.632,85;R$ 0,00;R$ 0,00;NÃO;CAA;307;AIRTON ALVES MENDES DE MOURA;;-;;-;;-;1155/2022;NÃO;-;NÃO;-;NÃO;-;MATERIAL PERMANENTE;NÃO;;;;
CONTRATO;6;2022;FMMPPI;CONTRATO-6-2022-FMMPPI;9607/2022-15;LEI_8.666;PREGÃO ELETRÔNICO;SERVIÇO DE CONSERVAÇÃO E MANUTENÇÃO PREDIAL (23ª PJ, 24ª PJ, PJ DA SAÚDE E CHEFIA DE GABINETE);22.829.583/0001-09;ALTACON ENGENHARIA E CONSTRUTORA LTDA;19/04/2022;19/04/2023;19/04/2023;-1189;FORA DO PRAZO;FORA DO PRAZO;R$ 52.813,23;R$ 0,00;R$ 0,00;NÃO;CPPT;15821;ANDRÉ CASTELO BRANCO RIBEIRO;;-;;-;;-;3446/2022;NÃO;-;SIM;2;NÃO;-;SERVIÇOS DE ENGENHARIA;NÃO;;;;
NOTA DE EMPENHO;325;2022;PGJ;NOTA DE EMPENHO-325-2022-PGJ;3110/2022-53;LEI_8.666;DISPENSA;AQUISIÇÃO DE BANDEIRAS;03.574.465/0001-44;VIDEBAND INDÚSTRIA E COMÉRCIO DE CONFECÇÕES EIRELI;18/04/2022;31/12/2022;31/12/2022;-1298;FORA DO PRAZO;FORA DO PRAZO;R$ 13.330,00;R$ 0,00;R$ 0,00;NÃO;CCS;15813;LÍCIA ALENCAR BOTELHO;;-;;-;;-;1159/2022;NÃO;-;NÃO;-;NÃO;-;MATERIAL DE CONSUMO;NÃO;;;;
CONTRATO;8;2022;FMMPPI;CONTRATO-8-2022-FMMPPI;8629/2022-97;LEI_8.666;PREGÃO ELETRÔNICO;AQUISIÇÃO DE MATERIAL PERMANENTE (SMART TV 58 A 60 POLEGADAS);65.149.197/0002-51;REPREMIG - REPRESENTAÇÃO E COMÉRCIO DE MINAS GERAIS LTDA;25/04/2022;25/04/2023;25/04/2023;-1183;FORA DO PRAZO;FORA DO PRAZO;R$ 14.500,00;R$ 0,00;R$ 0,00;NÃO;CAA;307;AIRTON ALVES MENDES DE MOURA;;-;;-;;-;1182/2022;NÃO;-;NÃO;-;NÃO;-;MATERIAL PERMANENTE;NÃO;;;;
CONTRATO;7;2022;FMMPPI;CONTRATO-7-2022-FMMPPI;8928/2022-32;LEI_8.666;PREGÃO ELETRÔNICO;AQUISIÇÃO DE SWITCHES E ADAPTADORES GBIC;27.778.168/0001-89;K2 IT LTDA;26/04/2022;26/04/2023;26/04/2023;-1182;FORA DO PRAZO;FORA DO PRAZO;R$ 455.623,00;R$ 0,00;R$ 0,00;NÃO;CTI;15379;JOÃO CARLOS BARBOSA DOS SANTOS;15807;ÍTALO GARCIA ARAÚJO NOGUEIRA;307;AIRTON ALVES MENDES DE MOURA;;-;1219/2022;SIM;SERÁ 5% DO VALOR ANUAL, EM ATÉ 20 DIAS ÚTEIS DA ASSINATURA DO CONTRATO;NÃO;-;NÃO;-;MATERIAL PERMANENTE;NÃO;;;;
CONTRATO;10;2022;FMMPPI;CONTRATO-10-2022-FMMPPI;10006/2022-69;LEI_8.666;PREGÃO ELETRÔNICO;AQUISIÇÃO DE MESAS E ARMÁRIOS;24.476.378/0001-24;2P COMÉRCIO E SERVIÇOS EM MÓVEIS EIRELI;28/04/2022;28/04/2023;28/04/2023;-1180;FORA DO PRAZO;FORA DO PRAZO;R$ 52.800,00;R$ 0,00;R$ 0,00;NÃO;CAA;307;AIRTON ALVES MENDES DE MOURA;;-;;-;;-;1245/2022;NÃO;-;NÃO;-;NÃO;-;MATERIAL PERMANENTE;NÃO;;;;
CONTRATO;5;2022;FMMPPI;CONTRATO-5-2022-FMMPPI;04034/2022-56;LEI_8.666;PREGÃO ELETRÔNICO;AQUISIÇÃO DE LICENÇA DE USO DO SOFTWARE ATLASSIAN CROWD;28.800.572/0001-74;TRICORDER INFORMÁTICA LTDA;27/04/2022;05/06/2023;05/06/2025;-411;FORA DO PRAZO;FORA DO PRAZO;R$ 63.600,00;R$ 0,00;R$ 132.102,41;NÃO;CTI;303;BRENO REIS DO NASCIMENTO;;-;;-;;-;1257/2022;NÃO;-;SIM;2;NÃO;-;SERVIÇOS DE TI;SIM;;;;
NOTA DE EMPENHO;363;2022;PGJ;NOTA DE EMPENHO-363-2022-PGJ;10243/2022-22;LEI_8.666;DISPENSA;AQUISIÇÃO DE KITS PARA TESTES DE GLICEMIA;10.645.510/0001-70;DISTRIBUIDORA DE MEDICAMENTOS SAUDE & VIDA LTDA;28/04/2022;31/12/2022;31/12/2022;-1298;FORA DO PRAZO;FORA DO PRAZO;R$ 439,04;R$ 0,00;R$ 0,00;NÃO;CAA;15450;ANTÔNIO MARCOS PESSOA;;-;;-;;-;1292/2022;NÃO;-;NÃO;-;NÃO;-;MATERIAL DE CONSUMO;NÃO;;;;
NOTA DE EMPENHO;370;2022;PGJ;NOTA DE EMPENHO-370-2022-PGJ;10005/2022-46;LEI_8.666;DISPENSA;AQUISIÇÃO DE 1.100 CANECAS DE PORCELANAS PERSONALIZADAS;42.231.347/0001-95;EMANUELLE ERICA AMORIM LIMA 02699695351 ME;29/04/2022;31/12/2022;31/12/2022;-1298;FORA DO PRAZO;FORA DO PRAZO;R$ 17.600,00;R$ 0,00;R$ 0,00;NÃO;CAA;15450;ANTÔNIO MARCOS PESSOA;;-;;-;;-;1305/2022;NÃO;-;NÃO;-;NÃO;-;MATERIAL DE CONSUMO;NÃO;;;;
CONTRATO;15;2022;PGJ;CONTRATO-15-2022-PGJ;10154/2022-35;LEI_8.666;PREGÃO ELETRÔNICO;AQUISIÇÃO DE ÁGUA MINERAL;63.505.812/0001-09;ROBEVALDO ALVES LIMA ME;03/05/2022;03/05/2023;03/05/2023;-1175;FORA DO PRAZO;FORA DO PRAZO;R$ 38.120,00;R$ 0,00;R$ 0,00;NÃO;CAA;20026;FELIPE ARLLEM REZENDE;;-;;-;;-;2732/2022;NÃO;-;NÃO;-;NÃO;-;MATERIAL DE CONSUMO;NÃO;;;;
CONTRATO;17;2022;PGJ;CONTRATO-17-2022-PGJ;10131/2022-74;LEI_8.666;PREGÃO ELETRÔNICO;AQUISIÇÃO DE ÁGUA MINERAL;09.491.099/0001-46;MARCOS A ARRUDA DE FIGUEIREDO ME;03/05/2022;03/05/2023;03/05/2023;-1175;FORA DO PRAZO;FORA DO PRAZO;R$ 36.112,00;R$ 0,00;R$ 0,00;NÃO;CAA;20026;FELIPE ARLLEM REZENDE;;-;;-;;-;2735/2022;NÃO;-;NÃO;-;NÃO;-;MATERIAL DE CONSUMO;NÃO;;;;
CONTRATO;16;2022;PGJ;CONTRATO-16-2022-PGJ;5122/2022-48;LEI_8.666;PREGÃO ELETRÔNICO;PRESTAÇÃO DE SERVIÇOS DE LOCAÇÃO DE VEÍCULOS (CAMINHÃO BAÚ);69.607.729/0001-27;J J E SILVA EIRELI EPP (SHALOM TURISMO);06/05/2022;06/05/2023;06/05/2023;-1172;FORA DO PRAZO;FORA DO PRAZO;R$ 27.996,50;R$ 0,00;R$ 0,00;NÃO;CAA;199;JONATAN SANTOS DE CASTRO;;-;;-;;-;3580/2022;NÃO;-;NÃO;-;NÃO;-;SERVIÇOS;NÃO;;;;
CONTRATO;11;2022;FMMPPI;CONTRATO-11-2022-FMMPPI;10965/2021-49;LEI_8.666;TOMADA DE PREÇOS;REFORMA DA SEDE DA PJ DE MIGEL ALVES;40.294.178/0001-07;RAGG ENGENHARIA LTDA ME;03/05/2022;03/05/2023;03/05/2023;-1175;FORA DO PRAZO;FORA DO PRAZO;R$ 59.882,71;R$ 0,00;R$ 0,00;SIM;CPPT;15821;ANDRÉ CASTELO BRANCO RIBEIRO;;-;;-;;-;3447/2022;NÃO;-;NÃO;-;NÃO;-;SERVIÇOS DE ENGENHARIA;NÃO;;;;
CONTRATO;4;2022;FEPDC;CONTRATO-4-2022-FEPDC;10007/2022-42;LEI_8.666;PREGÃO ELETRÔNICO;AQUISIÇÃO DE MATERIAL PERMANENTE (MESAS E GAVETEIROS);24.476.378/0001-24;2P COMÉRCIO E SERVIÇOS EM MÓVEIS EIRELI;11/05/2022;11/05/2023;11/05/2023;-1167;FORA DO PRAZO;FORA DO PRAZO;R$ 37.928,00;R$ 0,00;R$ 0,00;NÃO;CAA;307;AIRTON ALVES MENDES DE MOURA;;-;;-;;-;1449/2022;NÃO;-;NÃO;-;NÃO;-;MATERIAL PERMANENTE;NÃO;;;;
CONTRATO;3;2022;FEPDC;CONTRATO-3-2022-FEPDC;10009/2022-85;LEI_8.666;PREGÃO ELETRÔNICO;AQUISIÇÃO DE CADEIRAS;26.242.393/0001-33;HOMEOFFICE CADEIRAS LTDA ME;11/05/2022;11/05/2023;11/05/2023;-1167;FORA DO PRAZO;FORA DO PRAZO;R$ 62.734,50;R$ 0,00;R$ 0,00;NÃO;CAA;307;AIRTON ALVES MENDES DE MOURA;;-;;-;;-;1442/2022;NÃO;-;NÃO;-;NÃO;-;MATERIAL PERMANENTE;NÃO;;;;
CONTRATO;18;2022;PGJ;CONTRATO-18-2022-PGJ;10866/2022-79;LEI_8.666;PREGÃO ELETRÔNICO;PLACAS DE SINALIZAÇÃO;12.957.444/0001-07;EMPRESA FLEX PROJETOS E SISTEMAS LTDA;11/05/2022;11/05/2023;11/05/2023;-1167;FORA DO PRAZO;FORA DO PRAZO;R$ 22.720,00;R$ 0,00;R$ 0,00;NÃO;CAA;15450;ANTÔNIO MARCOS PESSOA;;-;;-;;-;1450/2022;NÃO;-;NÃO;-;NÃO;-;MATERIAL PERMANENTE;NÃO;;;;
CONTRATO;12;2022;FMMPPI;CONTRATO-12-2022-FMMPPI;11425/2022-11;LEI_8.666;PREGÃO ELETRÔNICO;MANUTENÇÃO PREDIAL - COBERTURA SEDE CENTRO E APLICAÇÃO DE PELÍCULA (GACEP E SECRETARIA GERAL ZL);22.829.583/0001-09;ALTACON ENGENHARIA E CONSTRUTORA LTDA;11/05/2022;11/05/2023;11/05/2023;-1167;FORA DO PRAZO;FORA DO PRAZO;R$ 21.939,97;R$ 0,00;R$ 0,00;SIM;CPPT;226;CAROL CHAVES MESQUITA E FERREIRA;;-;;-;;-;1458/2022;NÃO;-;NÃO;-;NÃO;-;SERVIÇO DE MANUTENÇÃO;NÃO;;;;
CONTRATO;19;2022;PGJ;CONTRATO-19-2022-PGJ;11901/2022-08;LEI_8.666;PREGÃO ELETRÔNICO;AQUISIÇÃO DE TONER P/ IMPRESSORAS;16.479.787/0001-56;SUPRYLASER SOLUÇÕES EMPRESARIAIS EIRELI​;12/05/2022;12/05/2023;12/05/2023;-1166;FORA DO PRAZO;FORA DO PRAZO;R$ 10.639,00;R$ 0,00;R$ 0,00;NÃO;CAA;173;ALCIVAN DA COSTA MARQUES;;-;;-;;-;1466/2022;NÃO;-;NÃO;-;NÃO;-;MATERIAL DE CONSUMO;NÃO;;;;
CONTRATO;9;2022;FMMPPI;CONTRATO-9-2022-FMMPPI;8078/2022-73;LEI_8.666;PREGÃO ELETRÔNICO;MANUTENÇÃO PREDIAL - SALAS DE ACORDOS DE NÃO PERSECUÇÃO PENAL;22.829.583/0001-09;ALTACON ENGENHARIA E CONSTRUTORA LTDA;12/05/2022;12/05/2023;12/05/2023;-1166;FORA DO PRAZO;FORA DO PRAZO;R$ 17.893,01;R$ 0,00;R$ 0,00;NÃO;CPPT;15821;ANDRÉ CASTELO BRANCO RIBEIRO;;-;;-;;-;3438/2022;NÃO;-;NÃO;-;NÃO;-;SERVIÇO DE MANUTENÇÃO;NÃO;;;;
NOTA DE EMPENHO;439;2022;PGJ;NOTA DE EMPENHO-439-2022-PGJ;11903/2022-22;LEI_8.666;DISPENSA;AQUISIÇÃO DE 3 RECARGAS DE GÁS PARA A PJ DE FLORIANO;10.509.527/0001-08;ADEX COMERCIO DE GAS LTDA ME;17/05/2022;31/12/2022;31/12/2022;-1298;FORA DO PRAZO;FORA DO PRAZO;R$ 360,00;R$ 0,00;R$ 0,00;NÃO;CAA;15747;YAGO COSTA SÁ;;-;;-;;-;1514/2022;NÃO;-;NÃO;-;NÃO;-;MATERIAL DE CONSUMO;NÃO;;;;
CONTRATO;21;2022;PGJ;CONTRATO-21-2022-PGJ;12731/2022-05;LEI_8.666;PREGÃO ELETRÔNICO;AQUISIÇÃO DE MATERIAL DE LIMPEZA E HIGIENE;07.239.237/0001-79;C L BESERRA & CIA LTDA EPP;19/05/2022;19/05/2023;19/05/2023;-1159;FORA DO PRAZO;FORA DO PRAZO;R$ 30.121,60;R$ 0,00;R$ 0,00;NÃO;CAA;20026;FELIPE ARLLEM REZENDE;;-;;-;;-;2745/2022;NÃO;-;NÃO;-;NÃO;-;MATERIAL DE CONSUMO;NÃO;;;;
CONTRATO;20;2022;PGJ;CONTRATO-20-2022-PGJ;12474/2022-57;LEI_8.666;PREGÃO ELETRÔNICO;AQUISIÇÃO DE MATERIAL DE CONSTRUÇÃO;26.569.874/0001-58;CELSO LUIZ MOREIRA DA COSTA EPP;19/05/2022;19/05/2023;19/05/2023;-1159;FORA DO PRAZO;FORA DO PRAZO;R$ 26.396,01;R$ 0,00;R$ 0,00;NÃO;CAA;20026;FELIPE ARLLEM REZENDE;;-;;-;;-;2726/2022;NÃO;-;NÃO;-;NÃO;-;MATERIAL DE CONSUMO;NÃO;;;;
NOTA DE EMPENHO;475;2022;PGJ;NOTA DE EMPENHO-475-2022-PGJ;10634/2022-69;LEI_8.666;DISPENSA;"CURSO DE CAPACITAÇÃO EM ""GESTÃO DE PESSOAS O LÍDER ENQUANTO GESTOR DE PESSOAS""";000.315.643-56;LARISSA MILHOMEM DE SOUSA;23/05/2022;31/12/2022;31/12/2022;-1298;FORA DO PRAZO;FORA DO PRAZO;R$ 2.760,00;R$ 0,00;R$ 0,00;NÃO;CEAF;378;ZÉLIA BEATRIZ MORAIS FERNANDES SOBRAL;;-;;-;;-;1545/2022;NÃO;-;NÃO;-;NÃO;-;SERVIÇOS;NÃO;;;;
CONTRATO;22;2022;PGJ;CONTRATO-22-2022-PGJ;6782/2021-68;LEI_8.666;PREGÃO ELETRÔNICO;SERVIÇO DE FIREWALL DE PRÓXIMA GERAÇÃO PARA SEGURANÇA DE INFORMAÇÃO;25.359.140/0001-81;ARVVO TECNOLOGIA, CONSULTORIA E SERVICOS LTDA;31/05/2022;31/05/2025;31/05/2026;-51;FORA DO PRAZO;FORA DO PRAZO;R$ 3.180.000,00;R$ 0,00;R$ 1.249.877,30;NÃO;CTI;15807;ÍTALO GARCIA ARAÚJO NOGUEIRA;425;MARCOS MACIEL MARTINS BRITO;294;MARCIEL FERREIRA LIMA;;-;1784/2022;NÃO;-;SIM;2;NÃO;-;SERVIÇOS DE TI;SIM;;;;
CONTRATO;16;2022;FMMPPI;CONTRATO-16-2022-FMMPPI;2019/2022-27;LEI_8.666;PREGÃO ELETRÔNICO;SERVIÇOS DE COBERTURAS METÁLICAS PARA ESTACIONAMENTOS (FLORIANO, PARNAÍBA E LUÍS CORREIRA);04.118.319/0001-77;FORTE CONSTRUCAO E TECNOLOGIA EIRELI ME;02/06/2022;02/06/2023;02/06/2023;-1145;FORA DO PRAZO;FORA DO PRAZO;R$ 104.373,11;R$ 0,00;R$ 0,00;SIM;CPPT;15821;ANDRÉ CASTELO BRANCO RIBEIRO;;-;;-;;-;1825/2022;NÃO;-;SIM;1;SIM;1;OBRA;NÃO;;;;
CONTRATO;23;2022;PGJ;CONTRATO-23-2022-PGJ;12322/2022-37;LEI_8.666;DISPENSA;FORNECIMENTO DE FLORES, ARRANJOS FLORAIS E COROAS FÚNEBRES;02.133.017/0001-42;FLORICULTURA NATUARTE LTDA;02/06/2022;02/06/2023;02/06/2023;-1145;FORA DO PRAZO;FORA DO PRAZO;R$ 15.510,00;R$ 0,00;R$ 0,00;NÃO;CCS;15813;LÍCIA ALENCAR BOTELHO;;-;;-;;-;1835/2022;NÃO;-;NÃO;-;NÃO;-;MATERIAL DE CONSUMO;NÃO;,;;;
NOTA DE EMPENHO;508;2022;PGJ;NOTA DE EMPENHO-508-2022-PGJ;12828/2022-67;LEI_8.666;DISPENSA;CONFECÇÃO, IMPRESSÃO, CORTE, CONTORNO E INSTALAÇÃO DE ADESIVOS PARA UMA VAN E DUAS DOBLÔS;16.667.447/0001-59;A NOGUEIRA E SILVA JUNIOR EPP;02/06/2022;31/12/2022;31/12/2022;-1298;FORA DO PRAZO;FORA DO PRAZO;R$ 2.600,00;R$ 0,00;R$ 0,00;NÃO;CAA;15641;-;;-;;-;;-;1850/2022;NÃO;-;NÃO;-;NÃO;-;MATERIAL DE CONSUMO;NÃO;;;;
NOTA DE EMPENHO;62;2022;FEPDC;NOTA DE EMPENHO-62-2022-FEPDC;12832/2022-56;LEI_8.666;DISPENSA;CONFECÇÃO, IMPRESSÃO, CORTE, CONTORNO E INSTALAÇÃO DE ADESIVOS PARA ÔNIBUS DO PROCON;16.667.447/0001-59;A NOGUEIRA E SILVA JUNIOR EPP;03/06/2022;31/12/2022;31/12/2022;-1298;FORA DO PRAZO;FORA DO PRAZO;R$ 3.550,00;R$ 0,00;R$ 0,00;NÃO;CAA;15641;-;;-;;-;;-;1851/2022;NÃO;-;NÃO;-;NÃO;-;MATERIAL DE CONSUMO;NÃO;;;;
CONTRATO;14;2022;FMMPPI;CONTRATO-14-2022-FMMPPI;13326/2022-94;LEI_8.666;PREGÃO ELETRÔNICO;SERVIÇO DE CONSERVAÇÃO E MANUTENÇÃO DE EDIFICAÇÕES EM MURO E CALÇADA DA SEDE DA PGJ DE PAULISTANA;04.645.099/0001-30;CONSTRUTORA PHX LTDA;24/05/2022;24/05/2023;03/11/2022;-1356;FORA DO PRAZO;FORA DO PRAZO;R$ 48.479,61;R$ 0,00;R$ 0,00;NÃO;CPPT;15821;ANDRÉ CASTELO BRANCO RIBEIRO;;-;;-;;-;1849/2022;NÃO;-;SIM;1;SIM;1;SERVIÇOS;NÃO;;;;
CONTRATO;15;2022;FMMPPI;CONTRATO-15-2022-FMMPPI;8912/2021-62;LEI_8.666;PREGÃO ELETRÔNICO;CONTRATAÇÃO DE EMPRESA ESPECIALIZADA PARA EXECUÇÃO DE IMPLANTAÇÃO DE PROJETO DO SISTEMA FOTOVOLTAICO DA SEDE DO MINISTÉRIO PÚBLICO DO ESTADO DO PIAUÍ,  ALOCADA NO ENDEREÇO RUA ÁLVARO MENDES, 2294 – CENTRO - TERESINA-PI;13.178.565/0001-05;R M C JALES DE CARVALHO EIRELI (DIGITAL CLIMATIZACAO & SOLAR);06/06/2022;06/06/2023;06/06/2023;-1141;FORA DO PRAZO;FORA DO PRAZO;R$ 220.000,00;R$ 0,00;R$ 0,00;SIM;CPPT;226;CAROL CHAVES MESQUITA E FERREIRA;15821;ANDRÉ CASTELO BRANCO RIBEIRO;411;DÊNIS ALEXANDRE TEIXEIRA DE SENA;;-;1779/2022;NÃO;-;NÃO;-;NÃO;-;OBRA;NÃO;;;;
NOTA DE EMPENHO;527;2022;PGJ;NOTA DE EMPENHO-527-2022-PGJ;13778/2022-60;LEI_8.666;DISPENSA;AQUISIÇÃO DE 30 RECARGAS DE GÁS PARA AS UNIDADES DO MPPI EM TERESINA;07.938.158/0001-56;S M DA SILVA ME (DISK IMPERIAL);07/06/2022;31/12/2022;31/12/2022;-1298;FORA DO PRAZO;FORA DO PRAZO;R$ 3.900,00;R$ 0,00;R$ 0,00;NÃO;CAA;20026;FELIPE ARLLEM REZENDE;;-;;-;;-;1901/2022;NÃO;-;NÃO;-;NÃO;-;MATERIAL DE CONSUMO;NÃO;;;;
CONTRATO;27;2022;PGJ;CONTRATO-27-2022-PGJ;12850/2022-90;LEI_8.666;PREGÃO ELETRÔNICO;FORNECIMENTO DE MATERIAL DE EXPEDIENTE DO MPPI;26.569.874/0001-58;CELSO LUIZ MOREIRA DA COSTA EPP;10/06/2022;10/06/2023;10/06/2023;-1137;FORA DO PRAZO;FORA DO PRAZO;R$ 12.812,20;R$ 0,00;R$ 0,00;NÃO;CAA;20026;FELIPE ARLLEM REZENDE;;-;;-;;-;1931/2022;NÃO;-;NÃO;-;NÃO;-;MATERIAL DE CONSUMO;NÃO;;;;
CONTRATO;24;2022;PGJ;CONTRATO-24-2022-PGJ;14210/2022-36;LEI_8.666;PREGÃO ELETRÔNICO;AQUISIÇÃO DE MATERIAL DE LIMPEZA, HIGIENE E COPA;09.491.099/0001-46;MARCOS A ARRUDA DE FIGUEIREDO ME;08/06/2022;08/06/2023;08/06/2023;-1139;FORA DO PRAZO;FORA DO PRAZO;R$ 64.876,35;R$ 0,00;R$ 0,00;NÃO;CAA;20026;FELIPE ARLLEM REZENDE;;-;;-;;-;1920/2022;NÃO;-;NÃO;-;NÃO;-;MATERIAL DE CONSUMO;NÃO;;;;
CONTRATO;25;2022;PGJ;CONTRATO-25-2022-PGJ;14209/2022-63;LEI_8.666;PREGÃO ELETRÔNICO;MATERIAL DE LIMPEZA, HIGIENE E COPA;22.879.212/0001-23;LUCYVALDO A PIAUILINO EPP;10/06/2022;10/06/2023;10/06/2023;-1137;FORA DO PRAZO;FORA DO PRAZO;R$ 73.191,54;R$ 0,00;R$ 0,00;NÃO;CAA;20026;FELIPE ARLLEM REZENDE;;-;;-;;-;1934/2022;NÃO;-;NÃO;-;NÃO;-;MATERIAL DE CONSUMO;NÃO;;;;
CONTRATO;26;2022;PGJ;CONTRATO-26-2022-PGJ;12481/2022-62;LEI_8.666;PREGÃO ELETRÔNICO;TONER PARA IMPRESSORAS;65.149.197/0002-51;REPREMIG - REPRESENTAÇÃO E COMÉRCIO DE MINAS GERAIS LTDA;10/06/2022;10/06/2023;10/06/2023;-1137;FORA DO PRAZO;FORA DO PRAZO;R$ 56.499,75;R$ 0,00;R$ 0,00;NÃO;CAA;20026;FELIPE ARLLEM REZENDE;;-;;-;;-;1937/2022;NÃO;-;NÃO;-;SIM;1;MATERIAL DE CONSUMO;NÃO;;;;
NOTA DE EMPENHO;553;2022;PGJ;NOTA DE EMPENHO-553-2022-PGJ;11830/2022-02;LEI_8.666;DISPENSA;CONTRATAÇÃO DE EMPRESA ESPECIALIZADA NA REALIZAÇÃO DE CURSOS DE CAPACITAÇÃO DE SERVIDORES DO MPPI QUE ATUAM NA ÁREA DE LICITAÇÕES E CONTRATOS ADMINISTRATIVOS;09.375.180/0001-60;PROFESSORA ANTONIETA CURSOS E CAPACITACAO PROFISSIONAL LTDA;10/06/2022;31/12/2022;31/12/2022;-1298;FORA DO PRAZO;FORA DO PRAZO;R$ 19.100,00;R$ 0,00;R$ 0,00;NÃO;CLC;207;-;;-;;-;;-;1932/2022;NÃO;-;NÃO;-;NÃO;-;SERVIÇOS;NÃO;;;;
CONTRATO;17;2022;FMMPPI;CONTRATO-17-2022-FMMPPI;8931/2022-48;LEI_8.666;PREGÃO ELETRÔNICO;AQUISIÇÃO DE LICENÇAS (MICROSOFT PREOJECT PLAN 3);15.134.644/0001-40;BRINOV TECNOLOGIA LTDA;14/06/2022;14/06/2023;14/06/2024;-767;FORA DO PRAZO;FORA DO PRAZO;R$ 4.120,00;R$ 0,00;R$ 4.292,42;SIM;CPPT;226;CAROL CHAVES MESQUITA E FERREIRA;;-;;-;;-;1993/2022;NÃO;-;SIM;1;NÃO;-;SERVIÇOS DE TI;SIM;;;;
NOTA DE EMPENHO;560;2022;PGJ;NOTA DE EMPENHO-560-2022-PGJ;14263/2021-28;LEI_8.666;DISPENSA;SERVIÇOS DE REFORMAS E ESTOFAMENTOS DE POLTRONAS E SOFÁS;30.179.232/0001-10;ROGÉRIO SILVA DE ARAÚJO 85788317215;13/06/2022;31/12/2022;31/12/2022;-1298;FORA DO PRAZO;FORA DO PRAZO;R$ 2.300,00;R$ 0,00;R$ 0,00;NÃO;CAA;15450;ANTÔNIO MARCOS PESSOA;;-;;-;;-;1977/2022;NÃO;-;NÃO;-;NÃO;-;SERVIÇOS;NÃO;;;;
NOTA DE EMPENHO;559;2022;PGJ;NOTA DE EMPENHO-559-2022-PGJ;13411/2022-40;LEI_8.666;DISPENSA;AQUISIÇÃO DE MAESTROS PARA BANDEIRAS;20.213.219/0001-86;PORTAL INDUSTRIA, SERVICO E COMERCIO DE CONFECCOES EIRELI ME;13/06/2022;31/12/2022;31/12/2022;-1298;FORA DO PRAZO;FORA DO PRAZO;R$ 3.075,00;R$ 0,00;R$ 0,00;NÃO;CAA;15450;ANTÔNIO MARCOS PESSOA;;-;;-;;-;1978/2022;NÃO;-;NÃO;-;NÃO;-;MATERIAL DE CONSUMO;NÃO;;;;
CONTRATO;28;2022;PGJ;CONTRATO-28-2022-PGJ;11645/2022-95;LEI_8.666;PREGÃO ELETRÔNICO;MATERIAL PERMANENTE - LETREIROS;35.210.098/0001-96;ARTSTICKER COMUNICAÇÃO VISUAL EIRELI-ME;22/06/2022;22/06/2023;22/06/2023;-1125;FORA DO PRAZO;FORA DO PRAZO;R$ 31.444,00;R$ 0,00;R$ 0,00;NÃO;CAA;15450;ANTÔNIO MARCOS PESSOA;;-;;-;;-;2060/2022;NÃO;-;NÃO;-;NÃO;-;MATERIAL DE CONSUMO;NÃO;;;;
NOTA DE EMPENHO;619;2022;PGJ;NOTA DE EMPENHO-619-2022-PGJ;15056/2022-82;LEI_8.666;DISPENSA;CURSO DE REDAÇÃO OFICIAL;03.778.391/0002-49;SERVICO NACIONAL DE APRENDIZAGEM COMERCIAL - SENAC;24/06/2022;31/12/2022;31/12/2022;-1298;FORA DO PRAZO;FORA DO PRAZO;R$ 3.260,00;R$ 0,00;R$ 0,00;NÃO;CEAF;378;ZÉLIA BEATRIZ MORAIS FERNANDES SOBRAL;;-;;-;;-;2164/2022;NÃO;-;NÃO;-;NÃO;-;SERVIÇOS;NÃO;;;;
NOTA DE EMPENHO;650;2022;PGJ;NOTA DE EMPENHO-650-2022-PGJ;15476/2022-30;LEI_8.666;INEXIGIBILIDADE;CURSO SOBRE IMPLANTAÇÃO DO SISTEMA REINF E DA DCTF;09.094.300/0001-51;OPEN TREINAMENTOS EMPRESARIAIS E EDITORA LTDA EPP;05/07/2022;31/12/2022;31/12/2022;-1298;FORA DO PRAZO;FORA DO PRAZO;R$ 21.000,00;R$ 0,00;R$ 0,00;NÃO;CCF;280;SÉRGIO ALVES NORONHA;;-;;-;;-;2333/2022;NÃO;-;NÃO;-;NÃO;-;SERVIÇOS;NÃO;;;;
CONTRATO;29;2022;PGJ;CONTRATO-29-2022-PGJ;18413/2021-22;LEI_8.666;DISPENSA;LOCAÇÃO DE IMÓVEL EM MONSENHOR GIL;482.198.603-59;JANE PESSOA LIMA;07/07/2022;07/07/2027;07/07/2027;351;EM VIGÊNCIA;EM VIGÊNCIA;R$ 126.000,00;R$ 126.000,00;R$ 126.000,00;NÃO;CPPT;20200;ÉRICA RAVENNE OLIVEIRA SANTOS SOUSA;;-;;-;;-;472/2024;NÃO;-;SIM;1;NÃO;-;LOCAÇÃO DE IMÓVEL;SIM;;;;
NOTA DE EMPENHO;667;2022;PGJ;NOTA DE EMPENHO-667-2022-PGJ;15907/2022-75;LEI_8.666;INEXIGIBILIDADE;CURSO DE CAPACITAÇÃO NOMINADO DE 'PSICOLOGIA JURÍDICA E LAUDOS PERICIAIS';70.953.385/0001-97;CICLO CEAP LTDA ME;08/07/2022;31/12/2022;31/12/2022;-1298;FORA DO PRAZO;FORA DO PRAZO;R$ 2.091,00;R$ 0,00;R$ 0,00;NÃO;CPPT;138;LIANDRA NOGUEIRA SOARES DA SILVA;;-;;-;;-;2400/2022;NÃO;-;NÃO;-;NÃO;-;SERVIÇOS;NÃO;;;;
NOTA DE EMPENHO;684;2022;PGJ;NOTA DE EMPENHO-684-2022-PGJ;14126/2022-12;LEI_8.666;DISPENSA;AQUISIÇÃO DE RECARGAS DE BOTIJÕES DE GÁS LIQUEFEITO DE PETRÓLEO  PARA ATENDER O NÚCLEO DA PROMOTORIA DE JOSÉ DE FREITAS;10.599.985/0002-58; M SIQUEIRA LTDA;13/07/2022;31/12/2022;31/12/2022;-1298;FORA DO PRAZO;FORA DO PRAZO;R$ 250,00;R$ 0,00;R$ 0,00;NÃO;CAA;15228;DIEGO PEREIRA SANTOS;;-;;-;;-;2441/2022;NÃO;-;NÃO;-;NÃO;-;MATERIAL DE CONSUMO;NÃO;;;;
CONTRATO;30;2022;PGJ;CONTRATO-30-2022-PGJ;18510/2022-45;LEI_8.666;PREGÃO ELETRÔNICO;AQUISIÇÃO DE ÁGUA MINERAL;63.505.812/0001-09;ROBEVALDO ALVES LIMA ME;15/07/2022;15/07/2023;15/07/2023;-1102;FORA DO PRAZO;FORA DO PRAZO;R$ 30.560,00;R$ 0,00;R$ 0,00;NÃO;CAA;20026;FELIPE ARLLEM REZENDE;;-;;-;;-;2481/2022;NÃO;-;NÃO;-;NÃO;-;MATERIAL DE CONSUMO;NÃO;;;;
NOTA DE EMPENHO;691;2022;PGJ;NOTA DE EMPENHO-691-2022-PGJ;18067/2022-71;LEI_8.666;DISPENSA;CURSO 'COMO INOVAR NOS PROCESSO DE TRABALHO E PESSOAS';39.885.858/0001-16;JANNAYNA P TAVARES & D D AZEVEDO TREINAMENTO LTDA ME;15/07/2022;31/12/2022;31/12/2022;-1298;FORA DO PRAZO;FORA DO PRAZO;R$ 7.800,00;R$ 0,00;R$ 0,00;NÃO;CEAF;15609;NINA ARAÚJO MELO LEAL;;-;;-;;-;2542/2022;NÃO;-;NÃO;-;NÃO;-;SERVIÇOS;NÃO;;;;
NOTA DE EMPENHO;739;2022;PGJ;NOTA DE EMPENHO-739-2022-PGJ;19478/2022-95;LEI_8.666;DISPENSA;CURSO 'ATENDIMENTO DE QUALIDADE NO SERVIÇO PÚBLICO';03.778.391/0002-49;SERVICO NACIONAL DE APRENDIZAGEM COMERCIAL - SENAC;21/07/2022;31/12/2022;31/12/2022;-1298;FORA DO PRAZO;FORA DO PRAZO;R$ 2.055,00;R$ 0,00;R$ 0,00;NÃO;CEAF;16318;VIVIANE MARIA DE PÁDUA RIOS MAGALHÃES;;-;;-;;-;2548/2022;NÃO;-;NÃO;-;NÃO;-;SERVIÇOS;NÃO;;;;
NOTA DE EMPENHO;703;2022;PGJ;NOTA DE EMPENHO-703-2022-PGJ;7264/2022-77;LEI_8.666;DISPENSA;AQUISIÇÃO DE GÁS PARA AMARANTE;06.053.066/0001-26;HERISVALDO NUNES DA COSTA ME;18/07/2022;31/12/2022;31/12/2022;-1298;FORA DO PRAZO;FORA DO PRAZO;R$ 375,00;R$ 0,00;R$ 0,00;NÃO;CAA;15549;NILSON CASTRO NETO;;-;;-;;-;2545/2022;NÃO;-;NÃO;-;NÃO;-;MATERIAL DE CONSUMO;NÃO;;;;
CONTRATO;35;2022;PGJ;CONTRATO-35-2022-PGJ;19013/2022-16;LEI_8.666;PREGÃO ELETRÔNICO; AQUISIÇÃO DE IMPRESSORAS MULTIFUNCIONAIS MONOCROMÁTICAS E COLORIDAS, IMPRESSORAS A3 E SCANNERS, PARA ATENDER A NECESSIDADE DAS UNIDADES E SETORES DO MPPI;65.149.197/0002-51;REPREMIG - REPRESENTAÇÃO E COMÉRCIO DE MINAS GERAIS LTDA;26/07/2022;26/07/2023;26/07/2023;-1091;FORA DO PRAZO;FORA DO PRAZO;R$ 5.100,00;R$ 0,00;R$ 0,00;SIM;CTI;15379;JOÃO CARLOS BARBOSA DOS SANTOS;;-;;-;;-;2607/2022;NÃO;-;NÃO;-;NÃO;-;MATERIAL DE CONSUMO;NÃO;;;;
CONTRATO;34;2022;PGJ;CONTRATO-34-2022-PGJ;18616/2022-43;LEI_8.666;PREGÃO ELETRÔNICO;FORNECIMENTO DE ALIMENTAÇÃO (CAFÉ DA MANHÃ, ALMOÇO/JANTAR, COFFEE-BREAK, COQUETEL, KIT LANCHE, INCLUINDO OS SERVIÇOS CORRELATOS E DE SUPORTE, LANCHES AVULSOS E ESPAÇO BUFFET - ESTABELECIMENTO NÃO PERTENCENTE AO MPPI);07.686.538/0001-40;L PINHEIRO MENDES DE SOUSA;27/07/2022;27/07/2023;27/07/2023;-1090;FORA DO PRAZO;FORA DO PRAZO;R$ 52.812,00;R$ 0,00;R$ 0,00;NÃO;CCS;15813;LÍCIA ALENCAR BOTELHO;;-;;-;;-; 2634/2022;NÃO;-;NÃO;-;NÃO;-;MATERIAL DE CONSUMO;NÃO;;;;
CONTRATO;32;2022;PGJ;CONTRATO-32-2022-PGJ;1493/2022-77;LEI_8.666;PREGÃO ELETRÔNICO;SERVIÇOS DE MANUTENÇÃO PREVENTIVA E CORRETIVA, COM FORNECIMENTO DE PEÇAS, DE APARELHOS D AR-CONDICIONADO TIPO SPLIT, BEBEDOURO, FRIGOBAR E GELADEIRA;09.344.418/0001-90;BONANZA COMERCIO SERVICOS INSTALACAO E MANUTENCAO ELETRICA EM GERAL LTDA ME;28/07/2022;28/07/2023;28/07/2023;-1089;FORA DO PRAZO;FORA DO PRAZO;R$ 34.400,00;R$ 0,00;R$ 0,00;NÃO;CAA;204;THIAGO NOGUEIRA DE SOUSA MARTINS ALMEIDA;20131;-;15037;JONAS FERREIRA PAZ;;-;1694/2023;NÃO;-;NÃO;-;NÃO;-;SERVIÇOS;SIM;;;;
NOTA DE EMPENHO;763;2022;PGJ;NOTA DE EMPENHO-763-2022-PGJ;15931/2022-79;LEI_8.666;DISPENSA;EQUIPAMENTO DE SOM;72.112.865/0001-50;PONTO ELETRONICO COM DE COMPONENTES ELETRONICOS LTDA EPP;28/07/2022;31/12/2022;31/12/2022;-1298;FORA DO PRAZO;FORA DO PRAZO;R$ 7.568,20;R$ 0,00;R$ 0,00;NÃO;CCS;122;SHAIANNA DA COSTA ARAÚJO;;-;;-;;-;2671/2022;NÃO;-;NÃO;-;NÃO;-;MATERIAL PERMANENTE;NÃO;;;;
NOTA DE EMPENHO;765;2022;PGJ;NOTA DE EMPENHO-765-2022-PGJ;15931/2022-79;LEI_8.666;DISPENSA;EQUIPAMENTO DE SOM;72.112.865/0001-50;PONTO ELETRONICO COM DE COMPONENTES ELETRONICOS LTDA EPP;28/07/2022;31/12/2022;31/12/2022;-1298;FORA DO PRAZO;FORA DO PRAZO;R$ 9.827,60;R$ 0,00;R$ 0,00;NÃO;CCS;122;SHAIANNA DA COSTA ARAÚJO;;-;;-;;-;2671/2022;NÃO;-;NÃO;-;NÃO;-;MATERIAL DE CONSUMO;NÃO;;;;
CONTRATO;33;2022;PGJ;CONTRATO-33-2022-PGJ;19148/2022-85;LEI_8.666;PREGÃO ELETRÔNICO;AQUISIÇÃO DE GÊNERO ALIMENTÍCIOS (CAPPUCCINO, PETA E BISCOITO);22.879.212/0001-23;LUCYVALDO A PIAUILINO EPP;26/07/2022;26/07/2023;26/07/2023;-1091;FORA DO PRAZO;FORA DO PRAZO;R$ 2.400,00;R$ 0,00;R$ 0,00;NÃO;CAA;20026;FELIPE ARLLEM REZENDE;;-;;-;;-;2600/2022;NÃO;-;NÃO;-;SIM;1;MATERIAL DE CONSUMO;NÃO;;;;
NOTA DE EMPENHO;784;2022;PGJ;NOTA DE EMPENHO-784-2022-PGJ;20217/2022-63;LEI_8.666;DISPENSA;CURSO E-SOCIAL PARA 15 SERVIDORES;27.927.188/0001-74;INSTITUTO DE EDUCAÇÃO EM RH LTDA;03/08/2022;31/12/2022;31/12/2022;-1298;FORA DO PRAZO;FORA DO PRAZO;R$ 11.300,00;R$ 0,00;R$ 0,00;NÃO;CCF;280;SÉRGIO ALVES NORONHA;;-;;-;;-;2723/2022;NÃO;-;NÃO;-;NÃO;-;SERVIÇOS;NÃO;;;;
CONTRATO;31;2022;PGJ;CONTRATO-31-2022-PGJ;18556/2022-14;LEI_8.666;PREGÃO ELETRÔNICO;CONTRATAÇÃO DE FORNECIMENTO DE ALIMENTAÇÃO (CAFÉ DA MANHÃ, ALMOÇO/JANTAR, COFFEE-BREAK, COQUETEL, KIT LANCHE, INCLUINDO OS SERVIÇOS CORRELATOS E DE SUPORTE, LANCHES AVULSOS) E ESPAÇO BUFFET;08.998.109/0001-71;ACESSO PRODUTOS ALIMENTICIOS EIRELI;05/08/2022;05/08/2023;05/08/2023;-1081;FORA DO PRAZO;FORA DO PRAZO;R$ 21.000,00;R$ 0,00;R$ 0,00;NÃO;CCS;15813;LÍCIA ALENCAR BOTELHO;;-;;-;;-;2759/2022;NÃO;-;NÃO;-;NÃO;-;MATERIAL DE CONSUMO;NÃO;;;;
CONTRATO;36;2022;PGJ;CONTRATO-36-2022-PGJ;7431/2021-95;LEI_8.666;PREGÃO ELETRÔNICO;SERVIÇO DE TELEFONIA FIXA COMUTADA IP;07.128.744/0001-35;DUO TELECOM LTDA;08/08/2022;08/08/2023;08/08/2027;383;EM VIGÊNCIA;EM VIGÊNCIA;R$ 548.547,20;R$ 0,00;R$ 1.949.832,00;NÃO;CTI;15807;ÍTALO GARCIA ARAÚJO NOGUEIRA;15379;JOÃO CARLOS BARBOSA DOS SANTOS;20259;JOSSELLINI DOS SANTOS SOUSA ;;-;4184/2024;NÃO;-;SIM;2;NÃO;-;SERVIÇOS;SIM;;;;
CONTRATO;37;2022;PGJ;CONTRATO-37-2022-PGJ;21261/2022-70;LEI_8.666;PREGÃO ELETRÔNICO;AQUISIÇÃO DE MATERIAL DE LIMPEZA, HIGIENE E COPA;09.491.099/0001-46;MARCOS A ARRUDA DE FIGUEIREDO ME;17/08/2022;17/08/2023;17/08/2023;-1069;FORA DO PRAZO;FORA DO PRAZO;R$ 26.008,60;R$ 0,00;R$ 0,00;NÃO;CAA;20026;FELIPE ARLLEM REZENDE;;-;;-;;-;2835/2022;NÃO;-;NÃO;-;NÃO;-;MATERIAL DE CONSUMO;NÃO;;;;
CONTRATO;19;2022;FMMPPI;CONTRATO-19-2022-FMMPPI;19661/2022-23;LEI_8.666;PREGÃO ELETRÔNICO;AQUISIÇÃO DE MATERIAL PERMANENTE (SMART TV LED 43 POLEGADAS).;29.520.946/0001-60;POLLIANA IOLANDA ASSUNCAO SILVA NUNES;17/08/2022;17/08/2023;17/08/2023;-1069;FORA DO PRAZO;FORA DO PRAZO;R$ 9.625,00;R$ 0,00;R$ 0,00;NÃO;CAA;307;AIRTON ALVES MENDES DE MOURA;;-;;-;;-;2831/2022;NÃO;-;NÃO;-;NÃO;-;MATERIAL DE CONSUMO;NÃO;;;;
CONTRATO;20;2022;FMMPPI;CONTRATO-20-2022-FMMPPI;19645/2022-67;LEI_8.666;PREGÃO ELETRÔNICO;AQUISIÇÃO DE MATERIAL PERMANENTE (FRAGMENTADORA). ;40.214.888/0001-80; CLS SERVIÇOS E ASSESSORIA LTDA;17/08/2022;17/08/2023;17/08/2023;-1069;FORA DO PRAZO;FORA DO PRAZO;R$ 8.786,39;R$ 0,00;R$ 0,00;NÃO;CAA;307;AIRTON ALVES MENDES DE MOURA;;-;;-;;-;2833/2022;NÃO;-;NÃO;-;NÃO;-;MATERIAL DE CONSUMO;NÃO;;;;
CONTRATO;38;2022;PGJ;CONTRATO-38-2022-PGJ;21164/2022-70;LEI_8.666;PREGÃO ELETRÔNICO;AQUISIÇÃO DE MATERIAL DE LIMPEZA, HGIENE E COPA PARA O MP-PI.;22.879.212/0001-23;LUCYVALDO A PIAUILINO EPP;19/08/2022;19/08/2023;19/08/2023;-1067;FORA DO PRAZO;FORA DO PRAZO;R$ 22.394,05;R$ 0,00;R$ 0,00;NÃO;CAA;20026;FELIPE ARLLEM REZENDE;;-;;-;;-;2845/2022;NÃO;-;NÃO;-;NÃO;-;MATERIAL DE CONSUMO;NÃO;;;;
NOTA DE EMPENHO;846;2022;PGJ;NOTA DE EMPENHO-846-2022-PGJ;20058/2022-21;LEI_8.666;DISPENSA;AQUISIÇÃO DE MATERIAL DE COZINHA E COPA;06.846.349/0001-25;JOSÉ ALVES NETO & CIA LTDA;19/08/2022;31/12/2022;31/12/2022;-1298;FORA DO PRAZO;FORA DO PRAZO;R$ 5.529,30;R$ 0,00;R$ 0,00;NÃO;CCS;15813;LÍCIA ALENCAR BOTELHO;;-;;-;;-;2876/2022;NÃO;-;NÃO;-;NÃO;-;MATERIAL DE CONSUMO;NÃO;;;;
CONTRATO;39;2022;PGJ;CONTRATO-39-2022-PGJ;13682/2022-35;LEI_8.666;DISPENSA;SERVIÇO DE AVALIAÇÃO DE IMÓVEIS;20.458.756/0001-96;PORTO IMOBILIÁRIA LTDA - ME;24/08/2022;24/08/2023;24/08/2023;-1062;FORA DO PRAZO;FORA DO PRAZO;R$ 7.200,00;R$ 0,00;R$ 0,00;NÃO;CPPT;15491;KELMER SAID MELO;;-;;-;;-;2933/2022;NÃO;-;NÃO;-;NÃO;-;SERVIÇOS;NÃO;;;;
CONTRATO;21;2022;FMMPPI;CONTRATO-21-2022-FMMPPI;20718/2022-56;LEI_8.666;PREGÃO ELETRÔNICO;SOLUÇÃO DE CÓPIA DE SEGURANÇA;25.359.140/0001-81;ARVVO TECNOLOGIA, CONSULTORIA E SERVICOS LTDA;24/08/2022;24/08/2025;24/08/2025;-331;FORA DO PRAZO;FORA DO PRAZO;R$ 3.592.000,00;R$ 0,00;R$ 36.631,17;NÃO;CTI;425;MARCOS MACIEL MARTINS BRITO;15807;ÍTALO GARCIA ARAÚJO NOGUEIRA;294;MARCIEL FERREIRA LIMA;;-;2932/2022;NÃO;-;NÃO;-;SIM;2;SERVIÇOS DE TI;SIM;;;;
CONTRATO;22;2022;FMMPPI;CONTRATO-22-2022-FMMPPI;21278/2022-14;LEI_8.666;PREGÃO ELETRÔNICO;AQUISIÇÃO DE PORTAIS DETECTORES DE METAL;94.260.742/0001-08;MAGNETEC INDUSTRIA ELETROELETRONICA EIRELI EPP;26/08/2022;26/08/2023;26/08/2023;-1060;FORA DO PRAZO;FORA DO PRAZO;R$ 59.999,60;R$ 0,00;R$ 0,00;NÃO;CAA;307;AIRTON ALVES MENDES DE MOURA;;-;;-;;-;2989/2022;NÃO;-;NÃO;-;NÃO;-;MATERIAL PERMANENTE;NÃO;;;;
CONTRATO;40;2022;PGJ;CONTRATO-40-2022-PGJ;22512/2022-49;LEI_8.666;PREGÃO ELETRÔNICO;AQUISIÇÃO DE CAFÉ E AÇÚCAR;09.491.099/0001-46;MARCOS A ARRUDA DE FIGUEIREDO ME;31/08/2022;31/08/2023;31/08/2023;-1055;FORA DO PRAZO;FORA DO PRAZO;R$ 19.930,00;R$ 0,00;R$ 0,00;NÃO;CAA;20026;FELIPE ARLLEM REZENDE;;-;;-;;-;3003/2022;NÃO;-;NÃO;-;NÃO;-;MATERIAL DE CONSUMO;NÃO;;;;
CONTRATO;42;2022;PGJ;CONTRATO-42-2022-PGJ;21147/2022-46;LEI_8.666;INEXIGIBILIDADE;AQUISIÇÃO DE 1 VOUCHER DE SERVIÇO AVANÇADO DE DESBLOQUEIO E EXTRAÇÃO DE DADOS A PARTIR DE DISPOSITIVOS MÓVEIS BLOQUEADOS POR SENHA;05.757.597/0002-18;TECHBIZ FORENSE DIGITAL LTDA;01/09/2022;01/09/2025;01/09/2025;-323;FORA DO PRAZO;FORA DO PRAZO;R$ 15.200,00;R$ 0,00;R$ 0,00;NÃO;CTI;335;THIAGO DE ARAÚJO COSTA SOARES;;-;;-;;-;3038/2022;NÃO;-;NÃO;-;NÃO;-;SERVIÇOS DE TI;NÃO;;;;
CONTRATO;25;2022;FMMPPI;CONTRATO-25-2022-FMMPPI;22491/2022-49;LEI_8.666;PREGÃO ELETRÔNICO;AQUISIÇÃO DE MATERIAL PERMANENTE (MONITOR);18.706.498/0001-78;THE BEST PRODUTOS ELETRONICOS EIRELI EPP;02/09/2022;02/09/2023;02/09/2023;-1053;FORA DO PRAZO;FORA DO PRAZO;R$ 7.800,00;R$ 0,00;R$ 0,00;NÃO;CAA;307;AIRTON ALVES MENDES DE MOURA;;-;;-;;-;3051/2022;NÃO;-;NÃO;-;NÃO;-;MATERIAL PERMANENTE;NÃO;;;;
CONTRATO;23;2022;FMMPPI;CONTRATO-23-2022-FMMPPI;22448/2022-46;LEI_8.666;PREGÃO ELETRÔNICO;AQUISIÇÃO DE MATERIAL PERMANENTE (REFRIGERADOR);27.975.551/0001-27;VANGUARDA INFORMATICA LTDA EPP;02/09/2022;02/09/2023;02/09/2023;-1053;FORA DO PRAZO;FORA DO PRAZO;R$ 10.154,62;R$ 0,00;R$ 0,00;NÃO;CAA;307;AIRTON ALVES MENDES DE MOURA;;-;;-;;-;3052/2022;NÃO;-;NÃO;-;NÃO;-;MATERIAL PERMANENTE;NÃO;;;;
CONTRATO;43;2022;PGJ;CONTRATO-43-2022-PGJ;22792/2022-55;LEI_8.666;PREGÃO ELETRÔNICO;AQUISIÇÃO DE MATERIAL DE EXPEDIENTE;07.239.237/0001-79;C L BESERRA & CIA LTDA EPP;02/09/2022;02/09/2023;02/09/2023;-1053;FORA DO PRAZO;FORA DO PRAZO;R$ 31.000,00;R$ 0,00;R$ 0,00;NÃO;CAA;20026;FELIPE ARLLEM REZENDE;;-;;-;;-;3047/2022;NÃO;-;NÃO;-;NÃO;-;MATERIAL DE CONSUMO;NÃO;;;;
CONTRATO;41;2022;PGJ;CONTRATO-41-2022-PGJ;22826/2022-10;LEI_8.666;PREGÃO ELETRÔNICO;AQUISIÇÃO DE MATERIAL DE MANUTENÇÃO E CONSTRUÇÃO;26.569.874/0001-58;CELSO LUIZ MOREIRA DA COSTA EPP;06/09/2022;06/09/2023;06/09/2023;-1049;FORA DO PRAZO;FORA DO PRAZO;R$ 42.638,21;R$ 0,00;R$ 0,00;NÃO;CAA;20026;FELIPE ARLLEM REZENDE;;-;;-;;-;3058/2022;NÃO;-;NÃO;-;NÃO;-;MATERIAL DE CONSUMO;NÃO;;;;
CONTRATO;5;2022;FEPDC;CONTRATO-5-2022-FEPDC;22790/2022-81;LEI_8.666;PREGÃO ELETRÔNICO;AQUISIÇÃO DE MONITORES;03.619.767/0005-15;TORINO INFORMÁTICA LTDA;05/09/2022;05/09/2023;05/09/2023;-1050;FORA DO PRAZO;FORA DO PRAZO;R$ 119.355,00;R$ 0,00;R$ 0,00;NÃO;CTI;15379;JOÃO CARLOS BARBOSA DOS SANTOS;;-;;-;;-;3053/2022;SIM;5% DO VALOR ANUAL ESTIMADO DO CONTRATO;NÃO;-;NÃO;-;MATERIAL PERMANENTE;NÃO;;;;
CONTRATO;24;2022;FMMPPI;CONTRATO-24-2022-FMMPPI;16352/2022-66;LEI_8.666;TOMADA DE PREÇOS;REFORMA E AMPLIAÇÃO DA SEDE DA PROMOTORIA DE JUSTIÇA DE MANOEL EMÍDIO;04.603.664/0001-04;V. M. PESSOA FEITOSA MONTEIRO;01/09/2022;01/09/2023;01/09/2023;-1054;FORA DO PRAZO;FORA DO PRAZO;R$ 132.100,99;R$ 0,00;R$ 0,00;NÃO;CPPT;15821;ANDRÉ CASTELO BRANCO RIBEIRO;;-;;-;;-;3057/2022;NÃO;-;NÃO;-;SIM;1;OBRA;NÃO;;;;
CONTRATO;6;2022;FEPDC;CONTRATO-6-2022-FEPDC;22754/2022-83;LEI_8.666;PREGÃO ELETRÔNICO;AQUISIÇÃO DE COMPUTADORES;07.275.920/0001-61;LENOVO TECNOLOGIA (BRASIL) LIMITADA;06/09/2022;06/09/2023;06/09/2023;-1049;FORA DO PRAZO;FORA DO PRAZO;R$ 2.098.596,00;R$ 0,00;R$ 0,00;NÃO;CTI;15379;JOÃO CARLOS BARBOSA DOS SANTOS;15807;ÍTALO GARCIA ARAÚJO NOGUEIRA;307;AIRTON ALVES MENDES DE MOURA;;-;3059/2022;SIM;5% DO VALOR ANUAL ESTIMADO DO CONTRATO;NÃO;-;NÃO;-;MATERIAL PERMANENTE;NÃO;;;;
CONTRATO;26;2022;FMMPPI;CONTRATO-26-2022-FMMPPI;22481/2022-28;LEI_8.666;PREGÃO ELETRÔNICO;AQUISIÇÃO DE REFRIGERADOR E BEBEDOURO;07.879.589/0001-99;CN JACOBINA -ME;15/09/2022;15/09/2023;15/09/2023;-1040;FORA DO PRAZO;FORA DO PRAZO;R$ 12.304,00;R$ 0,00;R$ 0,00;NÃO;CAA;307;AIRTON ALVES MENDES DE MOURA;;-;;-;;-;3109/2022;NÃO;-;NÃO;-;SIM;1;MATERIAL PERMANENTE;NÃO;;;;
CONTRATO;27;2022;FMMPPI;CONTRATO-27-2022-FMMPPI;23003/2022-46;LEI_8.666;PREGÃO ELETRÔNICO;AQUISIÇÃO DE AR CONDICIONADO;17.417.928/0001-79;VENTISOL DA AMAZÔNIA INDÚSTRIA DE APARELHOS ELÉTRICOS;19/09/2022;19/09/2023;19/09/2023;-1036;FORA DO PRAZO;FORA DO PRAZO;R$ 19.808,00;R$ 0,00;R$ 0,00;NÃO;CAA;15450;ANTÔNIO MARCOS PESSOA;;-;;-;;-;3170/2022;NÃO;-;NÃO;-;NÃO;-;MATERIAL PERMANENTE;NÃO;;;;
CONTRATO;7;2022;FEPDC;CONTRATO-7-2022-FEPDC;19638/2022-62;LEI_8.666;PREGÃO ELETRÔNICO;AQUISIÇÃO DE CÂMERA EOS DSLR COM LENTE;08.004.529/0001-95;FABIANA RIMES COSTA FERREIRA;15/09/2022;15/09/2023;15/09/2023;-1040;FORA DO PRAZO;FORA DO PRAZO;R$ 11.580,42;R$ 0,00;R$ 0,00;NÃO;CAA;307;AIRTON ALVES MENDES DE MOURA;;-;;-;;-;3131/2022;NÃO;-;NÃO;-;SIM;1;MATERIAL PERMANENTE;NÃO;;;;
CONTRATO;28;2022;FMMPPI;CONTRATO-28-2022-FMMPPI;22465/2022-72;LEI_8.666;PREGÃO ELETRÔNICO;AQUISIÇÃO DE MICRO-ONDAS E SUPORTE P/ TV;03.459.973/0001-81;G D DE SOUSA NETO EIRELI;20/09/2022;20/09/2023;20/09/2023;-1035;FORA DO PRAZO;FORA DO PRAZO;R$ 5.257,25;R$ 0,00;R$ 0,00;NÃO;CAA;307;AIRTON ALVES MENDES DE MOURA;;-;;-;;-;3181/2022;NÃO;-;NÃO;-;NÃO;-;MATERIAL PERMANENTE;NÃO;;;;
CONTRATO;29;2022;FMMPPI;CONTRATO-29-2022-FMMPPI;18762/2022-59;LEI_8.666;PREGÃO ELETRÔNICO;INSTALAÇÃO DE VIDRO E PINTURA NO GRINCOT;22.561.863/0001-70;MULTPAR SERVIÇOS DE CONSTRUÇÃO LTDA;21/09/2022;21/09/2023;21/09/2023;-1034;FORA DO PRAZO;FORA DO PRAZO;R$ 2.728,19;R$ 0,00;R$ 0,00;NÃO;CPPT;226;CAROL CHAVES MESQUITA E FERREIRA;;-;;-;;-;3204/2022;NÃO;-;NÃO;-;NÃO;-;SERVIÇOS;NÃO;;;;
CONTRATO;30;2022;FMMPPI;CONTRATO-30-2022-FMMPPI;24745/2022-47;LEI_8.666;PREGÃO ELETRÔNICO;FECHAMENTO DE ESQUADRIA E APLICAÇÃO DE PELÍCULA NAS JANELAS DO PLANEJAMENTO E CONTABILIDADE;22.561.863/0001-70;MULTPAR SERVIÇOS DE CONSTRUÇÃO LTDA;21/09/2022;21/09/2023;21/09/2023;-1034;FORA DO PRAZO;FORA DO PRAZO;R$ 1.131,69;R$ 0,00;R$ 0,00;NÃO;CPPT;226;CAROL CHAVES MESQUITA E FERREIRA;;-;;-;;-;3199/2022;NÃO;-;NÃO;-;NÃO;-;SERVIÇOS;NÃO;;;;
CONTRATO;44;2022;PGJ;CONTRATO-44-2022-PGJ;24876/2022-94;LEI_8.666;PREGÃO ELETRÔNICO;SERVIÇOS DE AGENCIAMENTO DE VIAGENS, ESPECIALIZADA EM EMISSÃO DE PASSAGENS AÉREAS NACIONAIS, COMPREENDENDO SERVIÇOS DE RESERVAS, MARCAÇÃO, CANCELAMENTO, REMARCAÇÃO, EMISSÃO;32.788.876/0001-30;ADALBERTO OLIVEIRA DE CARVALHO NETO ;23/09/2022;23/09/2023;23/09/2027;429;EM VIGÊNCIA;EM VIGÊNCIA;R$ 414.077,50;R$ 0,00;R$ 1.656.310,00;NÃO;CCS;15813;LÍCIA ALENCAR BOTELHO;;-;;-;;-;3222/2022;NÃO;-;SIM;1;SIM;1;SERVIÇOS;SIM;;;;
CONTRATO;46;2022;PGJ;CONTRATO-46-2022-PGJ;23749/2022-18;LEI_8.666;PREGÃO ELETRÔNICO;MATERIAL DE CONSTRUÇÃO E MANUTENÇÃO PREDIAL;07.239.237/0001-79;C L BESERRA & CIA LTDA EPP;23/09/2022;23/09/2023;23/09/2023;-1032;FORA DO PRAZO;FORA DO PRAZO;R$ 103.510,99;R$ 0,00;R$ 0,00;NÃO;CAA;20026;FELIPE ARLLEM REZENDE;;-;;-;;-;3221/2022;NÃO;-;NÃO;-;NÃO;-;MATERIAL DE CONSUMO;NÃO;;;;
CONTRATO;50;2022;PGJ;CONTRATO-50-2022-PGJ;25439/2022-75;LEI_8.666;PREGÃO ELETRÔNICO;AQUISIÇÃO DE MATERIAL DE LIMPEZA E HIGIENE;07.239.237/0001-79;C L BESERRA & CIA LTDA EPP;23/09/2022;23/09/2023;23/09/2023;-1032;FORA DO PRAZO;FORA DO PRAZO;R$ 14.038,50;R$ 0,00;R$ 0,00;NÃO;CAA;20026;FELIPE ARLLEM REZENDE;;-;;-;;-;3255/2022;NÃO;-;NÃO;-;NÃO;-;MATERIAL DE CONSUMO;NÃO;;;;
CONTRATO;51;2022;PGJ;CONTRATO-51-2022-PGJ;25498/2022-34;LEI_8.666;PREGÃO ELETRÔNICO;AQUISIÇÃO DE ÁGUA MINERAL;09.491.099/0001-46;MARCOS A ARRUDA DE FIGUEIREDO ME;24/09/2022;24/09/2023;24/09/2023;-1031;FORA DO PRAZO;FORA DO PRAZO;R$ 17.586,00;R$ 0,00;R$ 0,00;NÃO;CAA;20026;FELIPE ARLLEM REZENDE;;-;;-;;-;3250/2022;NÃO;-;NÃO;-;NÃO;-;MATERIAL DE CONSUMO;NÃO;;;;
CONTRATO;49;2022;PGJ;CONTRATO-49-2022-PGJ;25420/2022-06;LEI_8.666;PREGÃO ELETRÔNICO;AQUISIÇÃO DE CAFÉ E AÇÚCAR;09.491.099/0001-46;MARCOS A ARRUDA DE FIGUEIREDO ME;24/09/2022;24/09/2023;24/09/2023;-1031;FORA DO PRAZO;FORA DO PRAZO;R$ 19.300,00;R$ 0,00;R$ 0,00;NÃO;CAA;20026;FELIPE ARLLEM REZENDE;;-;;-;;-;3247/2022;NÃO;-;NÃO;-;NÃO;-;MATERIAL DE CONSUMO;NÃO;;;;
CONTRATO;31;2022;FMMPPI;CONTRATO-31-2022-FMMPPI;24772/2022-94;LEI_8.666;PREGÃO ELETRÔNICO;INSTALAÇÃO DE FUMÊ (42PJ, GAECO, 13PJ, GRINCOT, 23 E 24 PJ E SECSMP);22.561.863/0001-70;MULTPAR SERVIÇOS DE CONSTRUÇÃO LTDA;26/09/2022;26/09/2023;26/09/2023;-1029;FORA DO PRAZO;FORA DO PRAZO;R$ 878,51;R$ 0,00;R$ 0,00;NÃO;CPPT;226;CAROL CHAVES MESQUITA E FERREIRA;;-;;-;;-;3248/2022;NÃO;-;NÃO;-;NÃO;-;MATERIAL DE CONSUMO;NÃO;;;;
CONTRATO;32;2022;FMMPPI;CONTRATO-32-2022-FMMPPI;15669/2022-44;LEI_8.666;PREGÃO ELETRÔNICO;SERVIÇO DE MANUTENÇÃO PREDIAL (CASA DA CIDADANIA);22.561.863/0001-70;MULTPAR SERVIÇOS DE CONSTRUÇÃO LTDA;26/09/2022;26/09/2023;26/09/2023;-1029;FORA DO PRAZO;FORA DO PRAZO;R$ 2.316,17;R$ 0,00;R$ 0,00;NÃO;CPPT;226;CAROL CHAVES MESQUITA E FERREIRA;;-;;-;;-;3249/2022;NÃO;-;NÃO;-;NÃO;-;SERVIÇOS;NÃO;;;;
CONTRATO;47;2022;PGJ;CONTRATO-47-2022-PGJ;25448/2022-26;LEI_8.666;PREGÃO ELETRÔNICO;AQUISIÇÃO DE MATERIAL DE LIMPEZA, HIGIENE E COPA PARA O MP-PI;22.879.212/0001-23;LUCYVALDO A PIAUILINO EPP;27/09/2022;27/09/2023;27/09/2023;-1028;FORA DO PRAZO;FORA DO PRAZO;R$ 15.382,61;R$ 0,00;R$ 0,00;NÃO;CAA;20026;FELIPE ARLLEM REZENDE;;-;;-;;-;3268/2022;NÃO;-;NÃO;-;NÃO;-;MATERIAL DE CONSUMO;NÃO;;;;
CONTRATO;8;2022;FEPDC;CONTRATO-8-2022-FEPDC;2291/2022-65;LEI_8.666;PREGÃO ELETRÔNICO;SERVIÇOS SEM DEDICAÇÃO EXCLUSIVA DE MÃO DE OBRA DE EMPRESA TÉCNICA ESPECIALIZADA CAPAZ DE SUPRIR A NECESSIDADE DE UMA SOLUÇÃO INTEGRADA PARA O LABORATÓRIO MÓVEL DO PROCON/MP-PI;19.935.794/0001-03;ANALYSIS BRASIL LTDA;23/09/2022;23/09/2024;23/09/2027;429;EM VIGÊNCIA;EM VIGÊNCIA;R$ 739.560,00;R$ 0,00;R$ 1.109.340,00;NÃO;CAA;15830;BÁRBARA ALMEIDA DE SAMPAIO;;-;;-;;-;3264/2022;SIM;5% DO VALOR ANUAL ESTIMADO DO CONTRATO;SIM;1;SIM;1;SERVIÇOS;SIM;;;;
CONTRATO;45;2022;PGJ;CONTRATO-45-2022-PGJ;23845/2022-10;LEI_8.666;PREGÃO ELETRÔNICO;"
PRESTAÇÃO DE SERVIÇOS DE DEDETIZAÇÃO, DESRATIZAÇÃO E DESCUPINIZAÇÃO DAS SEDES DO MINISTÉRIO PÚBLICO DO ESTADO DO PIAUÍ
";12.839.383/0001-75;ALESSANDRO DE SIQUEIRA SANTOS;25/09/2022;25/09/2023;25/09/2025;-299;FORA DO PRAZO;FORA DO PRAZO;R$ 29.712,05;R$ 0,00;R$ 61.411,40;NÃO;CAA;15450;ANTÔNIO MARCOS PESSOA;;-;;-;;-; 3262/2022;NÃO;-;SIM;1;NÃO;-;SERVIÇOS;SIM;;;;
CONTRATO;48;2022;PGJ;CONTRATO-48-2022-PGJ;25493/2022-72;LEI_8.666;PREGÃO ELETRÔNICO;AQUISIÇÃO DE ÁGUA MINERAL PARA O MP-PI;63.505.812/0001-09;ROBEVALDO ALVES LIMA ME;28/09/2022;28/09/2023;28/09/2023;-1027;FORA DO PRAZO;FORA DO PRAZO;R$ 16.430,00;R$ 0,00;R$ 0,00;NÃO;CAA;20026;FELIPE ARLLEM REZENDE;;-;;-;;-;3288/2022;NÃO;-;NÃO;-;NÃO;-;MATERIAL DE CONSUMO;NÃO;;;;
CONTRATO;52;2022;PGJ;CONTRATO-52-2022-PGJ;25450/2022-69;LEI_8.666;PREGÃO ELETRÔNICO;AQUISIÇÃO DE MATERIAL DE LIMPEZA, HIGIENE E COPA, PARA O MP-PI;09.491.099/0001-46;MARCOS A ARRUDA DE FIGUEIREDO ME;26/09/2022;26/09/2023;26/09/2023;-1029;FORA DO PRAZO;FORA DO PRAZO;R$ 11.122,70;R$ 0,00;R$ 0,00;NÃO;CAA;20026;FELIPE ARLLEM REZENDE;;-;;-;;-;3293/2022;NÃO;-;NÃO;-;NÃO;-;MATERIAL DE CONSUMO;NÃO;;;;
CONTRATO;9;2022;FEPDC;CONTRATO-9-2022-FEPDC;26075/2022-44;LEI_8.666;PREGÃO ELETRÔNICO;AQUISIÇÃO DE 248 NOBREAKS;10.399.398/0002-15;ECCOPOWER SISTEMAS DE ENERGIA IMPORTAÇÃO, EXPORTAÇÃO EIRELI;30/09/2022;30/09/2023;30/09/2023;-1025;FORA DO PRAZO;FORA DO PRAZO;R$ 199.888,00;R$ 0,00;R$ 0,00;NÃO;CTI;15379;JOÃO CARLOS BARBOSA DOS SANTOS;15807;ÍTALO GARCIA ARAÚJO NOGUEIRA;307;AIRTON ALVES MENDES DE MOURA;;-;3352/2022;SIM;5% DO VALOR ANUAL ESTIMADO DO CONTRATO;NÃO;-;NÃO;-;MATERIAL PERMANENTE;NÃO;;;;
CONTRATO;54;2022;PGJ;CONTRATO-54-2022-PGJ;25816/2022-81;LEI_8.666;PREGÃO ELETRÔNICO;AQUISIÇÃO DE TONER PARA IMPRESSORAS;65.149.197/0002-51;REPREMIG - REPRESENTAÇÃO E COMÉRCIO DE MINAS GERAIS LTDA;29/09/2022;29/09/2023;29/09/2023;-1026;FORA DO PRAZO;FORA DO PRAZO;R$ 18.833,25;R$ 0,00;R$ 0,00;NÃO;CAA;20026;FELIPE ARLLEM REZENDE;;-;;-;;-;3334/2022;NÃO;-;NÃO;-;NÃO;-;MATERIAL DE CONSUMO;NÃO;;;;
NOTA DE EMPENHO;1083;2022;PGJ;NOTA DE EMPENHO-1083-2022-PGJ;25755/2022-34;LEI_8.666;INEXIGIBILIDADE;CONTRATAÇÃO DE CURSO ONLINE NO TEMA “PLATAFORMA + BRASIL COMPLETO”;"24.091.611/0001-50
";CADASTRE O FORNECEDOR;30/09/2022;30/09/2023;30/09/2023;-1025;FORA DO PRAZO;FORA DO PRAZO;R$ 6.600,00;R$ 0,00;R$ 0,00;NÃO;CAA;251;CLÉRISTON DE CASTRO RAMOS;;-;;-;;-;3344/2022;NÃO;-;NÃO;-;NÃO;-;SERVIÇOS;NÃO;;;;
NOTA DE EMPENHO;1080;2022;PGJ;NOTA DE EMPENHO-1080-2022-PGJ;25295/2022-14;LEI_8.666;DISPENSA;AQUISIÇÃO DE RECARGAS DE BOTIJÕES DE GÁS LIQUEFEITO DE PETRÓLEO 13 KG (GLP);01.921.903/0001-78;CASA NOVA GAS LTDA;29/09/2022;29/09/2023;29/09/2023;-1026;FORA DO PRAZO;FORA DO PRAZO;R$ 250,00;R$ 0,00;R$ 0,00;NÃO;CAA;502;-;;-;;-;;-;3316/2022;NÃO;-;NÃO;-;NÃO;-;MATERIAL DE CONSUMO;NÃO;;;;
CONTRATO;55;2022;PGJ;CONTRATO-55-2022-PGJ;25825/2022-32;LEI_8.666;PREGÃO ELETRÔNICO;AQUISIÇÃO DE TONER;16.479.787/0001-56;SUPRYLASER SOLUÇÕES EMPRESARIAIS EIRELI​;05/10/2022;05/10/2023;05/10/2023;-1020;FORA DO PRAZO;FORA DO PRAZO;R$ 5.561,00;R$ 0,00;R$ 0,00;NÃO;CAA;20026;FELIPE ARLLEM REZENDE;;-;;-;;-;3380/2022;NÃO;-;NÃO;-;NÃO;-;MATERIAL DE CONSUMO;NÃO;;;;
CONTRATO;33;2022;FMMPPI;CONTRATO-33-2022-FMMPPI;19884/2022-27;LEI_8.666;PREGÃO ELETRÔNICO;APLICAÇÃO DE PELÍCULA INSULFILM NAS PJS DE UNIÃO, CORRENTE, PAULISTANA E BOM JESUS;22.829.583/0001-09;ALTACON ENGENHARIA E CONSTRUTORA LTDA;18/10/2022;18/10/2023;18/10/2023;-1007;FORA DO PRAZO;FORA DO PRAZO;R$ 2.556,64;R$ 0,00;R$ 0,00;NÃO;CPPT;15821;ANDRÉ CASTELO BRANCO RIBEIRO;;-;;-;;-;3473/2022;NÃO;-;NÃO;-;NÃO;-;MATERIAL DE CONSUMO;NÃO;;;;
CONTRATO;58;2022;PGJ;CONTRATO-58-2022-PGJ;27393/2022-57;LEI_8.666;PREGÃO ELETRÔNICO;AQUISIÇÃO DE DISCO SSD 480GB SATA III;36.924.105/0001-84;WS INFORTEC COMERCIO LTDA ME;18/10/2022;18/10/2023;18/10/2023;-1007;FORA DO PRAZO;FORA DO PRAZO;R$ 65.340,00;R$ 0,00;R$ 0,00;NÃO;CTI;15379;JOÃO CARLOS BARBOSA DOS SANTOS;;-;;-;;-;3477/2022;NÃO;-;NÃO;-;NÃO;-;MATERIAL DE CONSUMO;NÃO;;;;
CONTRATO;59;2022;PGJ;CONTRATO-59-2022-PGJ;27396/2022-73;LEI_8.666;PREGÃO ELETRÔNICO;AQUISIÇÃO DE FILTROS DE LINHA;11.018.752/0001-04;EMBRASTEC INOVACOES TECNOLOGICAS LTDA;24/10/2022;24/10/2023;24/10/2023;-1001;FORA DO PRAZO;FORA DO PRAZO;R$ 2.685,50;R$ 0,00;R$ 0,00;NÃO;CTI;15379;JOÃO CARLOS BARBOSA DOS SANTOS;;-;;-;;-;3550/2022;NÃO;-;NÃO;-;NÃO;-;MATERIAL DE CONSUMO;NÃO;;;;
CONTRATO;57;2022;PGJ;CONTRATO-57-2022-PGJ;27413/2022-02;LEI_8.666;PREGÃO ELETRÔNICO;TECLADO AMPLIADO E COM BRAILLE;10.201.546/0001-64;COMÉRCIO DE MATERIAIS ESPORTIVO E EDUCATIVO CIVIAM LTDA;24/10/2022;24/10/2023;24/10/2023;-1001;FORA DO PRAZO;FORA DO PRAZO;R$ 468,00;R$ 0,00;R$ 0,00;NÃO;CTI;15379;JOÃO CARLOS BARBOSA DOS SANTOS;;-;;-;;-;3549/2022;NÃO;-;NÃO;-;NÃO;-;MATERIAL DE CONSUMO;NÃO;;;;
CONTRATO;53;2022;PGJ;CONTRATO-53-2022-PGJ;17600/2022-76;LEI_8.666;PREGÃO ELETRÔNICO;SERVIÇOS DE LINHA E1 PARA O GAECO;02.558.157/0001-62;TELEFÔNICA BRASIL S/A;24/10/2022;24/10/2023;24/10/2023;-1001;FORA DO PRAZO;FORA DO PRAZO;R$ 20.340,58;R$ 0,00;R$ 0,00;NÃO;CTI;335;THIAGO DE ARAÚJO COSTA SOARES;;-;;-;;-;3544/2022;NÃO;-;NÃO;-;SIM;1;SERVIÇOS DE TI;SIM;;;;
CONTRATO;62;2022;PGJ;CONTRATO-62-2022-PGJ;28212/2022-29;LEI_8.666;DISPENSA;FORNECIMENTO DE CRACHÁS FUNCIONAIS PARA OS SERVIDORES,ESTAGIÁRIOS E VISITANTES DO MPPI;11.495.792/0001-39;D. M. FERREIRA AMORIM;26/10/2022;26/10/2023;26/10/2023;-999;FORA DO PRAZO;FORA DO PRAZO;R$ 10.500,00;R$ 0,00;R$ 0,00;NÃO;CRH;287;SOLANGE DE OLIVEIRA COSTA;;-;;-;;-;3600/2022;NÃO;-;NÃO;-;NÃO;-;MATERIAL DE CONSUMO;NÃO;;;;
CONTRATO;63;2022;PGJ;CONTRATO-63-2022-PGJ;27443/2022-65;LEI_8.666;PREGÃO ELETRÔNICO;AQUISIÇÃO DE MEMÓRIA RAM;28.184.495/0001-75;EMPRESA W R DO CARMO INFORMATICA ;26/10/2022;26/10/2023;26/10/2023;-999;FORA DO PRAZO;FORA DO PRAZO;R$ 22.473,88;R$ 0,00;R$ 0,00;NÃO;CTI;259;-;;-;;-;;-;3597/2022;NÃO;-;NÃO;-;NÃO;-;MATERIAL DE CONSUMO;NÃO;;;;
CONTRATO;61;2022;PGJ;CONTRATO-61-2022-PGJ;27394/2022-30;LEI_8.666;PREGÃO ELETRÔNICO;AQUISIÇÃO DE HEADSETS USB;17.775.469/0001-03;EMPRESA ALZOTEC INFORMATICA;27/10/2022;27/10/2023;27/10/2023;-998;FORA DO PRAZO;FORA DO PRAZO;R$ 47.732,00;R$ 0,00;R$ 0,00;NÃO;CTI;259;-;;-;;-;;-;3596/2022;NÃO;-;NÃO;-;NÃO;-;MATERIAL DE CONSUMO;NÃO;;;;
CONTRATO;60;2022;PGJ;CONTRATO-60-2022-PGJ;27389/2022-68;LEI_8.666;PREGÃO ELETRÔNICO;AQUISIÇÃO DE TECLADO USB E MOUSE USB.;14.065.989/0001-26;CONTIGO SOLUÇÕES PARA GESTÃO PUBLICA LTDA;28/10/2022;28/10/2023;28/10/2023;-997;FORA DO PRAZO;FORA DO PRAZO;R$ 1.582,20;R$ 0,00;R$ 0,00;NÃO;CTI;259;-;;-;;-;;-;3660/2022;NÃO;-;NÃO;-;NÃO;-;MATERIAL DE CONSUMO;NÃO;;;;
CONTRATO;64;2022;PGJ;CONTRATO-64-2022-PGJ;25063/2022-07;LEI_8.666;PREGÃO ELETRÔNICO;SERVIÇOS TERCEIRIZADOS DE BOMBEIRO, CARREGADOR, OFFICE BOY;02.567.270/0001-04;CLAREAR COMÉRCIO E SERVIÇO DE MÃO DE OBRA - EIRELI;28/10/2022;01/11/2023;01/05/2026;-81;FORA DO PRAZO;FORA DO PRAZO;R$ 3.969.634,44;R$ 0,00;R$ 14.383.927,00;NÃO;CAA;173;ALCIVAN DA COSTA MARQUES;20259;JOSSELLINI DOS SANTOS SOUSA ;20269;FABIANA ROCHA AGUIAR NOGUEIRA;;-;4211/2025;SIM;5% DO VALOR TOTAL DO CONTRATO;SIM;3;SIM;1;SERVIÇOS DE MÃO DE OBRA;SIM;;;;
NOTA DE EMPENHO;1220;2022;PGJ;NOTA DE EMPENHO-1220-2022-PGJ;20337/2022-69;LEI_8.666;INEXIGIBILIDADE;CURSO DE CAPACITAÇÃO LICITAÇÕES E CONTRATOS;06.207.694/0001-19;HUMANT DESENVOLVIMENTO PROFISSIONAL LTDA;03/11/2022;03/11/2023;03/11/2023;-991;FORA DO PRAZO;FORA DO PRAZO;R$ 57.600,00;R$ 0,00;R$ 0,00;NÃO;CI;370;DOUGLAS RIBEIRO MACHADO MACIEL;;-;;-;;-;3685/2022;NÃO;-;NÃO;-;NÃO;-;SERVIÇOS;NÃO;;;;
CONTRATO;13;2022;FMMPPI;CONTRATO-13-2022-FMMPPI;10008/2022-15;LEI_8.666;PREGÃO ELETRÔNICO;AQUISIÇÃO DE CADEIRAS;26.242.393/0001-33;HOMEOFFICE CADEIRAS LTDA ME;04/11/2022;04/11/2023;04/11/2023;-990;FORA DO PRAZO;FORA DO PRAZO;R$ 117.285,25;R$ 0,00;R$ 0,00;NÃO;CAA;307;AIRTON ALVES MENDES DE MOURA;;-;;-;;-;3684/2022;NÃO;-;NÃO;-;NÃO;-;MATERIAL PERMANENTE;NÃO;;;;
NOTA DE EMPENHO;1219;2022;PGJ;NOTA DE EMPENHO-1219-2022-PGJ;27355/2022-91;LEI_8.666;DISPENSA;SERVIÇOS DE CRIAÇÃO E INSTALAÇÃO DE CENÁRIO DE ESTÚDIO DE TELEVISÃO;24.127.588/0001-07;LIVIO FONTINELES DE ARAUJO ME (PADRONIZE CENTRO DE IMPRESSOES);03/11/2022;03/11/2023;03/11/2023;-991;FORA DO PRAZO;FORA DO PRAZO;R$ 14.740,00;R$ 0,00;R$ 0,00;NÃO;CCS;122;SHAIANNA DA COSTA ARAÚJO;;-;;-;;-;3687/2022;NÃO;-;NÃO;-;NÃO;-;SERVIÇOS;NÃO;;;;
CONTRATO;65;2022;PGJ;CONTRATO-65-2022-PGJ;28447/2022-95;LEI_8.666;PREGÃO ELETRÔNICO;AQUISIÇÃO DE CAMISETAS;43.166.956/0001-70;GS FARDAMENTOS;07/11/2022;07/11/2023;07/11/2023;-987;FORA DO PRAZO;FORA DO PRAZO;R$ 13.535,00;R$ 0,00;R$ 0,00;NÃO;CCS;122;SHAIANNA DA COSTA ARAÚJO;;-;;-;;-;3701/2022;NÃO;-;NÃO;-;NÃO;-;MATERIAL DE CONSUMO;NÃO;;;;
CONTRATO;67;2022;PGJ;CONTRATO-67-2022-PGJ;28395/2022-44;LEI_8.666;PREGÃO ELETRÔNICO;CONFECÇÃO DE CAMISETAS;42.232.475/0001-53;F. J DA SILVA ARTIGOS VESTUÁRIO E ACESSÓRIOS;09/11/2022;09/11/2023;09/11/2023;-985;FORA DO PRAZO;FORA DO PRAZO;R$ 6.000,00;R$ 0,00;R$ 0,00;NÃO;CCS;122;SHAIANNA DA COSTA ARAÚJO;;-;;-;;-;3740/2022;NÃO;-;NÃO;-;NÃO;-;MATERIAL DE CONSUMO;NÃO;;;;
NOTA DE EMPENHO;1247;2022;PGJ;NOTA DE EMPENHO-1247-2022-PGJ;28040/2022-32;LEI_8.666;DISPENSA;AQUISIÇÃO DE GÁS CORRENTE;15.513.525/0001-06;FLORA GAS LTDA EPP;08/11/2022;08/11/2023;08/11/2023;-986;FORA DO PRAZO;FORA DO PRAZO;R$ 432,00;R$ 0,00;R$ 0,00;NÃO;CAA;376;-;;-;;-;;-;3728/2022;NÃO;-;NÃO;-;NÃO;-;MATERIAL DE CONSUMO;NÃO;;;;
CONTRATO;66;2022;PGJ;CONTRATO-66-2022-PGJ;18413/2022-92;LEI_8.666;DISPENSA;SERVIÇOS DE INTERPRETAÇÃO SIMULTÂNEA EM LÍNGUA BRASILEIRA DE SINAIS (LIBRAS) NOS EVENTOS DO MINISTÉRIO PÚBLICO DO ESTADO DO PIAUÍ;36.260.417/0001-30;ANDRESSA PATRICIA ALVES SOUSA 05965486308;02/12/2022;02/12/2023;02/12/2023;-962;FORA DO PRAZO;FORA DO PRAZO;R$ 16.200,00;R$ 0,00;R$ 0,00;NÃO;CCS;15653;GABRYELA SOTERO DE OLIVEIRA;;-;;-;;-;3739/2022;NÃO;-;NÃO;-;NÃO;-;SERVIÇOS;NÃO;;;;
NOTA DE EMPENHO;1284;2022;PGJ;NOTA DE EMPENHO-1284-2022-PGJ;27174/2022-39;LEI_8.666;DISPENSA;AQUISIÇÃO DE RECARGA DE GÁS PARA LUIS CORREIA;34.163.996/0001-78;C R DE CARVALHO SOUSA LTDA;16/11/2022;16/11/2023;16/11/2023;-978;FORA DO PRAZO;FORA DO PRAZO;R$ 330,00;R$ 0,00;R$ 0,00;NÃO;CAA;15438;-;;-;;-;;-;3826/2022;NÃO;-;NÃO;-;NÃO;-;MATERIAL DE CONSUMO;NÃO;;;;
NOTA DE EMPENHO;1273;2022;PGJ;NOTA DE EMPENHO-1273-2022-PGJ;22789/2022-57;LEI_8.666;DISPENSA;AQUISIÇÃO DE RECARGA DE GÁS PARA REGENERAÇÃO;06.053.066/0001-26;HERISVALDO NUNES DA COSTA ME;14/11/2022;14/11/2023;14/11/2023;-980;FORA DO PRAZO;FORA DO PRAZO;R$ 351,00;R$ 0,00;R$ 0,00;NÃO;CAA;15240;LUIZ AUGUSTO SOARES DOS SANTOS;;-;;-;;-;3837/2022;NÃO;-;NÃO;-;NÃO;-;MATERIAL DE CONSUMO;NÃO;;;;
CONTRATO;34;2022;FMMPPI;CONTRATO-34-2022-FMMPPI;6097/2022-16;LEI_8.666;TOMADA DE PREÇOS;CONTRATAÇÃO DE EMPRESA ESPECIALIZADA PARA VIABILIZAR A EXECUÇÃO DA OBRA DE IMPLANTAÇÃO DA NOVA SEDE DA PROMOTORIA DE JUSTIÇA DE PEDRO II NO PIAUÍ;22.829.583/0001-09;ALTACON ENGENHARIA E CONSTRUTORA LTDA;22/11/2022;22/11/2023;22/11/2023;-972;FORA DO PRAZO;FORA DO PRAZO;R$ 1.497.528,28;R$ 0,00;R$ 8.566,31;NÃO;CPPT;15821;ANDRÉ CASTELO BRANCO RIBEIRO;;-;;-;;-;3874/2022;SIM;3%;NÃO;-;SIM;1;OBRA;NÃO;;;;
CONTRATO;35;2022;FMMPPI;CONTRATO-35-2022-FMMPPI;28047/2022-36;LEI_8.666;PREGÃO ELETRÔNICO;MANUTENÇÃO PREDIAL NAS SALAS DA ANPP, SQVT, PROCON, 29ª E 12ª PJ;22.561.863/0001-70;MULTPAR SERVIÇOS DE CONSTRUÇÃO LTDA;18/11/2022;18/11/2023;18/11/2023;-976;FORA DO PRAZO;FORA DO PRAZO;R$ 47.956,77;R$ 0,00;R$ 0,00;NÃO;CPPT;226;CAROL CHAVES MESQUITA E FERREIRA;;-;;-;;-;3870/2022;NÃO;-;NÃO;-;NÃO;-;SERVIÇOS;NÃO;;;;
NOTA DE EMPENHO;1377;2022;PGJ;NOTA DE EMPENHO-1377-2022-PGJ;30451/2022-36;LEI_8.666;INEXIGIBILIDADE;CURSO IMPLEMENTAÇÃO DA NOVA LEI DE LICITAÇÃO EM MUNICÍPIOS;86.781.069/0001-15;ZENITE EDITORA;28/11/2022;31/12/2022;31/12/2022;-1298;FORA DO PRAZO;FORA DO PRAZO;R$ 20.681,60;R$ 0,00;R$ 0,00;NÃO;CLC;207;-;;-;;-;;-;3954/2022;NÃO;-;NÃO;-;NÃO;-;SERVIÇOS;NÃO;;;;
NOTA DE EMPENHO;1380;2022;PGJ;NOTA DE EMPENHO-1380-2022-PGJ;29679/2022-20;LEI_8.666;DISPENSA;CONFECÇÃO DE LETREIRO;42.231.347/0001-95;EMANUELLE ERICA AMORIM LIMA 02699695351 ME;29/11/2022;29/11/2023;29/11/2023;-965;FORA DO PRAZO;FORA DO PRAZO;R$ 17.561,60;R$ 0,00;R$ 0,00;NÃO;CAA;15450;ANTÔNIO MARCOS PESSOA;;-;;-;;-;3990/2022;NÃO;-;NÃO;-;NÃO;-;MATERIAL DE CONSUMO;NÃO;;;;
CONTRATO;10;2022;FEPDC;CONTRATO-10-2022-FEPDC;8958/2022-87;LEI_8.666;PREGÃO ELETRÔNICO;CONTRATAÇÃO DE EMPRESA  ESPECIALIZADA PARA PRESTAÇÃO DE SERVIÇOS DE TELEFONIA MÓVEL PESSSOAL E SERVIÇOS DE DADOS;02.558.157/0001-62;TELEFÔNICA BRASIL S/A;05/12/2022;15/01/2025;15/01/2028;543;EM VIGÊNCIA;EM VIGÊNCIA;R$ 48.720,00;R$ 0,00;R$ 75.967,92;NÃO;CAA;16566;EDIVAR CRUZ CARVALHO;;-;;-;;-;4023/2022;NÃO;-;SIM;1;SIM;1;TELEFONIA;SIM;;;;
CONTRATO;68;2022;PGJ;CONTRATO-68-2022-PGJ;29023/2022-78;LEI_8.666;PREGÃO ELETRÔNICO;CONTRATAÇÃO DE EMPRESA  ESPECIALIZADA PARA PRESTAÇÃO DE SERVIÇOS DE TELEFONIA MÓVEL PESSSOAL E SERVIÇOS DE DADOS;02.558.157/0001-62;TELEFÔNICA BRASIL S/A;05/12/2022;01/02/2025;01/02/2028;560;EM VIGÊNCIA;EM VIGÊNCIA;R$ 696.000,00;R$ 0,00;R$ 1.161.223,92;NÃO;CAA;213;ENNIO RICELLI SANTOS SOUSA;307;AIRTON ALVES MENDES DE MOURA;15450;ANTÔNIO MARCOS PESSOA;;-;4024/2022;NÃO;-;SIM;1;NÃO;-;SERVIÇOS DE TI;SIM;;;;
CONTRATO;71;2022;PGJ;CONTRATO-71-2022-PGJ;32820/2022-26;LEI_8.666;PREGÃO ELETRÔNICO;AQUISIÇÃO DE MATERIAL DE LIMPEZA E HIGIENE;07.239.237/0001-79;C L BESERRA & CIA LTDA EPP;07/12/2022;07/12/2023;07/12/2023;-957;FORA DO PRAZO;FORA DO PRAZO;R$ 5.009,45;R$ 0,00;R$ 0,00;NÃO;CAA;20026;FELIPE ARLLEM REZENDE;;-;;-;;-;4059/2022;NÃO;-;NÃO;-;NÃO;-;MATERIAL DE CONSUMO;NÃO;;;;
CONTRATO;72;2022;PGJ;CONTRATO-72-2022-PGJ;32838/2022-25;LEI_8.666;PREGÃO ELETRÔNICO;AQUISIÇÃO DE ÁGUA MINERAL;63.505.812/0001-09;ROBEVALDO ALVES LIMA ME;07/12/2022;07/12/2023;07/12/2023;-957;FORA DO PRAZO;FORA DO PRAZO;R$ 9.365,00;R$ 0,00;R$ 0,00;NÃO;CAA;20026;FELIPE ARLLEM REZENDE;;-;;-;;-;4062/2022;NÃO;-;NÃO;-;NÃO;-;MATERIAL DE CONSUMO;NÃO;;;;
CONTRATO;70;2022;PGJ;CONTRATO-70-2022-PGJ;32832/2022-90;LEI_8.666;PREGÃO ELETRÔNICO;AQUISIÇÃO DE MATERIAL DE LIMPEZA, HIGIENE E COPA;22.879.212/0001-23;LUCYVALDO A PIAUILINO EPP;07/12/2022;07/12/2023;07/12/2023;-957;FORA DO PRAZO;FORA DO PRAZO;R$ 10.476,20;R$ 0,00;R$ 0,00;NÃO;CAA;20026;FELIPE ARLLEM REZENDE;;-;;-;;-;4060/2022;NÃO;-;NÃO;-;NÃO;-;MATERIAL DE CONSUMO;NÃO;;;;
CONTRATO;73;2022;PGJ;CONTRATO-73-2022-PGJ;32841/2022-41;LEI_8.666;PREGÃO ELETRÔNICO;AQUISIÇÃO DE ÁGUA MINERAL;09.491.099/0001-46;MARCOS A ARRUDA DE FIGUEIREDO ME;08/12/2022;08/12/2023;08/12/2023;-956;FORA DO PRAZO;FORA DO PRAZO;R$ 5.687,00;R$ 0,00;R$ 0,00;NÃO;CAA;20026;FELIPE ARLLEM REZENDE;;-;;-;;-;4079/2022;NÃO;-;NÃO;-;NÃO;-;MATERIAL DE CONSUMO;NÃO;;;;
CONTRATO;74;2022;PGJ;CONTRATO-74-2022-PGJ;32836/2022-79;LEI_8.666;PREGÃO ELETRÔNICO;AQUISIÇÃO DE MATERIAL DE HIGIENE E COPA ;09.491.099/0001-46;MARCOS A ARRUDA DE FIGUEIREDO ME;08/12/2022;08/12/2023;08/12/2023;-956;FORA DO PRAZO;FORA DO PRAZO;R$ 5.432,80;R$ 0,00;R$ 0,00;NÃO;CAA;20026;FELIPE ARLLEM REZENDE;;-;;-;;-;4078/2022;NÃO;-;NÃO;-;NÃO;-;MATERIAL DE CONSUMO;NÃO;;;;
NOTA DE EMPENHO;1485;2022;PGJ;NOTA DE EMPENHO-1485-2022-PGJ;28164/2022-12;LEI_8.666;DISPENSA;AQUISIÇÃO DE RECARGAS DE BOTIJÃO DE GÁS - OEIRAS/PI;10.587.606/0015-24;SAMUEL LACERDA SILVA;13/12/2022;12/12/2023;12/12/2023;-952;FORA DO PRAZO;FORA DO PRAZO;R$ 360,00;R$ 0,00;R$ 0,00;NÃO;CAA;295;GILSON SOUSA DOS SANTOS;;-;;-;;-;4191/2022;NÃO;-;NÃO;-;NÃO;-;MATERIAL DE CONSUMO;NÃO;;;;
NOTA DE EMPENHO;1489;2022;PGJ;NOTA DE EMPENHO-1489-2022-PGJ;32900/2022-97;LEI_8.666;DISPENSA;AQUISIÇÃO DE RECARGAS DE BOTIJÃO DE GÁS - TERESINA/PI;18.169.832/0001-00;L MAGALHAES NASCIMENTO ME;15/12/2022;15/12/2023;15/12/2023;-949;FORA DO PRAZO;FORA DO PRAZO;R$ 6.500,00;R$ 0,00;R$ 0,00;NÃO;CAA;20026;FELIPE ARLLEM REZENDE;;-;;-;;-;4207/2022;NÃO;-;NÃO;-;NÃO;-;MATERIAL DE CONSUMO;NÃO;;;;
NOTA DE EMPENHO;1479;2022;PGJ;NOTA DE EMPENHO-1479-2022-PGJ;28756/2022-12;LEI_8.666;DISPENSA;FORNECIMENTO DE PLANTAS ORNAMENTAIS E SERVIÇO DE JARDINAGEM DAS PLANTAS ORNAMENTAIS;02.133.017/0001-42;CADASTRE O FORNECEDOR;13/12/2022;13/12/2023;13/12/2023;-951;FORA DO PRAZO;FORA DO PRAZO;R$ 6.180,00;R$ 0,00;R$ 0,00;NÃO;CAA;15450;ANTÔNIO MARCOS PESSOA;;-;;-;;-;4173/2022;NÃO;-;NÃO;-;NÃO;-;MATERIAL DE CONSUMO;NÃO;;;;
CONTRATO;69;2022;PGJ;CONTRATO-69-2022-PGJ;0725/2022-14;LEI_8.666;INEXIGIBILIDADE;CONTRATAÇÃO PARA PRESTAÇÃO DO SERVIÇO DE ACESSO A PLATAFORMA JURÍDICA DE PESQUISA ONLINE JUS BRASIL PRO;07.112.529/0001-46;GOSHME SOLUCOES PARA A INTERNET LTDA;19/12/2022;19/12/2023;19/12/2026;151;INICIAR RENOVAÇÃO;EM VIGÊNCIA;R$ 91.080,00;R$ 0,00;R$ 276.804,00;NÃO;CAA;266;DANIEL RIBEIRO MARQUES;;-;;-;;-;33/2023;NÃO;-;SIM;2;NÃO;-;CURSOS;SIM;;;;
CONTRATO;1;2023;PGJ;CONTRATO-1-2023-PGJ;34170/2022-95;LEI_8.666;PREGÃO ELETRÔNICO;CONTRATAÇÃO DE SERVIÇO DE CONFECÇÃO DE AGENDAS INSTITUCIONAIS;03.930.566/0001-00;ODIMILSOM ALVES PEREIRA ‑ EPP;10/01/2023;10/01/2024;10/01/2024;-923;FORA DO PRAZO;FORA DO PRAZO;R$ 39.994,92;R$ 0,00;R$ 0,00;NÃO;CCS;122;SHAIANNA DA COSTA ARAÚJO;;-;;-;;-;80/2023;NÃO;-;NÃO;-;NÃO;-;MATERIAL DE CONSUMO;NÃO;;;;
CONTRATO;5;2023;PGJ;CONTRATO-5-2023-PGJ;33295/2022-05;LEI_8.666;PREGÃO ELETRÔNICO;AQUISIÇÃO DE MATERIAL DE CONTRUÇÃO E MANUTENÇÃO PREDIAL ;07.239.237/0001-79;C L BESERRA & CIA LTDA EPP;10/01/2023;10/01/2024;10/01/2024;-923;FORA DO PRAZO;FORA DO PRAZO;R$ 20.219,84;R$ 0,00;R$ 0,00;NÃO;CAA;20026;FELIPE ARLLEM REZENDE;;-;;-;;-;86/2023;NÃO;-;NÃO;-;NÃO;-;MATERIAL DE CONSUMO;NÃO;;;;
CONTRATO;1;2023;FMMPPI;CONTRATO-1-2023-FMMPPI;33836/2022-97;LEI_8.666;PREGÃO ELETRÔNICO;CONTRATAÇÃO PARA MANUTENÇÃO DE EDIFICAÇÕES;22.561.863/0001-70;MULTPAR SERVIÇOS DE CONSTRUÇÃO LTDA;10/01/2023;10/01/2024;10/01/2024;-923;FORA DO PRAZO;FORA DO PRAZO;R$ 49.075,65;R$ 0,00;R$ 0,00;NÃO;CPPT;226;CAROL CHAVES MESQUITA E FERREIRA;;-;;-;;-;78/2023;NÃO;-;NÃO;-;NÃO;-;SERVIÇO DE MANUTENÇÃO - ENGENHARIA;NÃO;;;;
CONTRATO;2;2023;FMMPPI;CONTRATO-2-2023-FMMPPI;32606/2022-36;LEI_8.666;PREGÃO ELETRÔNICO;CONTRATAÇÃO DE EMPRESA ESPECIALIZADA NA PRESTAÇÃO DE SERVIÇOS DE CONSERVAÇÃO E MANUTENÇÃO DE EDIFICAÇÕES ;22.829.583/0001-09;ALTACON ENGENHARIA E CONSTRUTORA LTDA;12/01/2023;12/01/2024;12/01/2024;-921;FORA DO PRAZO;FORA DO PRAZO;R$ 21.609,25;R$ 0,00;R$ 0,00;NÃO;CPPT;15821;ANDRÉ CASTELO BRANCO RIBEIRO;;-;;-;;-;96/2023;NÃO;-;NÃO;-;NÃO;-;SERVIÇO DE MANUTENÇÃO - ENGENHARIA;NÃO;;;;
CONTRATO;3;2023;PGJ;CONTRATO-3-2023-PGJ;30651/2022-70;LEI_8.666;INEXIGIBILIDADE;LICENÇAS PARA ACESSO A 1200 CURSOS;05.555.382/0001-33;AOVS SISTEMAS DE INFORMÁTICA S/A;11/01/2023;11/01/2024;11/01/2024;-922;FORA DO PRAZO;FORA DO PRAZO;R$ 12.000,00;R$ 0,00;R$ 0,00;NÃO;CTI;15807;ÍTALO GARCIA ARAÚJO NOGUEIRA;;-;;-;;-;94/2023;NÃO;-;NÃO;-;SIM;1;SERVIÇOS DE TI;SIM;;;;
CONTRATO;3;2023;FMMPPI;CONTRATO-3-2023-FMMPPI;32356/2022-93;LEI_8.666;PREGÃO ELETRÔNICO;SERVIÇO DE CONSERVAÇÃO E MANUTENÇÃO DA PJ DE BARRAS;22.829.583/0001-09;ALTACON ENGENHARIA E CONSTRUTORA LTDA;12/01/2023;12/01/2024;12/01/2024;-921;FORA DO PRAZO;FORA DO PRAZO;R$ 21.654,92;R$ 0,00;R$ 0,00;NÃO;CPPT;15821;ANDRÉ CASTELO BRANCO RIBEIRO;;-;;-;;-;97/2023;NÃO;-;NÃO;-;NÃO;-;SERVIÇO DE MANUTENÇÃO - ENGENHARIA;NÃO;;;;
CONTRATO;4;2023;FMMPPI;CONTRATO-4-2023-FMMPPI;34051/2022-32;LEI_8.666;PREGÃO ELETRÔNICO;AQUISIÇÃO DE 11 COMPUTADORES DESKTOP - WORKSTATIONS;46.314.581/0001-37;GARTEN TÉCNICA E COMÉRCIO LTDA;17/01/2023;17/01/2024;17/01/2024;-916;FORA DO PRAZO;FORA DO PRAZO;R$ 134.970,00;R$ 0,00;R$ 0,00;NÃO;CTI;15379;JOÃO CARLOS BARBOSA DOS SANTOS;15807;ÍTALO GARCIA ARAÚJO NOGUEIRA;307;AIRTON ALVES MENDES DE MOURA;;-;117/2023;SIM;5% DO VALOR TOTAL DO CONTRATO, COM ENTREGA EM NO MÁXIMO 10 DIAS ÚTEIS DA ASSINATURA DO CONTRATO;NÃO;-;NÃO;-;MATERIAL PERMANENTE;NÃO;;;;
CONTRATO;4;2023;PGJ;CONTRATO-4-2023-PGJ;34225/2022-87;LEI_8.666;ADESÃO;AQUISIÇÃO DE COMPUTADORES ATRAVÉS DA ADESÃO Nº 03/2022 DO FMMP;07.275.920/0001-61;LENOVO TECNOLOGIA (BRASIL) LIMITADA;17/01/2023;17/01/2024;17/01/2024;-916;FORA DO PRAZO;FORA DO PRAZO;R$ 1.343.088,00;R$ 0,00;R$ 0,00;NÃO;CTI;15379;JOÃO CARLOS BARBOSA DOS SANTOS;15807;ÍTALO GARCIA ARAÚJO NOGUEIRA;307;AIRTON ALVES MENDES DE MOURA;;-;124/2023;SIM;5% DO VALOR TOTAL DO CONTRATO, COM ENTREGA EM NO MÁXIMO 10 DIAS ÚTEIS DA ASSINATURA DO CONTRATO;NÃO;-;NÃO;-;MATERIAL PERMANENTE;NÃO;;;;
CONTRATO;7;2023;FEPDC;CONTRATO-7-2023-FEPDC;25231/2023-34;LEI_8.666;PREGÃO ELETRÔNICO;AQUISIÇÃO DE COMPUTADORES;07.275.920/0001-61;LENOVO TECNOLOGIA (BRASIL) LIMITADA;28/07/2023;28/07/2024;28/07/2024;-723;FORA DO PRAZO;FORA DO PRAZO;R$ 879.300,00;R$ 0,00;R$ 0,00;NÃO;CTI;15379;JOÃO CARLOS BARBOSA DOS SANTOS;294;MARCIEL FERREIRA LIMA;15807;ÍTALO GARCIA ARAÚJO NOGUEIRA;;-;3070/2023;SIM;;NÃO;-;NÃO;-;MATERIAL PERMANENTE;NÃO;;;;
CONTRATO;2;2023;PGJ;CONTRATO-2-2023-PGJ;34319/2022-54;LEI_8.666;PREGÃO ELETRÔNICO;CONTRATAÇÃO DE EMPRESA PARA A PRESTAÇÃO DE SERVIÇOS DE ELABORAÇÃO DO PROJETO EXECUTIVOS PARA OBRAS DE ENGENHARIA ;20.008.729/0001-11;O M M ARQUITETURA E CONSTRUCAO LTDA EPP;18/01/2023;18/01/2024;18/01/2024;-915;FORA DO PRAZO;FORA DO PRAZO;R$ 41.265,80;R$ 0,00;R$ 0,00;NÃO;CPPT;226;CAROL CHAVES MESQUITA E FERREIRA;;-;;-;;-;145/2023;NÃO;-;NÃO;-;NÃO;-;SERVIÇOS DE ENGENHARIA;NÃO;;;;
NOTA DE EMPENHO;1;2023;PGJ;NOTA DE EMPENHO-1-2023-PGJ;31975/2022-54;LEI_8.666;DISPENSA;COMPRA DE MATERIAL DE CONSUMO (TRENA LASER E TRENA RÍGIDA);07.483.654/0002-43;ENGECOPI COMERCIO DE MATERIAIS DE CONSTRUCAO LTDA;24/01/2023;31/12/2023;31/12/2023;-933;FORA DO PRAZO;FORA DO PRAZO;R$ 983,70;R$ 0,00;R$ 0,00;NÃO;CAODEC;232;-;;-;;-;;-;220/2023;NÃO;-;NÃO;-;NÃO;-;MATERIAL DE CONSUMO;NÃO;;;;
CONTRATO;7;2023;PGJ;CONTRATO-7-2023-PGJ;01368/2023-89;LEI_8.666;PREGÃO ELETRÔNICO;AQUISIÇÃO DE MATERIAL DE LIMPEZA E HIGIENE PARA O MPPI;22.879.212/0001-23;LUCYVALDO A PIAUILINO EPP;03/02/2023;03/02/2024;03/02/2024;-899;FORA DO PRAZO;FORA DO PRAZO;R$ 31.194,00;R$ 0,00;R$ 0,00;NÃO;CAA;20026;FELIPE ARLLEM REZENDE;;-;;-;;-;459/2023;NÃO;-;NÃO;-;NÃO;-;MATERIAL DE CONSUMO;NÃO;;;;
CONTRATO;8;2023;PGJ;CONTRATO-8-2023-PGJ;1374/2023-24;LEI_8.666;PREGÃO ELETRÔNICO;AQUISIÇÃO DE MATERIAL DE LIMPEZA E HIGIENE PARA O MPPI;07.239.237/0001-79;C L BESERRA & CIA LTDA EPP;04/02/2023;04/02/2024;04/02/2024;-898;FORA DO PRAZO;FORA DO PRAZO;R$ 98.626,40;R$ 0,00;R$ 0,00;NÃO;CAA;20026;FELIPE ARLLEM REZENDE;;-;;-;;-;458/2023;NÃO;-;NÃO;-;NÃO;-;MATERIAL DE CONSUMO;NÃO;;;;
CONTRATO;10;2023;PGJ;CONTRATO-10-2023-PGJ;1383/2023-72;LEI_8.666;PREGÃO ELETRÔNICO; AQUISIÇÃO DE GÊNEROS ALIMENTÍCIOS E COPA PARA AS SEDES DO MPPI;09.491.099/0001-46;MARCOS A ARRUDA DE FIGUEIREDO ME;03/02/2023;03/02/2024;03/02/2024;-899;FORA DO PRAZO;FORA DO PRAZO;R$ 8.563,50;R$ 0,00;R$ 0,00;NÃO;CAA;20026;FELIPE ARLLEM REZENDE;;-;;-;;-;461/2023;NÃO;-;NÃO;-;NÃO;-;MATERIAL DE CONSUMO;NÃO;;;;
CONTRATO;9;2023;PGJ;CONTRATO-9-2023-PGJ;1388/2023-34;LEI_8.666;PREGÃO ELETRÔNICO;AQUISIÇÃO DE GÊNEROS ALIMENTÍCIOS E COPA PARA AS SEDE DO MPPI;64.106.552/0001-61;DPS GONCALVES INDUSTRIA E COMERCIO DE ALIMENTOS LTDA;09/02/2023;09/02/2024;09/02/2024;-893;FORA DO PRAZO;FORA DO PRAZO;R$ 36.050,00;R$ 0,00;R$ 0,00;NÃO;CAA;20026;FELIPE ARLLEM REZENDE;;-;;-;;-;494/2023;NÃO;-;NÃO;-;NÃO;-;MATERIAL DE CONSUMO;NÃO;;;;
NOTA DE EMPENHO;144;2023;PGJ;NOTA DE EMPENHO-144-2023-PGJ;13965/2022-05;LEI_8.666;CONCURSO;7° PRÊMIO MPPI DE JORNALISMO NA CATEGORIA JORNALISMO IMPRESSO (1ª COLOCADA);029.025.893-60;"ITHYARA SOARES MOREIRA BORGES";13/02/2023;13/03/2023;13/03/2023;-1226;FORA DO PRAZO;FORA DO PRAZO;R$ 3.000,00;R$ 0,00;R$ 0,00;SIM;CCS;15486;JOSÉ MARQUES DA SILVA;;-;;-;;-;1609/2022;NÃO;-;NÃO;-;NÃO;-;SERVIÇOS;NÃO;;;;
NOTA DE EMPENHO;145;2023;PGJ;NOTA DE EMPENHO-145-2023-PGJ;13965/2022-05;LEI_8.666;CONCURSO;7° PRÊMIO MPPI DE JORNALISMO NA CATEGORIA JORNALISMO IMPRESSO (2ª COLOCADA);034.050.583-41;ISABELA LEITE LOPES;13/02/2023;13/03/2023;13/03/2023;-1226;FORA DO PRAZO;FORA DO PRAZO;R$ 1.000,00;R$ 0,00;R$ 0,00;SIM;CCS;15486;JOSÉ MARQUES DA SILVA;;-;;-;;-;1609/2022;NÃO;-;NÃO;-;NÃO;-;SERVIÇOS;NÃO;;;;
NOTA DE EMPENHO;148;2023;PGJ;NOTA DE EMPENHO-148-2023-PGJ;13965/2022-05;LEI_8.666;CONCURSO;7° PRÊMIO MPPI DE JORNALISMO NA CATEGORIA RADIOJORNALISMO (1ª COLOCADA);028.694.273-95;MARTA THAIS ALENCAR COSME;13/02/2023;13/03/2023;13/03/2023;-1226;FORA DO PRAZO;FORA DO PRAZO;R$ 3.000,00;R$ 0,00;R$ 0,00;SIM;CCS;15486;JOSÉ MARQUES DA SILVA;;-;;-;;-;1609/2022;NÃO;-;NÃO;-;NÃO;-;SERVIÇOS;NÃO;;;;
NOTA DE EMPENHO;149;2023;PGJ;NOTA DE EMPENHO-149-2023-PGJ;13965/2022-05;LEI_8.666;CONCURSO;7° PRÊMIO MPPI DE JORNALISMO NA CATEGORIA RADIOJORNALISMO (2ª COLOCADO);479.183.813-00;"JOSÉ DE ANCHIETA LOPES CARDOSO";13/02/2023;13/03/2023;13/03/2023;-1226;FORA DO PRAZO;FORA DO PRAZO;R$ 1.000,00;R$ 0,00;R$ 0,00;SIM;CCS;15486;JOSÉ MARQUES DA SILVA;;-;;-;;-;1609/2022;NÃO;-;NÃO;-;NÃO;-;SERVIÇOS;NÃO;;;;
NOTA DE EMPENHO;150;2023;PGJ;NOTA DE EMPENHO-150-2023-PGJ;13965/2022-05;LEI_8.666;CONCURSO;7° PRÊMIO MPPI DE JORNALISMO NA CATEGORIA WEBJORNALISMO (1ª COLOCADA);045.405.123-90;NATHALIA CAROLINE DA SILVA AMARAL;13/02/2023;13/03/2023;13/03/2023;-1226;FORA DO PRAZO;FORA DO PRAZO;R$ 3.000,00;R$ 0,00;R$ 0,00;SIM;CCS;15486;JOSÉ MARQUES DA SILVA;;-;;-;;-;1609/2022;NÃO;-;NÃO;-;NÃO;-;SERVIÇOS;NÃO;;;;
CONTRATO;11;2023;PGJ;CONTRATO-11-2023-PGJ;1389/2023-07;LEI_8.666;PREGÃO ELETRÔNICO;AQUISIÇÃO DE GÊNEROS ALIMENTÍCIOS E COPA;07.239.237/0001-79;C L BESERRA & CIA LTDA EPP;15/02/2023;15/02/2024;15/02/2024;-887;FORA DO PRAZO;FORA DO PRAZO;R$ 2.125,00;R$ 0,00;R$ 0,00;NÃO;CAA;20026;FELIPE ARLLEM REZENDE;;-;;-;;-;558/2023;NÃO;-;NÃO;-;NÃO;-;MATERIAL DE CONSUMO;NÃO;;;;
CONTRATO;6;2023;PGJ;CONTRATO-6-2023-PGJ;34248/2022-48;LEI_8.666;ADESÃO;FORNECIMENTO DE SOLUÇÃO TECNOLÓGICA DE SEGURANÇA CORPORATIVA NA MODALIDADE SAAS;34.460.760/0001-01;"IRONFENCE
INTELIGENCIA ARTIFICIAL S.A";01/03/2023;01/03/2024;01/03/2027;223;EM VIGÊNCIA;EM VIGÊNCIA;R$ 624.500,00;R$ 0,00;R$ 1.693.003,46;NÃO;CTI;15807;ÍTALO GARCIA ARAÚJO NOGUEIRA;294;MARCIEL FERREIRA LIMA;425;MARCOS MACIEL MARTINS BRITO;;-;693/2023;SIM;3% DO VALOR TOTAL DO CONTRATO A SER ENTREGUE EM ATÉ 20 DIAS ÚTEIS DA ASSINATURA;SIM;3;NÃO;-;SERVIÇOS DE TI;SIM;;;;
NOTA DE EMPENHO;199;2023;PGJ;NOTA DE EMPENHO-199-2023-PGJ;3527/2023-62;LEI_8.666;DISPENSA;AQUISIÇÃO DE RECARGAS DE BOTIJÃO DE GÁS - PICOS;35.794.428/0001-38;ELDER K LACERDA;28/02/2023;31/12/2023;31/12/2023;-933;FORA DO PRAZO;FORA DO PRAZO;R$ 660,00;R$ 0,00;R$ 0,00;NÃO;CAA;20041;ANDRÉIA MANOELLE ROCHA DA COSTA;;-;;-;;-;685/2023;NÃO;-;NÃO;-;NÃO;-;MATERIAL DE CONSUMO;NÃO;;;;
CONTRATO;5;2023;FMMPPI;CONTRATO-5-2023-FMMPPI;23250/2022-22;LEI_8.666;PREGÃO ELETRÔNICO;SERVIÇOS DE CONSERVAÇÃO E MANUTENÇÃO DE EDIFICAÇÕES (SEDE QUE ABRIGA AS PJ'S DE ALTOS);22.829.583/0001-09;ALTACON ENGENHARIA E CONSTRUTORA LTDA;05/03/2023;05/03/2024;05/03/2024;-868;FORA DO PRAZO;FORA DO PRAZO;R$ 54.984,93;R$ 0,00;R$ 0,00;NÃO;CAA;226;CAROL CHAVES MESQUITA E FERREIRA;;-;;-;;-;782/2023;NÃO;-;NÃO;-;SIM;1;SERVIÇO DE MANUTENÇÃO - ENGENHARIA;NÃO;;;;
NOTA DE EMPENHO;231;2023;PGJ;NOTA DE EMPENHO-231-2023-PGJ;5025/2023-92;LEI_8.666;INEXIGIBILIDADE;TREINAMENTOS EM ANÁLISE COMPORTAMENTAL;36.756.920/0001-81;THOMPSON TREINAMENTOS EM ANALISE COMPORTAMENTAL LTDA ME;09/03/2023;31/12/2023;31/12/2023;-933;FORA DO PRAZO;FORA DO PRAZO;R$ 35.680,00;R$ 0,00;R$ 0,00;NÃO;CEAF;378;ZÉLIA BEATRIZ MORAIS FERNANDES SOBRAL;;-;;-;;-;801/2023;NÃO;-;NÃO;-;NÃO;-;CURSOS;NÃO;;;;
CONTRATO;13;2023;PGJ;CONTRATO-13-2023-PGJ;6772/2023-69;LEI_8.666;PREGÃO ELETRÔNICO;AQUISIÇÃO DE ÁGUA MINERAL PARA O MINISTÉRIO PÚBLICO DO ESTADO DO PIAUÍ;09.491.099/0001-46;MARCOS A ARRUDA DE FIGUEIREDO ME;14/03/2023;14/03/2024;14/03/2024;-859;FORA DO PRAZO;FORA DO PRAZO;R$ 25.580,00;R$ 0,00;R$ 0,00;NÃO;CAA;20026;FELIPE ARLLEM REZENDE;;-;;-;;-;858/2023;NÃO;-;NÃO;-;NÃO;-;MATERIAL DE CONSUMO;NÃO;;;;
CONTRATO;14;2023;PGJ;CONTRATO-14-2023-PGJ;6761/2023-75;LEI_8.666;PREGÃO ELETRÔNICO;AQUISIÇÃO DE ÁGUA MINERAL PARA O MINISTÉRIO PÚBLICO DO ESTADO DO PIAUÍ;07.239.237/0001-79;C L BESERRA & CIA LTDA EPP;17/03/2023;17/03/2024;17/03/2024;-856;FORA DO PRAZO;FORA DO PRAZO;R$ 54.792,00;R$ 0,00;R$ 0,00;NÃO;CAA;20026;FELIPE ARLLEM REZENDE;;-;;-;;-;889/2023;NÃO;;NÃO;-;NÃO;-;MATERIAL DE CONSUMO;NÃO;;;;
CONTRATO;12;2023;PGJ;CONTRATO-12-2023-PGJ;631/2023-68;LEI_8.666;DISPENSA;SERVIÇO DE SEGURO CONTRA INCÊNCIO PARA SEDES DA PROCURADORIA-GERAL DE JUSTIÇA;61.198.164/0001-60;PORTO SEGURO COMPANHIA DE SEGUROS GERAIS;22/03/2023;22/03/2024;22/03/2024;-851;FORA DO PRAZO;FORA DO PRAZO;R$ 14.902,60;R$ 0,00;R$ 0,00;NÃO;CAA;20026;FELIPE ARLLEM REZENDE;15037;JONAS FERREIRA PAZ;411;DÊNIS ALEXANDRE TEIXEIRA DE SENA;;-;971/2023;NÃO;;NÃO;-;NÃO;-;SERVIÇOS DE SEGURO;NÃO;;;;
CONTRATO;15;2023;PGJ;CONTRATO-15-2023-PGJ;7240/2023-90;LEI_14.133;DISPENSA;SERVIÇO DE PRODUÇÃO DE EVENTOS PARA PLANEJAMENTO, ORGANIZAÇÃO E EXECUÇÃO DAS REUNIÕES DO CONSELHO NACIONAL DE PROCURADORES-GERAIS;18.192.164/0001-23;BLR PRODUÇÕES DE EVENTOS LTDA;21/03/2023;21/03/2024;21/03/2024;-852;FORA DO PRAZO;FORA DO PRAZO;R$ 34.912,00;R$ 0,00;R$ 0,00;NÃO;CCS;15813;LÍCIA ALENCAR BOTELHO;;-;;-;;-;;;;NÃO;-;NÃO;-;SERVIÇOS;NÃO;;;;
NOTA DE EMPENHO;267;2023;PGJ;NOTA DE EMPENHO-267-2023-PGJ;5201/2023-47;LEI_14.133;DISPENSA;CONFECÇÃO DE MEDALHAS COMO HONRARIAS ;21.542.648/0001-60;BRUNO E CARLOS LIMA IMPORTADORA E EXPORTADORA LTDA;21/03/2023;31/12/2023;31/12/2023;-933;FORA DO PRAZO;FORA DO PRAZO;R$ 56.710,00;R$ 0,00;R$ 0,00;NÃO;CCS;122;SHAIANNA DA COSTA ARAÚJO;;-;;-;;-;972/20223;NÃO;;NÃO;-;NÃO;-;SERVIÇOS;NÃO;;;;
CONTRATO;16;2023;PGJ;CONTRATO-16-2023-PGJ;7051/2023-52;LEI_8.666;PREGÃO ELETRÔNICO;SERVIÇO DE CONFECÇÃO DE PAINÉIS EM VINIL (PVC) EM PAREDES E VIDRAÇAS;30.632.034/0001-60;ZÊNITE GRAFICA LTDA ME;30/03/2023;30/03/2024;30/03/2024;-843;FORA DO PRAZO;FORA DO PRAZO;R$ 17.250,00;R$ 0,00;R$ 0,00;NÃO;CCS;122;SHAIANNA DA COSTA ARAÚJO;;-;;-;;-;1079/2023;NÃO;-;NÃO;-;NÃO;-;MATERIAL DE CONSUMO;NÃO;;;;
CONTRATO;8;2023;FEPDC;CONTRATO-8-2023-FEPDC;25219/2023-67;LEI_8.666;PREGÃO ELETRÔNICO;AQUISIÇÃO DE MONITORES;03.619.767/0005-15;TORINO INFORMATICA LTDA;28/07/2023;28/07/2024;28/07/2024;-723;FORA DO PRAZO;FORA DO PRAZO;R$ 438.000,00;R$ 0,00;R$ 0,00;NÃO;CTI;15379;JOÃO CARLOS BARBOSA DOS SANTOS;294;MARCIEL FERREIRA LIMA;15807;ÍTALO GARCIA ARAÚJO NOGUEIRA;;-;3069/2023;SIM;;NÃO;-;NÃO;-;MATERIAL PERMANENTE;NÃO;;;;
CONTRATO;14;2023;FMMPPI;CONTRATO-14-2023-FMMPPI;7545/2023-68;LEI_8.666;PREGÃO ELETRÔNICO;MATERIAL PERMANENTE - SMART TV;29.520.946/0001-60;POLLIANA IOLANDA ASSUNCAO SILVA NUNES;29/03/2023;29/03/2024;29/03/2024;-844;FORA DO PRAZO;FORA DO PRAZO;R$ 11.550,00;R$ 0,00;R$ 0,00;NÃO;CAA;307;AIRTON ALVES MENDES DE MOURA;;-;;-;;-;1072/2023;NÃO;;NÃO;-;NÃO;-;MATERIAL PERMANENTE;NÃO;;;;
CONTRATO;17;2023;PGJ;CONTRATO-17-2023-PGJ;8759/2023-11;LEI_8.666;DISPENSA;PRODUÇÃO DE PLACAS HISTÓRICAS;13.275.422/0001-11;FORTES COMUNICAÇÃO VISUAL LTDA;29/03/2023;29/03/2024;29/03/2024;-844;FORA DO PRAZO;FORA DO PRAZO;R$ 16.800,00;R$ 0,00;R$ 0,00;NÃO;CCS;122;SHAIANNA DA COSTA ARAÚJO;;-;;-;;-;1071/2023;NÃO;;NÃO;-;NÃO;-;MATERIAL DE CONSUMO;NÃO;;;;
CONTRATO;1;2023;FEPDC;CONTRATO-1-2023-FEPDC;32344/2022-46;LEI_8.666;PREGÃO ELETRÔNICO;"AQUISIÇÃO DE NOTEBOOKS, INCLUINDO MOCHILA PARA TRANSPORTE, MAUSE EXTERNO, GARANTIA E ASSISTÊNCIA TÉCNICA "" ON SITE""";07.275.920/0001-61;LENOVO TECNOLOGIA (BRASIL) LIMITADA;13/01/2023;13/01/2024;13/01/2024;-920;FORA DO PRAZO;FORA DO PRAZO;R$ 413.060,00;R$ 0,00;R$ 0,00;NÃO;CTI;15379;JOÃO CARLOS BARBOSA DOS SANTOS;15807;ÍTALO GARCIA ARAÚJO NOGUEIRA;307;AIRTON ALVES MENDES DE MOURA;;-;99/2023;SIM;5% DO VALOR TOTAL DO CONTRATO, COM ENTREGA EM NO MÁXIMO 10 DIAS ÚTEIS DA ASSINATURA DO CONTRATO;NÃO;-;SIM;1;MATERIAL PERMANENTE;NÃO;;;;
CONTRATO;19;2023;PGJ;CONTRATO-19-2023-PGJ;9642/2023-82;LEI_8.666;PREGÃO ELETRÔNICO;MATERIAL DE EXPEDIENTE (ALMOFADA, APAGADOR, BORRACHA, ETC);07.239.237/0001-79;C L BESERRA & CIA LTDA EPP;03/04/2023;03/04/2024;03/04/2024;-839;FORA DO PRAZO;FORA DO PRAZO;R$ 34.716,20;R$ 0,00;R$ 0,00;NÃO;CAA;20026;FELIPE ARLLEM REZENDE;;-;;-;;-;1123/2023;NÃO;;NÃO;-;NÃO;-;MATERIAL DE CONSUMO;SIM;;;;
CONTRATO;15;2023;FMMPPI;CONTRATO-15-2023-FMMPPI;6187/2023-08;LEI_8.666;PREGÃO ELETRÔNICO;MANUTENÇÃO PREDIAL - CENTRO;22.561.863/0001-70;MULTPAR SERVIÇOS DE CONSTRUÇÃO LTDA;04/04/2023;04/04/2024;04/04/2024;-838;FORA DO PRAZO;FORA DO PRAZO;R$ 68.837,14;R$ 0,00;R$ 0,00;NÃO;CPPT;226;CAROL CHAVES MESQUITA E FERREIRA;;-;;-;;-;1158/2023;NÃO;;NÃO;-;NÃO;-;SERVIÇO DE MANUTENÇÃO - ENGENHARIA;NÃO;;;;
CONTRATO;7;2023;FMMPPI;CONTRATO-7-2023-FMMPPI;28666/2022-02;LEI_8.666;PREGÃO ELETRÔNICO;AQUISIÇÃO DE LENTE EF-S;39.334.587/0001-00;ALEXANDRE FREIRE;29/03/2023;29/03/2024;29/03/2024;-844;FORA DO PRAZO;FORA DO PRAZO;R$ 3.360,00;R$ 0,00;R$ 0,00;NÃO;CCS;122;SHAIANNA DA COSTA ARAÚJO;;-;;-;;-;1093/2023;NÃO;;NÃO;-;NÃO;-;MATERIAL PERMANENTE;NÃO;;;;
CONTRATO;8;2023;FMMPPI;CONTRATO-8-2023-FMMPPI;28666/20222-02;LEI_8.666;PREGÃO ELETRÔNICO;AQUISIÇÃO DE LENTE 75-300MM;34.674.082/0001-71;FAGA DISTRIBUIÇÃO LTDA;29/03/2023;29/03/2024;29/03/2024;-844;FORA DO PRAZO;FORA DO PRAZO;R$ 1.219,99;R$ 0,00;R$ 0,00;NÃO;CCS;122;SHAIANNA DA COSTA ARAÚJO;;-;;-;;-;1093/2023;NÃO;;NÃO;-;NÃO;-;MATERIAL PERMANENTE;NÃO;;;;
CONTRATO;9;2023;FMMPPI;CONTRATO-9-2023-FMMPPI;28666/2022-02;LEI_8.666;PREGÃO ELETRÔNICO;AQUISIÇÃO DE ILUMINADOR LED PARA FOTOGRAFIA;13.728.507/0001-08;SILVIO APARECIDO DE MEDEIROS ELETRÔNICOS - EPP;30/03/2023;30/03/2024;30/03/2024;-843;FORA DO PRAZO;FORA DO PRAZO;R$ 2.550,00;R$ 0,00;R$ 0,00;NÃO;CCS;122;SHAIANNA DA COSTA ARAÚJO;;-;;-;;-;1093/2023;NÃO;;NÃO;-;NÃO;-;MATERIAL PERMANENTE;NÃO;;;;
CONTRATO;11;2023;FMMPPI;CONTRATO-11-2023-FMMPPI;28666/2022-02;LEI_8.666;PREGÃO ELETRÔNICO;AQUISIÇÃO DE BOLSA PARA CÂMERA;31.672.925/0001-02;MEP COMÉRCIO DE ELETRÔNICOS E SERVIÇOS LTDA;31/03/2023;31/03/2024;31/03/2024;-842;FORA DO PRAZO;FORA DO PRAZO;R$ 2.240,00;R$ 0,00;R$ 0,00;NÃO;CCS;122;SHAIANNA DA COSTA ARAÚJO;;-;;-;;-;1159/2023;NÃO;;NÃO;-;NÃO;-;MATERIAL PERMANENTE;NÃO;;;;
CONTRATO;12;2023;FMMPPI;CONTRATO-12-2023-FMMPPI;28666/2022-02;LEI_8.666;PREGÃO ELETRÔNICO;AQUISIÇÃO DE CÂMERA FILMADORA;10.806.106/0001-30;R&R EQUIPAMENTOS ELETRÔNICOS LTDA;03/04/2023;03/04/2024;03/04/2024;-839;FORA DO PRAZO;FORA DO PRAZO;R$ 32.350,00;R$ 0,00;R$ 0,00;NÃO;CCS;122;SHAIANNA DA COSTA ARAÚJO;;-;;-;;-;1159/2023;NÃO;;SIM;1;NÃO;-;MATERIAL PERMANENTE;NÃO;;;;
CONTRATO;13;2023;FMMPPI;CONTRATO-13-2023-FMMPPI;28666/2022-02;LEI_8.666;PREGÃO ELETRÔNICO;AQUISIÇÃO DE TRIPÉ PARA FOTOGRAFIA;29.652.891/0001-42;MAGNATA COMÉRCIO VAREJISTA DE FERRAGENS E FERRAMENTAS EIRELI;30/03/2023;30/03/2024;30/03/2024;-843;FORA DO PRAZO;FORA DO PRAZO;R$ 9.772,76;R$ 0,00;R$ 0,00;NÃO;CCS;122;SHAIANNA DA COSTA ARAÚJO;;-;;-;;-;1093/2023;NÃO;;NÃO;-;NÃO;-;MATERIAL PERMANENTE;NÃO;;;;
CONTRATO;20;2023;PGJ;CONTRATO-20-2023-PGJ;9599/2023-79;LEI_8.666;PREGÃO ELETRÔNICO;AQUISIÇÃO DE MATERIAL DE CONSTRUÇÃO E MANUTENÇÃO PREDIAL;07.239.237/0001-79;C L BESERRA & CIA LTDA EPP;05/04/2023;05/04/2024;05/04/2024;-837;FORA DO PRAZO;FORA DO PRAZO;R$ 123.799,24;R$ 0,00;R$ 0,00;NÃO;CAA;20026;FELIPE ARLLEM REZENDE;;-;;-;;-;1162/2023;NÃO;;NÃO;-;NÃO;-;MATERIAL DE CONSUMO;NÃO;;;;
CONTRATO;18;2023;PGJ;CONTRATO-18-2023-PGJ;9213/2023-72;LEI_8.666;PREGÃO ELETRÔNICO;FORNECIMENTO DE ALIMENTAÇÃO - COFFE BREAK;07.686.538/0001-40;L PINHEIRO MENDES DE SOUSA;11/04/2023;11/04/2024;11/04/2024;-831;FORA DO PRAZO;FORA DO PRAZO;R$ 37.528,00;R$ 0,00;R$ 0,00;NÃO;CCS;15813;LÍCIA ALENCAR BOTELHO;;-;;-;;-;1236/2023;NÃO;;NÃO;-;NÃO;-;MATERIAL DE CONSUMO;SIM;;;;
CONTRATO;10;2023;FMMPPI;CONTRATO-10-2023-FMMPPI;28666/2022-02;LEI_8.666;PREGÃO ELETRÔNICO;KIT COMPLETO DE CÂMERA FOTOGRÁFICA DIGITAL DSLR;23.121.663/0001-60;EMPRESA B A D DEPIZOLI EMPREENDIMENTOS;29/03/2023;29/03/2024;29/03/2024;-844;FORA DO PRAZO;FORA DO PRAZO;R$ 43.000,00;R$ 0,00;R$ 0,00;NÃO;CCS;122;SHAIANNA DA COSTA ARAÚJO;;-;;-;;-;1311/2023;NÃO;;NÃO;-;NÃO;-;MATERIAL PERMANENTE;NÃO;;;;
CONTRATO;16;2023;FMMPPI;CONTRATO-16-2023-FMMPPI;12431/2022-80;LEI_8.666;PREGÃO ELETRÔNICO;SERVIÇOS DE CONSERVAÇÃO E MANUTENÇÃO DE EDIFICAÇÕES (33ª E 47ª PROMOTORIAS DE JUSTIÇA);22.561.863/0001-70;MULTPAR SERVIÇOS DE CONSTRUÇÃO LTDA;18/04/2023;18/04/2024;18/04/2024;-824;FORA DO PRAZO;FORA DO PRAZO;R$ 12.567,61;R$ 0,00;R$ 0,00;NÃO;CPPT;226;CAROL CHAVES MESQUITA E FERREIRA;;-;;-;;-;1314/2023;NÃO;;NÃO;-;NÃO;-;SERVIÇO DE MANUTENÇÃO - ENGENHARIA;NÃO;;;;
NOTA DE EMPENHO;344;2023;PGJ;NOTA DE EMPENHO-344-2023-PGJ;11216/2023-36;LEI_8.666;DISPENSA;AQUISIÇÃO DE RECARGA DE GÁS - AMARANTE;32.319.247/0001-61;NUNES COSTA COMERCIO DE GAS LTDA;19/04/2023;31/12/2023;31/12/2023;-933;FORA DO PRAZO;FORA DO PRAZO;R$ 343,50;R$ 0,00;R$ 0,00;NÃO;CAA;15549;NILSON CASTRO NETO;;-;;-;;-;1375/2023;NÃO;;NÃO;-;NÃO;-;MATERIAL DE CONSUMO;NÃO;;;;
CONTRATO;22;2023;PGJ;CONTRATO-22-2023-PGJ;5262/2023-71;LEI_8.666;PREGÃO ELETRÔNICO;AQUISIÇÃO DE COMPUTADORES;07.275.920/0001-61;LENOVO TECNOLOGIA (BRASIL) LIMITADA;03/05/2023;03/05/2024;03/05/2024;-809;FORA DO PRAZO;FORA DO PRAZO;R$ 58.620,00;R$ 0,00;R$ 0,00;NÃO;CTI;15379;JOÃO CARLOS BARBOSA DOS SANTOS;;-;;-;;-;1638/2023;SIM;5%;NÃO;-;NÃO;-;MATERIAL PERMANENTE;NÃO;;;;
CONTRATO;4;2023;FEPDC;CONTRATO-4-2023-FEPDC;12122/2023-24;LEI_8.666;PREGÃO ELETRÔNICO;AQUISIÇÃO DE COMPUTADORES;07.275.920/0001-61;LENOVO TECNOLOGIA (BRASIL) LIMITADA;03/05/2023;03/05/2024;03/05/2024;-809;FORA DO PRAZO;FORA DO PRAZO;R$ 351.720,00;R$ 0,00;R$ 0,00;NÃO;CTI;15379;JOÃO CARLOS BARBOSA DOS SANTOS;15807;ÍTALO GARCIA ARAÚJO NOGUEIRA;425;MARCOS MACIEL MARTINS BRITO;;-;1637/2023;SIM;5%;NÃO;-;NÃO;-;MATERIAL PERMANENTE;NÃO;;;;
CONTRATO;19;2023;FMMPPI;CONTRATO-19-2023-FMMPPI;12604/2023-51;LEI_8.666;PREGÃO ELETRÔNICO;AQUISIÇÃO DE MATERIAL PERMANENTE;09.491.099/0001-46;MARCOS A ARRUDA DE FIGUEIREDO ME;04/05/2023;04/05/2024;04/05/2024;-808;FORA DO PRAZO;FORA DO PRAZO;R$ 26.543,40;R$ 0,00;R$ 0,00;NÃO;CAA;307;AIRTON ALVES MENDES DE MOURA;;-;;-;;-;1622/2023;NÃO;;SIM;1;NÃO;-;MATERIAL PERMANENTE;NÃO;;;;
CONTRATO;21;2023;PGJ;CONTRATO-21-2023-PGJ;9304/2023-40;LEI_8.666;DISPENSA;PRESTAÇÃO DE SERVIÇO DE PRODUÇÃO DE BRINDES;02.546.081/0001-55;GRÁFICA ARCO IRIS LTDA;26/04/2023;26/04/2024;26/04/2024;-816;FORA DO PRAZO;FORA DO PRAZO;R$ 17.580,00;R$ 0,00;R$ 0,00;NÃO;CCS;122;SHAIANNA DA COSTA ARAÚJO;;-;;-;;-;1435/2023;NÃO;;NÃO;-;NÃO;-;MATERIAL DE CONSUMO;NÃO;;;;
CONTRATO;18;2023;FMMPPI;CONTRATO-18-2023-FMMPPI;12599/2023-89;LEI_8.666;PREGÃO ELETRÔNICO;AQUISIÇÃO DE AR-CONDICIONADO;07.139.705/0001-33;PRINCESSTECK EIRELI;06/05/2023;06/05/2024;06/05/2024;-806;FORA DO PRAZO;FORA DO PRAZO;R$ 120.485,56;R$ 0,00;R$ 0,00;NÃO;CAA;307;AIRTON ALVES MENDES DE MOURA;;-;;-;;-;1650/2023;NÃO;;NÃO;-;NÃO;-;MATERIAL PERMANENTE;NÃO;;;;
CONTRATO;20;2023;FMMPPI;CONTRATO-20-2023-FMMPPI;8056/2023-32;LEI_8.666;INEXIGIBILIDADE;AQUISIÇÃO DE LICENÇA DE USO DA FERRAMENTA SNAP P/ GAECO;05.757.597/0002-18;TECHBIZ FORENSE DIGITAL LTDA;10/05/2023;10/05/2024;10/05/2025;-437;FORA DO PRAZO;FORA DO PRAZO;R$ 110.000,00;R$ 0,00;R$ 114.247,92;NÃO;CTI;335;THIAGO DE ARAÚJO COSTA SOARES;;-;;-;;-;1730/2023;NÃO;;SIM;1;SIM;1;SERVIÇOS DE TI;SIM;;;;
CONTRATO;21;2023;FMMPPI;CONTRATO-21-2023-FMMPPI;3847/2023-52;LEI_8.666;PREGÃO ELETRÔNICO;AQUISIÇÃO DE MATERIAL PERMANENTE (REFRIGERADOR , BEBEDOURO);07.879.589/0001-99;CN JACOBINA -ME;11/05/2023;11/05/2024;11/05/2024;-801;FORA DO PRAZO;FORA DO PRAZO;R$ 9.572,00;R$ 0,00;R$ 0,00;NÃO;CAA;307;AIRTON ALVES MENDES DE MOURA;;-;;-;;-;1767/2023;NÃO;;NÃO;-;NÃO;-;MATERIAL PERMANENTE;NÃO;;;;
NOTA DE EMPENHO;404;2023;PGJ;NOTA DE EMPENHO-404-2023-PGJ;13741/2022-61;LEI_8.666;DISPENSA;AQUISIÇÃO DE 2 CERTIFICADOS DIGITAIS;09.461.647/0001-95;SOLUTI SOLUÇÕES EM NEGÓCIOS INTELIGENTES LTDA;05/05/2023;31/12/2023;31/12/2023;-933;FORA DO PRAZO;FORA DO PRAZO;R$ 1.110,00;R$ 0,00;R$ 0,00;NÃO;CTI;294;MARCIEL FERREIRA LIMA;;-;;-;;-;1645/2023;NÃO;;NÃO;-;NÃO;-;SERVIÇOS DE TI;NÃO;;;;
CONTRATO;3;2023;FEPDC;CONTRATO-3-2023-FEPDC;7820/2023-15;LEI_8.666;PREGÃO ELETRÔNICO;AQUISIÇÃO DE MATERIAL PERMANENTE (CADEIRAS E LONGARINAS);26.242.393/0001-33;HOMEOFFICE CADEIRAS LTDA ME;29/03/2023;29/03/2024;29/03/2024;-844;FORA DO PRAZO;FORA DO PRAZO;R$ 97.201,50;R$ 0,00;R$ 0,00;NÃO;CAA;307;AIRTON ALVES MENDES DE MOURA;;-;;-;;-;1065/2023;NÃO;-;NÃO;-;NÃO;-;MATERIAL PERMANENTE;NÃO;;;;
CONTRATO;17;2023;FMMPPI;CONTRATO-17-2023-FMMPPI;10904/2023-05;LEI_8.666;DISPENSA;SERVIÇO DE PRODUÇÃO DE TROFÉUS;13.275.422/0001-11;FORTES COMUNICAÇÃO VISUAL LTDA;11/05/2023;11/05/2024;11/05/2024;-801;FORA DO PRAZO;FORA DO PRAZO;R$ 16.363,40;R$ 0,00;R$ 0,00;NÃO;CCS;122;SHAIANNA DA COSTA ARAÚJO;;-;;-;;-;1804/2023;NÃO;;NÃO;-;NÃO;-;MATERIAL DE CONSUMO;NÃO;;;;
CONTRATO;6;2023;FEPDC;CONTRATO-6-2023-FEPDC;12180/2023-10;LEI_8.666;PREGÃO PRESENCIAL;AQUISIÇÃO DE MONITORES ;03.619.767/0005-15;TORINO INFORMATICA LTDA;15/03/2023;15/03/2024;15/03/2024;-858;FORA DO PRAZO;FORA DO PRAZO;R$ 55.845,00;R$ 0,00;R$ 0,00;NÃO;CTI;15379;JOÃO CARLOS BARBOSA DOS SANTOS;;-;;-;;-;1847/2023;SIM;5%;NÃO;-;NÃO;-;MATERIAL PERMANENTE;NÃO;;;;
CONTRATO;24;2023;PGJ;CONTRATO-24-2023-PGJ;15023/2023-73;LEI_8.666;PREGÃO ELETRÔNICO;CONTRATAÇÃO DE EMPRESA ESPECIALIZADA PARA FORNECIMENTO DE SOLUÇÃO DE REDE LOCAL SEM FIO (WLAN) , POR 24 MESES;05.816.523/0004-00;EMPRESA ZIVA TECNOLOGIA E SOLUCOES LTDA;16/05/2023;16/05/2024;16/05/2024;-796;FORA DO PRAZO;FORA DO PRAZO;R$ 1.529.248,35;R$ 0,00;R$ 0,00;NÃO;CTI;294;MARCIEL FERREIRA LIMA;15807;ÍTALO GARCIA ARAÚJO NOGUEIRA;425;MARCOS MACIEL MARTINS BRITO;;-;1871/2023;NÃO;;NÃO;-;NÃO;-;SERVIÇOS DE TI;SIM;;;;
CONTRATO;23;2023;FMMPPI;CONTRATO-23-2023-FMMPPI;12861/2023-36;LEI_8.666;PREGÃO ELETRÔNICO;PRESTAÇÃO DE SERVIÇOS E MANUTENÇÃO DE EDIFICAÇÕES;22.829.583/0001-09;ALTACON ENGENHARIA E CONSTRUTORA LTDA;16/05/2023;16/05/2024;16/05/2024;-796;FORA DO PRAZO;FORA DO PRAZO;R$ 65.693,85;R$ 0,00;R$ 0,00;NÃO;CPPT;15821;ANDRÉ CASTELO BRANCO RIBEIRO;;-;;-;;-;1848/2023;SIM;3%;NÃO;-;NÃO;-;SERVIÇO DE MANUTENÇÃO - ENGENHARIA;NÃO;;;;
CONTRATO;22;2023;FMMPPI;CONTRATO-22-2023-FMMPPI;3744/2023-09;LEI_8.666;PREGÃO ELETRÔNICO;CONSERVAÇÃO E MANUTENÇÃO DE EDIFICAÇÕES (PJ DE PARNAÍBA);22.829.583/0001-09;ALTACON ENGENHARIA E CONSTRUTORA LTDA;12/05/2023;12/05/2024;12/05/2024;-800;FORA DO PRAZO;FORA DO PRAZO;R$ 63.508,15;R$ 0,00;R$ 0,00;NÃO;CPPT;15821;ANDRÉ CASTELO BRANCO RIBEIRO;;-;;-;;-;1776/2023;NÃO;;NÃO;-;SIM;1;SERVIÇO DE MANUTENÇÃO - ENGENHARIA;NÃO;;;;
CONTRATO;23;2023;PGJ;CONTRATO-23-2023-PGJ;14591/2023-28;LEI_8.666;PREGÃO ELETRÔNICO;AQUISIÇÃO DE GÊNEROS ALIMENTÍCIOS;64.106.552/0001-61;DPS GONCALVES INDUSTRIA E COMERCIO DE ALIMENTOS LTDA;23/05/2023;23/05/2024;23/05/2024;-789;FORA DO PRAZO;FORA DO PRAZO;R$ 46.000,00;R$ 0,00;R$ 0,00;NÃO;CAA;20026;FELIPE ARLLEM REZENDE;;-;;-;;-;2004/2023;NÃO;;NÃO;-;NÃO;-;MATERIAL DE CONSUMO;NÃO;;;;
NOTA DE EMPENHO;474;2023;PGJ;NOTA DE EMPENHO-474-2023-PGJ;14833/2023-65;LEI_8.666;DISPENSA;AQUISIÇÃO DE RECARGAS DE GÁS PARA A PJ DE MONSENHOR GIL;49.559.392/0001-12;M DAS G SILVA LTDA ME;25/05/2023;31/12/2023;31/12/2023;-933;FORA DO PRAZO;FORA DO PRAZO;R$ 440,00;R$ 0,00;R$ 0,00;NÃO;CAA;15804;MANOEL BEZERRA LIMA NETO;;-;;-;;-;2132/2023;NÃO;;NÃO;-;NÃO;-;MATERIAL DE CONSUMO;NÃO;;;;
CONTRATO;25;2023;PGJ;CONTRATO-25-2023-PGJ;16647/2023-47;LEI_8.666;DISPENSA;SERVIÇO DE PRODUÇÃO DE CARTILHAS, FOLDERS E BANNERS IMPRESSOS;45.271.989/0001-06;OPERA SOLUÇÕES GESTÃO EMPRESARIAL LTDA;26/05/2023;26/05/2024;26/05/2024;-786;FORA DO PRAZO;FORA DO PRAZO;R$ 33.250,00;R$ 0,00;R$ 0,00;NÃO;CCS;122;SHAIANNA DA COSTA ARAÚJO;;-;;-;;-;2104/2023;NÃO;;NÃO;-;SIM;1;SERVIÇOS;NÃO;;;;
CONTRATO;27;2023;PGJ;CONTRATO-27-2023-PGJ;16978/2023-34;LEI_8.666;PREGÃO ELETRÔNICO;SERVIÇO DE CONFECÇÃO DE AGENDAS INSTITUCIONAIS;03.930.566/0001-00;ODIMILSOM ALVES PEREIRA ‑ EPP;06/06/2023;06/06/2024;06/06/2024;-775;FORA DO PRAZO;FORA DO PRAZO;R$ 42.605,08;R$ 0,00;R$ 0,00;NÃO;CCS;122;SHAIANNA DA COSTA ARAÚJO;;-;;-;;-;2251/2023;NÃO;;NÃO;-;NÃO;-;MATERIAL DE CONSUMO;NÃO;;;;
CONTRATO;26;2023;PGJ;CONTRATO-26-2023-PGJ;17376/2023-70;LEI_8.666;PREGÃO ELETRÔNICO;PRESTAÇÃO DOS SERVIÇOS CONTINUADOS DE AUXILIAR ADMINISTRATIVO NAS CIDADES DE TERESINA E PICOS;04.276.973/0001-09;EPSG EMPRESA DE PORTARIA E SERVICOS GERAIS LTDA ME;06/06/2023;06/06/2024;06/06/2026;-45;FORA DO PRAZO;FORA DO PRAZO;R$ 535.437,36;R$ 0,00;R$ 1.339.278,73;NÃO;CAA;173;ALCIVAN DA COSTA MARQUES;20259;JOSSELLINI DOS SANTOS SOUSA ;20269;FABIANA ROCHA AGUIAR NOGUEIRA;;-;4211/2025;SIM;5%;SIM;2;SIM;3;SERVIÇOS DE MÃO DE OBRA;SIM;;;;
CONTRATO;24;2023;FMMPPI;CONTRATO-24-2023-FMMPPI;11738/2023-41;LEI_8.666;PREGÃO ELETRÔNICO;PRESTAÇÃO DE SERVIÇOS DE CONSERVAÇÃO E MANUTENÇÃO DE EDIFICAÇÕES - PELÍCULAS CAA E REFORÇO DE ESQUADRIA GAECO.;22.561.863/0001-70;MULTPAR SERVIÇOS DE CONSTRUÇÃO LTDA;06/06/2023;06/06/2024;06/06/2024;-775;FORA DO PRAZO;FORA DO PRAZO;R$ 539,71;R$ 0,00;R$ 0,00;NÃO;CPPT;226;CAROL CHAVES MESQUITA E FERREIRA;;-;;-;;-;2248/2023;NÃO;;NÃO;-;NÃO;-;SERVIÇOS;NÃO;;;;
NOTA DE EMPENHO;31;2023;FMMPPI;NOTA DE EMPENHO-31-2023-FMMPPI;17229/2023-37;LEI_8.666;DISPENSA;MARCENARIA PARA REFORMA E REALOCAÇÃO DE PORTA EXISTENTE E FABRICAÇÃO DE PAINEL PARA FECHAMENTO DE VÃO NO AUDITÓRIO DA SEDE CENTRO;36.123.228/0001-16;F A B DE S RAMOS MOVEIS ME;15/06/2023;31/12/2023;31/12/2023;-933;FORA DO PRAZO;FORA DO PRAZO;R$ 7.976,18;R$ 0,00;R$ 0,00;NÃO;CPPT;20122;ALESSANDRA BRAUNA DE MEIRELES;;-;;-;;-;2346/2023;NÃO;;NÃO;-;NÃO;-;SERVIÇOS;NÃO;;;;
NOTA DE EMPENHO;545;2023;PGJ;NOTA DE EMPENHO-545-2023-PGJ;7763/2023-34;LEI_8.666;INEXIGIBILIDADE;CRIAÇÃO E PRODUÇÃO DE PEÇAS CERÂMICAS UTILITÁRIAS E DECORATIVAS;00.195.936/0001-15;CERAMICA ARTESANAL SERRA DA CAPIVARA LTDA;14/06/2023;31/12/2023;31/12/2023;-933;FORA DO PRAZO;FORA DO PRAZO;R$ 29.301,00;R$ 0,00;R$ 0,00;NÃO;CCS;15813;LÍCIA ALENCAR BOTELHO;;-;;-;;-;2340/2023;;;NÃO;-;NÃO;-;MATERIAL DE CONSUMO;NÃO;;;;
NOTA DE EMPENHO;516;2023;PGJ;NOTA DE EMPENHO-516-2023-PGJ;17790/2023-32;LEI_8.666;PREGÃO ELETRÔNICO;PRODUÇÃO DE CARTILHAS, FOLDERS E BANNERS IMPRESSOS;45.271.989/0001-06;OPERA SOLUÇÕES GESTÃO EMPRESARIAL LTDA;12/06/2023;31/12/2023;31/12/2023;-933;FORA DO PRAZO;FORA DO PRAZO;R$ 6.595,00;R$ 0,00;R$ 0,00;NÃO;CCS;122;SHAIANNA DA COSTA ARAÚJO;;-;;-;;-;2399/2023;NÃO;;NÃO;-;NÃO;-;MATERIAL DE CONSUMO;NÃO;;;;
CONTRATO;29;2023;PGJ;CONTRATO-29-2023-PGJ;16214/2023-51;LEI_8.666;DISPENSA;SERVIÇOS DE ENGENHARIA DE SEGURANÇA, MEDICINA DO TRABALHO E SAÚDE OCUPACIONAL PARA ELABORAÇÃO DE LTCAT;19.843.595/0001-75;J L REGO ENGENHARIA;19/06/2023;19/06/2024;19/06/2024;-762;FORA DO PRAZO;FORA DO PRAZO;R$ 6.450,00;R$ 0,00;R$ 0,00;NÃO;CRH;113;LIA RAQUEL NEIVA NUNES;;-;;-;;-;2388/2023;NÃO;;NÃO;-;NÃO;-;SERVIÇOS DE SEGURO;NÃO;;;;
CONTRATO;30;2023;PGJ;CONTRATO-30-2023-PGJ;7019/2023-93;LEI_14.133;DISPENSA;AQUISIÇÃO DE PAPEL TIMBRADO A4 ;34.265.268/0001-77;DEBORA MARQUES DO NASCIMENTO PEREIRA;20/06/2023;20/06/2024;20/06/2024;-761;FORA DO PRAZO;FORA DO PRAZO;R$ 22.165,00;R$ 0,00;R$ 0,00;NÃO;CAA;20026;FELIPE ARLLEM REZENDE;;-;;-;;-;2426/2023;NÃO;;NÃO;-;NÃO;-;MATERIAL DE CONSUMO;NÃO;;;;
NOTA DE EMPENHO;32;2023;FMMPPI;NOTA DE EMPENHO-32-2023-FMMPPI;19947/2023-90;LEI_8.666;DISPENSA;CONFECÇÃO DE PROVAS ESCRITAS A QUE  SERÃO SUBMETIDOS OS CANDIDATOS DO XII PROCESSO SELETIVO DE ESTAGIÁRIOS DE NÍVEL SUPERIOR (GRADUAÇÃO);02.546.081/0001-55;GRÁFICA ARCO IRIS LTDA;19/06/2023;31/12/2023;31/12/2023;-933;FORA DO PRAZO;FORA DO PRAZO;R$ 5.140,00;R$ 0,00;R$ 0,00;NÃO;CCS;122;SHAIANNA DA COSTA ARAÚJO;;-;;-;;-;2375/2023;NÃO;;NÃO;-;NÃO;-;SERVIÇOS;NÃO;;;;
CONTRATO;27;2023;FMMPPI;CONTRATO-27-2023-FMMPPI;18160/2023-73;LEI_8.666;PREGÃO ELETRÔNICO;AQUISIÇÃO DE FRAGMENTADORA;40.214.888/0001-80; CLS SERVIÇOS E ASSESSORIA LTDA;20/06/2023;20/06/2024;20/06/2024;-761;FORA DO PRAZO;FORA DO PRAZO;R$ 8.786,39;R$ 0,00;R$ 0,00;NÃO;CAA;307;AIRTON ALVES MENDES DE MOURA;;-;;-;;-;2469/2023;NÃO;;NÃO;-;NÃO;-;MATERIAL PERMANENTE;NÃO;;;;
CONTRATO;25;2023;FMMPPI;CONTRATO-25-2023-FMMPPI;3814/2023-22;LEI_14.133;DISPENSA;AQUISIÇÃO DE APOIO DOS BRAÇOS PARA CADEIRAS;13.622.580/0001-09;EUROLINE COMÉRCIO DE MÓVEIS EIRELI LTDA;21/06/2023;21/06/2024;21/06/2024;-760;FORA DO PRAZO;FORA DO PRAZO;R$ 17.000,00;R$ 0,00;R$ 0,00;NÃO;CAA;307;AIRTON ALVES MENDES DE MOURA;;-;;-;;-;2433/2023;NÃO;;NÃO;-;NÃO;-;MATERIAL DE CONSUMO;NÃO;;;;
CONTRATO;26;2023;FMMPPI;CONTRATO-26-2023-FMMPPI;3814/2023-22;LEI_14.133;DISPENSA;AQUISIÇÃO DE KIT COM 5 UNIDADES DE RODÍZIO PARA CADEIRAS;46.983.819/0001-17;FAZ VENDAS LTDA ME;14/06/2023;14/06/2024;14/06/2024;-767;FORA DO PRAZO;FORA DO PRAZO;R$ 2.640,00;R$ 0,00;R$ 0,00;NÃO;CAA;307;AIRTON ALVES MENDES DE MOURA;;-;;-;;-;2433/2023;NÃO;;NÃO;-;SIM;1;MATERIAL DE CONSUMO;NÃO;;;;
CONTRATO;28;2023;FMMPPI;CONTRATO-28-2023-FMMPPI;9929/2023-16;LEI_8.666;PREGÃO ELETRÔNICO;SOLUÇÃO DE COMUNICAÇÃO PARA INTERLIGAÇÃO DA SEDE DO MPPI  COM AS DEMAIS UNIDADES ATRAVÉS DE SERVIÇO DE TECNOLOGIA DA INFORMAÇÃO QUE PERMITE O TRÁFEGO DE INFORMAÇÕES ;13.984.892/0001-54;JOSE DAS GRACAS SOARES DE LIMA LTDA ;28/06/2023;28/06/2025;28/06/2028;708;EM VIGÊNCIA;EM VIGÊNCIA;R$ 2.582.100,00;R$ 0,00;R$ 6.862.928,56;NÃO;CTI;15807;ÍTALO GARCIA ARAÚJO NOGUEIRA;294;MARCIEL FERREIRA LIMA;15379;JOÃO CARLOS BARBOSA DOS SANTOS;;-;2608/2023;SIM;;SIM;2;SIM;1;SERVIÇOS DE TI;SIM;;;;
NOTA DE EMPENHO;408;2023;PGJ;NOTA DE EMPENHO-408-2023-PGJ;19200/2023-37;LEI_8.666;DISPENSA;AQUISIÇÃO DE RECARGAS DE GÁS PARA O NÚCLEO DAS PROMOTORIAS DE PARNAÍBA;08.015.714/0001-85;BALUZ & ALMEIDA LTDA ME;06/07/2023;31/12/2023;31/12/2023;-933;FORA DO PRAZO;FORA DO PRAZO;R$ 408,00;R$ 0,00;R$ 0,00;NÃO;CAA;163;SÉRGIO PLÁCIDO DE SIQUEIRA;;-;;-;;-;2748/2023;NÃO;-;NÃO;-;NÃO;-;MATERIAL DE CONSUMO;NÃO;;;;
CONTRATO;31;2023;PGJ;CONTRATO-31-2023-PGJ;1693/2023-59;LEI_8.666;PREGÃO ELETRÔNICO;AQUISIÇÃO DE MATERIAL PERMANENTE (MESAS, ARMÁRIOS);09.056.231/0001-91;APB COMERCIO DE MOVEIS LTDA-ME;07/07/2023;07/07/2024;07/07/2024;-744;FORA DO PRAZO;FORA DO PRAZO;R$ 12.125,88;R$ 0,00;R$ 0,00;NÃO;CAA;307;AIRTON ALVES MENDES DE MOURA;;-;;-;;-;2789/2023;NÃO;-;NÃO;-;SIM;1;MATERIAL PERMANENTE;NÃO;;;;
CONTRATO;32;2023;PGJ;CONTRATO-32-2023-PGJ;1693/2023-59;LEI_8.666;PREGÃO ELETRÔNICO;AQUISIÇÃO DE MATERIAL PERMANENTE (CADEIRAS E LONGARINAS);24.476.378/0001-24;2P COMÉRCIO E SERVIÇOS EM MÓVEIS EIRELI;07/07/2023;07/07/2024;07/07/2024;-744;FORA DO PRAZO;FORA DO PRAZO;R$ 12.120,50;R$ 0,00;R$ 0,00;NÃO;CAA;307;AIRTON ALVES MENDES DE MOURA;;-;;-;;-;2789/2023;NÃO;;NÃO;-;SIM;1;MATERIAL PERMANENTE;NÃO;;;;
CONTRATO;33;2023;PGJ;CONTRATO-33-2023-PGJ;1693/2023-59;LEI_8.666;PREGÃO ELETRÔNICO;AQUISIÇÃO DE MATERIAL PERMANENTE (PROJETOR DE IMAGEM);28.353.765/0001-24;EMPRESA S S PRO LTDA;07/07/2023;07/07/2024;07/07/2024;-744;FORA DO PRAZO;FORA DO PRAZO;R$ 4.871,00;R$ 0,00;R$ 0,00;NÃO;CAA;307;AIRTON ALVES MENDES DE MOURA;;-;;-;;-;2789/2023;NÃO;;NÃO;-;SIM;1;MATERIAL PERMANENTE;NÃO;;;;
CONTRATO;30;2023;FMMPPI;CONTRATO-30-2023-FMMPPI;22292/2023-09;LEI_8.666;PREGÃO ELETRÔNICO;PRESTAÇÃO DE SERVIÇOS DE CONSERVAÇÃO E MANUTENÇÃO DE EDIFICAÇÕES, SOB DEMANDA, (ADAPTAÇÃO DE SALAS E AMBIENTES PARA ABRIGAR A CPPT, CLC E CTI;22.561.863/0001-70;MULTPAR SERVIÇOS DE CONSTRUÇÃO LTDA;12/07/2023;12/07/2024;12/07/2024;-739;FORA DO PRAZO;FORA DO PRAZO;R$ 13.168,34;R$ 0,00;R$ 0,00;NÃO;CPPT;226;CAROL CHAVES MESQUITA E FERREIRA;;-;;-;;-;2804/2023;NÃO;;NÃO;-;NÃO;-;SERVIÇO DE MANUTENÇÃO - ENGENHARIA;NÃO;;;;
CONTRATO;31;2023;FMMPPI;CONTRATO-31-2023-FMMPPI;23115/2023-16;LEI_8.666;PREGÃO ELETRÔNICO;PRESTAÇÃO DE SERVIÇOS DE CONSERVAÇÃO E MANUTENÇÃO DE EDIFICAÇÕES, SOB DEMANDA, (46ª PROMOTORIA DE JUSTIÇA);22.561.863/0001-70;MULTPAR SERVIÇOS DE CONSTRUÇÃO LTDA;12/07/2023;12/07/2024;12/07/2024;-739;FORA DO PRAZO;FORA DO PRAZO;R$ 55.096,83;R$ 0,00;R$ 46,62;NÃO;CPPT;226;CAROL CHAVES MESQUITA E FERREIRA;;-;;-;;-;2802/2023;NÃO;;SIM;1;SIM;1;SERVIÇO DE MANUTENÇÃO - ENGENHARIA;NÃO;;;;
CONTRATO;35;2023;PGJ;CONTRATO-35-2023-PGJ;21109/2023-97;LEI_8.666;PREGÃO ELETRÔNICO;AQUISIÇÃO DE TONERS PARA IMPRESSORAS DO MPPI;26.569.874/0001-58;CELSO LUIZ MOREIRA DA COSTA EPP;18/07/2023;18/07/2024;18/07/2024;-733;FORA DO PRAZO;FORA DO PRAZO;R$ 29.800,00;R$ 0,00;R$ 0,00;NÃO;CAA;20026;FELIPE ARLLEM REZENDE;;-;;-;;-;2883/2023;NÃO;;NÃO;-;NÃO;-;MATERIAL DE CONSUMO;NÃO;;;;
CONTRATO;34;2023;PGJ;CONTRATO-34-2023-PGJ;21114/2023-59;LEI_8.666;PREGÃO ELETRÔNICO;AQUISIÇÃO DE TONERS PARA MPRESSORAS MPPI;48.290.788/0001-44;VTEX INFORMATICA LTDA;19/07/2023;19/07/2024;19/07/2024;-732;FORA DO PRAZO;FORA DO PRAZO;R$ 21.517,15;R$ 0,00;R$ 0,00;NÃO;CAA;20026;FELIPE ARLLEM REZENDE;;-;;-;;-;2882/2023;NÃO;;NÃO;-;NÃO;-;MATERIAL DE CONSUMO;NÃO;;;;
CONTRATO;29;2023;FMMPPI;CONTRATO-29-2023-FMMPPI;8440/2023-43;LEI_14.133;DISPENSA;AQUISIÇÃO DE MÍDIAS DE ARMAZENAMENTO, DO TIPO SSD - GAECO;43.492.160/0001-08;JABEZ FILIPE BASTOS DE OLIVEIRA;17/07/2023;17/07/2024;17/07/2024;-734;FORA DO PRAZO;FORA DO PRAZO;R$ 33.990,00;R$ 0,00;R$ 0,00;NÃO;CTI;335;THIAGO DE ARAÚJO COSTA SOARES;;-;;-;;-;2846/2023;NÃO;;NÃO;-;NÃO;-;MATERIAL DE CONSUMO;NÃO;;;;
NOTA DE EMPENHO;646;2023;PGJ;NOTA DE EMPENHO-646-2023-PGJ;19664/2023-83;LEI_8.666;DISPENSA;AQUISIÇÃO DE TAPETES EM CAPACHO PERSONALIZADOS COM BORDAS E SEM BORDAS;48.576.075/0001-41;LORENNA CARLA PEDROZA BEZERRA;13/07/2023;31/12/2023;31/12/2023;-933;FORA DO PRAZO;FORA DO PRAZO;R$ 7.100,00;R$ 0,00;R$ 0,00;NÃO;CAA;15450;ANTÔNIO MARCOS PESSOA;;-;;-;;-;2837/2023;NÃO;;NÃO;-;NÃO;-;MATERIAL DE CONSUMO;NÃO;;;;
NOTA DE EMPENHO;658;2023;PGJ;NOTA DE EMPENHO-658-2023-PGJ;17796/2023-79;LEI_8.666;DISPENSA;AQUISIÇÃO DE PLANTAS ORNAMENTAIS;30.871.301/0001-51;L ALVES DA SILVA-ME;20/07/2023;31/12/2023;31/12/2023;-933;FORA DO PRAZO;FORA DO PRAZO;R$ 6.908,00;R$ 0,00;R$ 0,00;NÃO;CAA;15450;ANTÔNIO MARCOS PESSOA;;-;;-;;-;2916/2023;NÃO;;NÃO;-;NÃO;-;MATERIAL DE CONSUMO;NÃO;;;;
NOTA DE EMPENHO;659;2023;PGJ;NOTA DE EMPENHO-659-2023-PGJ;20817/2023-74;LEI_8.666;INEXIGIBILIDADE;EMPRESA ESPECIALIZADA EM CRIAÇÃO E PRODUÇÃO DE PEÇAS CERÂMICAS UTILITÁRIAS E DECORATIVAS PERSONALIZADAS, DA REGIÃO DA SERRA DA CAPIVARA ;00.195.936/0001-15;CERAMICA ARTESANAL SERRA DA CAPIVARA LTDA;20/07/2023;31/12/2023;31/12/2023;-933;FORA DO PRAZO;FORA DO PRAZO;R$ 1.480,00;R$ 0,00;R$ 0,00;NÃO;CCS;15813;LÍCIA ALENCAR BOTELHO;;-;;-;;-;2915/2023;NÃO;;NÃO;-;NÃO;-;MATERIAL DE CONSUMO;NÃO;;;;
CONTRATO;36;2023;PGJ;CONTRATO-36-2023-PGJ;21134/2023-51;LEI_8.666;DISPENSA;FORNECIMENTO DE FLORES E ARRANJOS FLORAIS ;02.133.017/0001-42;FLORICULTURA NATUARTE LTDA;27/07/2023;27/07/2024;27/07/2024;-724;FORA DO PRAZO;FORA DO PRAZO;R$ 17.575,00;R$ 0,00;R$ 0,00;NÃO;CCS;15813;LÍCIA ALENCAR BOTELHO;;-;;-;;-;3054/2023;NÃO;;NÃO;-;NÃO;-;MATERIAL DE CONSUMO;NÃO;;;;
CONTRATO;37;2023;PGJ;CONTRATO-37-2023-PGJ;227/2023-15;LEI_8.666;DISPENSA;SERVIÇOS DE CHAVEIRO E ABERTURA DE PORTAS;11.495.792/0001-39;D. M. FERREIRA AMORIM;27/07/2023;27/07/2024;27/07/2024;-724;FORA DO PRAZO;FORA DO PRAZO;R$ 15.440,00;R$ 0,00;R$ 0,00;NÃO;CAA;270;MARCÍLIO DE OLIVEIRA SILVA;;-;;-;;-;3053/2023;NÃO;;NÃO;-;NÃO;-;SERVIÇOS;NÃO;;;;
CONTRATO;9;2023;FEPDC;CONTRATO-9-2023-FEPDC;22096/2023-95;LEI_8.666;PREGÃO ELETRÔNICO;AQUISIÇÃO DE TABLETS COM SISTEMA OPERACIONAL ANDROID;78.126.950/0011-26;MICROSENS S/A;10/08/2023;10/08/2024;10/08/2024;-710;FORA DO PRAZO;FORA DO PRAZO;R$ 49.610,00;R$ 0,00;R$ 0,00;NÃO;CTI;15379;JOÃO CARLOS BARBOSA DOS SANTOS;;-;;-;;-;3269/2023;NÃO;;NÃO;-;NÃO;-;MATERIAL PERMANENTE;NÃO;;;;
CONTRATO;2;2023;FEPDC;CONTRATO-2-2023-FEPDC;7819/2023-42;LEI_8.666;PREGÃO ELETRÔNICO;MATERIAL PERMANENTE - MESAS E GAVETEIROS;24.476.378/0001-24;2P COMÉRCIO E SERVIÇOS EM MÓVEIS EIRELI;29/03/2023;29/03/2024;29/03/2024;-844;FORA DO PRAZO;FORA DO PRAZO;R$ 12.284,00;R$ 0,00;R$ 0,00;NÃO;CAA;307;AIRTON ALVES MENDES DE MOURA;;-;;-;;-;1066/2023;NÃO;-;NÃO;-;NÃO;-;MATERIAL PERMANENTE;NÃO;;;;
NOTA DE EMPENHO;717;2023;PGJ;NOTA DE EMPENHO-717-2023-PGJ;8666/2023-97;LEI_8.666;DISPENSA;AQUISIÇÃO DE ROUPAS PARA EQUIPE DE CERIMONIAL;06.837.645/0001-60;PINTOS LTDA;31/07/2023;31/12/2023;31/12/2023;-933;FORA DO PRAZO;FORA DO PRAZO;R$ 15.306,93;R$ 0,00;R$ 0,00;NÃO;CCS;20121;CRISTIANE PINHEIRO DA SILVA;;-;;-;;-;3111/2023;NÃO;;NÃO;-;SIM;1;MATERIAL DE CONSUMO;NÃO;;;;
CONTRATO;38;2023;PGJ;CONTRATO-38-2023-PGJ;23754/2023-48;LEI_8.666;DISPENSA;FORNECIMENTO DE LIVROS NACIONAIS DE DIREITO;08.065.700/0001-76;EXITO DISTRIBUIDORA E COMERCIO DE LIVROS LTDA;01/08/2023;01/08/2024;01/08/2024;-719;FORA DO PRAZO;FORA DO PRAZO;R$ 8.086,30;R$ 0,00;R$ 0,00;NÃO;CEAF;266;DANIEL RIBEIRO MARQUES;;-;;-;;-;3134/2023;NÃO;;NÃO;-;NÃO;-;MATERIAL DE CONSUMO;NÃO;;;;
CONTRATO;39;2023;PGJ;CONTRATO-39-2023-PGJ;20000/2023-39;LEI_8.666;ADESÃO;CESSÃO DE USO DE SOFTWARE (MODALIDADE EAS) DA MICROSOFT;19.877.285/0002-52;LANLINK SOLUCOES E COMERCIALIZACAO EM INFORMATICA S/A;09/08/2023;09/08/2026;09/08/2026;19;RENOVAÇÃO URGENTE;EM VIGÊNCIA;R$ 287.208,72;R$ 287.208,72;R$ 287.208,72;NÃO;CTI;294;MARCIEL FERREIRA LIMA;;-;;-;;-;3213/2023;SIM;;NÃO;-;NÃO;-;SERVIÇOS DE TI;SIM;;;;
CONTRATO;10;2023;FEPDC;CONTRATO-10-2023-FEPDC;22611/2023-54;LEI_14.133;DISPENSA;EMPRESA ESPECIALIZADA NA PRESTAÇÃO DE SERVIÇOS SECURITÁRIOS PARA OS VEÍCULOS PERTENCENTES A FROTA PROPRIA DO FPDC;90.180.605/0001-02;GENTE SEGURADORA S.A ;15/09/2023;15/09/2024;15/09/2026;56;RENOVAÇÃO URGENTE;EM VIGÊNCIA;R$ 7.233,25;R$ 0,00;R$ 14.749,70;NÃO;CAA;310;GUILHERME SANTOS DE ANDRADE;;-;;-;;;804/2024;NÃO;;SIM;2;SIM;1;SERVIÇOS DE SEGURO;SIM;;;;
CONTRATO;32;2023;FMMPPI;CONTRATO-32-2023-FMMPPI;23613/2022-56;LEI_8.666;TOMADA DE PREÇOS;REFORMA PARA ABRIGAR AS PROMOTORIAS DE JUSTIÇA DE OEIRAS;49.098.341/0001-30;PESSOA E SILVA ENGENHARIA LTDA;10/08/2023;10/08/2024;10/08/2024;-710;FORA DO PRAZO;FORA DO PRAZO;R$ 187.808,87;R$ 0,00;R$ 0,00;NÃO;CPPT;15821;ANDRÉ CASTELO BRANCO RIBEIRO;;-;;-;;-;3268/2023;NÃO;;NÃO;-;NÃO;-;SERVIÇOS DE ENGENHARIA;NÃO;;;;
CONTRATO;40;2023;PGJ;CONTRATO-40-2023-PGJ;25701/2023-79;LEI_8.666;PREGÃO ELETRÔNICO;AQUISIÇÃO DE MATERIAL DE LIMPEZA E HIGIENE;07.239.237/0001-79;C L BESERRA & CIA LTDA EPP;14/08/2023;14/08/2024;14/08/2024;-706;FORA DO PRAZO;FORA DO PRAZO;R$ 137.045,00;R$ 0,00;R$ 0,00;NÃO;CAA;20026;FELIPE ARLLEM REZENDE;;-;;-;;-;3270/2023;NÃO;;NÃO;-;NÃO;-;MATERIAL DE CONSUMO;NÃO;;;;
NOTA DE EMPENHO;741;2023;PGJ;NOTA DE EMPENHO-741-2023-PGJ;11717/2023-73;LEI_8.666;DISPENSA;VESTES TALARES PARA OS MEMBROS DA PROCURADORIA GERAL DE JUSTICA ;011.389.603-49;MARIA HILDA MAGALHÃES MONTEIRO;10/08/2023;31/12/2023;31/12/2023;-933;FORA DO PRAZO;FORA DO PRAZO;R$ 16.800,00;R$ 0,00;R$ 0,00;NÃO;CCS;15813;LÍCIA ALENCAR BOTELHO;;-;;-;;-;3266/2023;NÃO;;NÃO;-;NÃO;-;MATERIAL PERMANENTE;NÃO;;;;
CONTRATO;41;2023;PGJ;CONTRATO-41-2023-PGJ;25575/2023-51;LEI_8.666;PREGÃO ELETRÔNICO;SERVIÇOS CONTINUADOS DE AUXILIAR ADMINISTRATIVO  NAS CIDADES DE TERESINA E CAMPO MAIOR;04.276.973/0001-09;EPSG EMPRESA DE PORTARIA E SERVICOS GERAIS LTDA ME;17/08/2023;17/08/2024;17/08/2026;27;RENOVAÇÃO URGENTE;EM VIGÊNCIA;R$ 485.221,44;R$ 0,00;R$ 1.169.280,87;NÃO;CAA;173;ALCIVAN DA COSTA MARQUES;20259;JOSSELLINI DOS SANTOS SOUSA ;20269;FABIANA ROCHA AGUIAR NOGUEIRA;;-;4211/2025;SIM;5%;SIM;1;SIM;1;SERVIÇOS DE MÃO DE OBRA;SIM;;;;
CONTRATO;42;2023;PGJ;CONTRATO-42-2023-PGJ;21390/2023-78;LEI_8.666;DISPENSA;SERVIÇO DE AVALIAÇÃO MERCADOLÓGICA DOS ALUGUEIS;20.458.756/0001-96;PORTO IMOBILIÁRIA LTDA - ME;25/08/2023;25/08/2024;25/08/2024;-695;FORA DO PRAZO;FORA DO PRAZO;R$ 8.800,00;R$ 0,00;R$ 0,00;NÃO;CPPT;20120;LARISSA RAQUEL TEIXEIRA ALVES;;-;;-;;-;3430/2023;NÃO;;NÃO;-;NÃO;-;SERVIÇOS;NÃO;;;;
CONTRATO;43;2023;PGJ;CONTRATO-43-2023-PGJ;1160/2023-44;LEI_8.666;PREGÃO ELETRÔNICO;EMPRESA  ESPECIALIZADA  NA PRESTAÇÃO DE SERVIÇOS DE ASSISTENTE SOCIAL E PEDAGOGO.;23.080.111/0001-50;A3 LOCAÇÃO DE MÃO DE OBRA E SERVIÇOS LTDA;30/08/2023;30/07/2025;22/07/2025;-364;FORA DO PRAZO;FORA DO PRAZO;R$ 404.021,91;R$ 0,00;R$ 0,00;NÃO;CAA;173;ALCIVAN DA COSTA MARQUES;204;THIAGO NOGUEIRA DE SOUSA MARTINS ALMEIDA;20026;FELIPE ARLLEM REZENDE;;-;3496/2023;SIM;5%;NÃO;-;NÃO;-;SERVIÇOS DE MÃO DE OBRA;SIM;;;;
NOTA DE EMPENHO;795;2023;PGJ;NOTA DE EMPENHO-795-2023-PGJ;7361/2023-23;LEI_8.666;INEXIGIBILIDADE;PRODUÇÃO, VENDA E PERSONALIZAÇÃO DE COPOS DE ARGILA COM IMGAENS REFERECIA AS PINTURAS RUPESTRES DA SERRA DA CAPIVARA ;00.195.936/0001-15;CERAMICA ARTESANAL SERRA DA CAPIVARA LTDA;25/08/2023;31/12/2023;31/12/2023;-933;FORA DO PRAZO;FORA DO PRAZO;R$ 6.000,00;R$ 0,00;R$ 0,00;NÃO;CCS;15813;LÍCIA ALENCAR BOTELHO;;-;;-;;-;3448/2023;NÃO;;NÃO;-;NÃO;-;MATERIAL PERMANENTE;NÃO;;;;
NOTA DE EMPENHO;817;2023;PGJ;NOTA DE EMPENHO-817-2023-PGJ;27825/2023-54;LEI_8.666;DISPENSA;CURSO DE PRODUÇÃO ACADÊMICA DE ARTIGOS CIENTÍFICOS E ESTRATÉGIAS DE PUBLICAÇÃO;592.122.923-72;AURICELIA NASCIMENTO MELO;01/09/2023;31/12/2023;31/12/2023;-933;FORA DO PRAZO;FORA DO PRAZO;R$ 4.480,00;R$ 0,00;R$ 0,00;NÃO;CEAF;378;ZÉLIA BEATRIZ MORAIS FERNANDES SOBRAL;;-;;-;;-;3595/2023;NÃO;;NÃO;-;NÃO;-;CURSOS;NÃO;;;;
NOTA DE EMPENHO;825;2023;PGJ;NOTA DE EMPENHO-825-2023-PGJ;25370/2023-27;LEI_8.666;INEXIGIBILIDADE;CURSO DE RETENÇÕES TRIBUTÁRIAS DE CONTRATOS;09.094.300/0001-51;OPEN TREINAMENTOS EMPRESARIAIS E EDITORA LTDA EPP;06/09/2023;31/12/2023;31/12/2023;-933;FORA DO PRAZO;FORA DO PRAZO;R$ 19.740,00;R$ 0,00;R$ 0,00;NÃO;CCF;280;SÉRGIO ALVES NORONHA;;-;;-;;-;3645/2023;NÃO;;NÃO;-;NÃO;-;CURSOS;NÃO;;;;
NOTA DE EMPENHO;41;2023;FMMPPI;NOTA DE EMPENHO-41-2023-FMMPPI;25973/2023-72;LEI_8.666;DISPENSA;AQUISIÇÃO E INSTALAÇÃO DE CERCA ELÉTRICA PARA PROTEÇÃO DOS IMÓVEIS DO MPPI ;12.024.411/0001-04;GUSTAVO ARAUJO DE BRITO;05/09/2023;31/12/2023;31/12/2023;-933;FORA DO PRAZO;FORA DO PRAZO;R$ 7.967,00;R$ 0,00;R$ 0,00;NÃO;CAA;15450;ANTÔNIO MARCOS PESSOA;;-;;-;;-;3623/2023;NÃO;;NÃO;-;NÃO;-;MATERIAL PERMANENTE;NÃO;;;;
CONTRATO;45;2023;PGJ;CONTRATO-45-2023-PGJ;2611/2023-54;LEI_14.133;DISPENSA;EMPRESA ESPECIALIZADA NA PRESTAÇÃO DE SERVIÇOS SECURITÁRIOS PARA OS VEÍCULOS PERTENCENTES A FROTA PROPRIA DA PGJ ;90.180.605/0001-02;GENTE SEGURADORA S.A ;15/09/2023;15/09/2024;15/09/2026;56;RENOVAÇÃO URGENTE;EM VIGÊNCIA;R$ 46.999,26;R$ 0,00;R$ 102.879,26;NÃO;CAA;310;GUILHERME SANTOS DE ANDRADE;;-;;-;;;804/2024;NÃO;;SIM;3;NÃO;-;SERVIÇOS DE SEGURO;SIM;;;;
CONTRATO;5;2023;FEPDC;CONTRATO-5-2023-FEPDC;11103/2023-63;LEI_8.666;DISPENSA;PRESTAÇÃO DE SERVIÇOS SECURITÁRIOS PARA 01 VEÍCULO COM COBERTURA CONTRA DANOS MATERIAIS E CORPORAIS RESULTANTES DE SINISTROS DE ROUBO OU FURTO , COLISÃO , INCÊNDIO , DANOS CAUSADOS PELA NATUREZA E ASSISTÊNCIA 24 HORAS;61.198.164/0001-60;CADASTRE O FORNECEDOR;11/05/2023;11/05/2024;11/05/2024;-801;FORA DO PRAZO;FORA DO PRAZO;R$ 5.381,08;R$ 0,00;R$ 0,00;NÃO;CAA;199;JONATAN SANTOS DE CASTRO;;-;;-;;-;1803/2023;NÃO;;NÃO;-;NÃO;-;SERVIÇOS DE SEGURO;SIM;;;;
CONTRATO;44;2023;PGJ;CONTRATO-44-2023-PGJ;9476/2023-04;LEI_8.666;PREGÃO ELETRÔNICO;AQUISIÇÃO DE AGUA MINERAL  PARA MPPI;07.239.237/0001-79;C L BESERRA & CIA LTDA EPP;14/09/2023;14/09/2024;14/09/2024;-675;FORA DO PRAZO;FORA DO PRAZO;R$ 13.695,00;R$ 0,00;R$ 0,00;NÃO;CAA;20026;FELIPE ARLLEM REZENDE;;-;;-;;-;3774/2023;NÃO;;NÃO;-;NÃO;-;MATERIAL PERMANENTE;NÃO;;;;
CONTRATO;49;2023;PGJ;CONTRATO-49-2023-PGJ;9605/2023-13;LEI_8.666;PREGÃO ELETRÔNICO;AQUISIÇÃO DE MATERIAL DE EXPEDIENTE PARA O MPPI.;39.853.645/0001-02;LAÍS G DE SOUSA EIRELI;18/09/2023;18/09/2023;18/09/2023;-1037;FORA DO PRAZO;FORA DO PRAZO;R$ 1.837,90;R$ 0,00;R$ 0,00;NÃO;CAA;20026;FELIPE ARLLEM REZENDE;;-;;-;;-;3832/2023;NÃO;;NÃO;-;NÃO;-;MATERIAL DE CONSUMO;NÃO;;;;
CONTRATO;46;2023;PGJ;CONTRATO-46-2023-PGJ;9107/2023-38;LEI_8.666;PREGÃO ELETRÔNICO;AUXILIAR ADMINISTRATIVO PRA CIDADE DE PEDRO II;04.276.973/0001-09;EPSG EMPRESA DE PORTARIA E SERVICOS GERAIS LTDA ME;18/09/2023;18/09/2024;18/09/2026;59;RENOVAÇÃO URGENTE;EM VIGÊNCIA;R$ 43.159,44;R$ 0,00;R$ 101.991,26;NÃO;CAA;173;ALCIVAN DA COSTA MARQUES;20259;JOSSELLINI DOS SANTOS SOUSA ;20269;FABIANA ROCHA AGUIAR NOGUEIRA;;-;4211/2025;SIM;5%;SIM;1;NÃO;-;SERVIÇOS DE MÃO DE OBRA;SIM;;;;
CONTRATO;47;2023;PGJ;CONTRATO-47-2023-PGJ;29408/2023-94;LEI_8.666;PREGÃO ELETRÔNICO;AQUISIÇÃO DE GÊNEROS ALIMENTÍCIOS E COPA;64.106.552/0001-61;DPS GONCALVES INDUSTRIA E COMERCIO DE ALIMENTOS LTDA;20/09/2023;20/09/2024;20/09/2024;-669;FORA DO PRAZO;FORA DO PRAZO;R$ 37.800,00;R$ 0,00;R$ 0,00;NÃO;CAA;20026;FELIPE ARLLEM REZENDE;;-;;-;;-;3890/2023;NÃO;;NÃO;-;NÃO;-;MATERIAL DE CONSUMO;NÃO;;;;
NOTA DE EMPENHO;868;2023;PGJ;NOTA DE EMPENHO-868-2023-PGJ;8066/2023-15;LEI_8.666;DISPENSA;PLACA DE SINALIZAÇÃO DE SEGURANÇA CONTRA INCÊNDIO, FOTOLUMINESCENTE RETANGULAR;42.231.347/0001-95;EMANUELLE ERICA AMORIM LIMA 02699695351 ME;20/09/2023;31/12/2023;31/12/2023;-933;FORA DO PRAZO;FORA DO PRAZO;R$ 6.600,00;R$ 0,00;R$ 0,00;NÃO;CAA;15450;ANTÔNIO MARCOS PESSOA;;-;;-;;-;3932/2023;NÃO;;NÃO;-;NÃO;-;MATERIAL PERMANENTE;NÃO;;;;
CONTRATO;50;2023;PGJ;CONTRATO-50-2023-PGJ;31065/2023-22;LEI_14.133;DISPENSA;PRESTAÇÃO DE SERVIÇO DE BUFFET PARA POSSE DO PROCURADOR-GERAL DE JUSTIÇA;04.654.223/0001-23;C. S. ALIMENTAÇÃO LTDA;29/09/2023;29/09/2024;29/09/2024;-660;FORA DO PRAZO;FORA DO PRAZO;R$ 40.000,00;R$ 0,00;R$ 0,00;NÃO;CCS;15813;LÍCIA ALENCAR BOTELHO;;-;;-;;-;4096/2023;NÃO;;NÃO;-;NÃO;-;SERVIÇOS;NÃO;;;;
CONTRATO;33;2023;FMMPPI;CONTRATO-33-2023-FMMPPI;30713/2023-85;LEI_8.666;PREGÃO ELETRÔNICO;AQUISIÇÃO DE CÂMERAS VHD, DVR E DISCO RÍGIDO (HD);41.010.629/0001-08;VGVIRTUAL COMERCIO ELETRONICO LTDA;03/10/2023;03/10/2024;03/10/2024;-656;FORA DO PRAZO;FORA DO PRAZO;R$ 95.574,71;R$ 0,00;R$ 0,00;NÃO;CAA;307;AIRTON ALVES MENDES DE MOURA;;-;;-;;-;4115/2023;NÃO;;NÃO;-;NÃO;-;MATERIAL PERMANENTE;NÃO;;;;
NOTA DE EMPENHO;918;2023;PGJ;NOTA DE EMPENHO-918-2023-PGJ;27080/2023-90;LEI_8.666;DISPENSA;CURSO DE CAPACITAÇÃO DOS SERVIDORES DE PARNAÍBA SOBRE MEDIDAS DE PROTEÇÃO CONTRA INCÊNDIO;03.778.391/0004-00;SERVIÇO NACIONAL DE APRENDIZAGEM COMERCIAL - SENAC;03/10/2023;31/12/2023;31/12/2023;-933;FORA DO PRAZO;FORA DO PRAZO;R$ 3.663,00;R$ 0,00;R$ 0,00;NÃO;CEAF;378;ZÉLIA BEATRIZ MORAIS FERNANDES SOBRAL;;-;;-;;-;4117/2023;NÃO;;NÃO;-;NÃO;-;SERVIÇOS;NÃO;;;;
CONTRATO;51;2023;PGJ;CONTRATO-51-2023-PGJ;30734/2023-03;LEI_8.666;PREGÃO ELETRÔNICO;AQUISIÇÃO DE MATERIAL DE CONSUMO SENSOR DE PRESENÇA/ BATERIA/SIRENE/CABOS/FONTE E CABO CFTV/BALUN/CONECTORES/ CAIXAS ORGANIZACIONAIS ;49.490.183/0001-60;EMPRESA T L SOLUCOES TECNOLOGICAS LTDA;09/10/2023;09/10/2024;09/10/2024;-650;FORA DO PRAZO;FORA DO PRAZO;R$ 19.935,45;R$ 0,00;R$ 0,00;NÃO;CAA;307;AIRTON ALVES MENDES DE MOURA;;-;;-;;-;4175/2023;NÃO;;NÃO;-;NÃO;-;MATERIAL DE CONSUMO;NÃO;;;;
NOTA DE EMPENHO;926;2023;PGJ;NOTA DE EMPENHO-926-2023-PGJ;29209/2023-31;LEI_8.666;INEXIGIBILIDADE;CURSO DE CAPACITAÇÃO COM A TEMÁTICA PREVENÇÃO E DETECÇÃO DE FRAUDES EM LICITAÇÕES E CONTRATOS (DE ACORDO COM A LEI 14.133.21) PARA ATÉ 50 (CINQUENTA) MEMBROS E SERVIDORES DO MPPI, BEM COMO INTEGRANTES DE ÓRGÃOS COM OS QUAIS O MPPI MANTÉM COOPERAÇÃO OU CONVÊNIO CONFORME INEXIGIBILIDADE Nº 07/2023, ART. 25, II, LEI Nº 8.666/93.;32.380.894/0001-89;"3R CAPACITA COMERCIO DE MATERIAIS DIDATICOS E SERVICOS
EDUCACIONAIS LTDA";09/10/2023;31/12/2023;31/12/2023;-933;FORA DO PRAZO;FORA DO PRAZO;R$ 30.000,00;R$ 0,00;R$ 0,00;NÃO;CEAF;378;ZÉLIA BEATRIZ MORAIS FERNANDES SOBRAL;;-;;-;;-;4170/2023;NÃO;;NÃO;-;NÃO;-;SERVIÇOS;NÃO;;;;
CONTRATO;37;2023;FMMPPI;CONTRATO-37-2023-FMMPPI;30726/2023-25;LEI_8.666;PREGÃO ELETRÔNICO;AQUISIÇÃO DE FECHADURAS, INTERFONES, COFRE ELETÔNICO E RÁDIO COMUNICADOR;14.956.632/0001-38;CFR SOLUÇÕES LTDA;09/10/2023;09/10/2024;09/10/2024;-650;FORA DO PRAZO;FORA DO PRAZO;R$ 23.003,54;R$ 0,00;R$ 0,00;NÃO;CAA;307;AIRTON ALVES MENDES DE MOURA;;-;;-;;-;4183/2023;NÃO;;NÃO;-;SIM;1;MATERIAL PERMANENTE;NÃO;;;;
NOTA DE EMPENHO;961;2023;PGJ;NOTA DE EMPENHO-961-2023-PGJ;27958/2023-88;LEI_8.666;INEXIGIBILIDADE;CURSO DE EXECUÇÃO ORÇAMENTÁRIA, FINANCEIRA E CONTÁBIL DE FORMA INTEGRADA NA ADMINISTRAÇÃO PÚBLICA NO FORMATO REMOTO;36.003.671/0001-53;CONSULTRE CONSULTORIA E TREINAMENTO LTDA;10/10/2023;31/12/2023;31/12/2023;-933;FORA DO PRAZO;FORA DO PRAZO;R$ 11.450,00;R$ 0,00;R$ 0,00;NÃO;CEAF;280;SÉRGIO ALVES NORONHA;;-;;-;;-;4196/2023;NÃO;;NÃO;-;NÃO;-;CURSOS;NÃO;;;;
CONTRATO;35;2023;FMMPPI;CONTRATO-35-2023-FMMPPI;30773/2023-17;LEI_8.666;PREGÃO ELETRÔNICO;AQUISIÇÃO DE CENTRAL DE ALARME E CENTRAL DE CHOQUE;05.205.057/0001-40;MJP INFORMÁTICA E SERVIÇOS LTDA;13/10/2023;13/10/2024;13/10/2024;-646;FORA DO PRAZO;FORA DO PRAZO;R$ 2.433,34;R$ 0,00;R$ 0,00;NÃO;CAA;307;AIRTON ALVES MENDES DE MOURA;;-;;-;;-;4228/2023;NÃO;;NÃO;-;NÃO;-;MATERIAL PERMANENTE;NÃO;;;;
CONTRATO;52;2023;PGJ;CONTRATO-52-2023-PGJ;7181/2023-34;LEI_8.666;PREGÃO ELETRÔNICO;PRESTAÇÃO DE SERVIÇOS GRÁFICOS;03.930.566/0001-00;ODIMILSOM ALVES PEREIRA ‑ EPP;10/10/2023;10/10/2024;10/10/2028;812;EM VIGÊNCIA;EM VIGÊNCIA;R$ 268.445,00;R$ 0,00;R$ 1.113.404,00;NÃO;CCS;20064;MARCOS VINÍCIUS LIMA VIEIRA;15486;JOSÉ MARQUES DA SILVA;231;THIAGO PEREIRA E SILVA;;-;4221/2023;NÃO;;SIM;1;NÃO;-;SERVIÇOS;NÃO;;;;
NOTA DE EMPENHO;968;2023;PGJ;NOTA DE EMPENHO-968-2023-PGJ;2203/2023-12;LEI_8.666;DISPENSA;AQUISIÇÃO DE COMPRA DE RECARGA DE BOTIJÕES DE GÁS ;06.511.885.0010/60;COMÉRCIO CARVALHO LTDA;11/10/2023;31/12/2023;31/12/2023;-933;FORA DO PRAZO;FORA DO PRAZO;R$ 416,00;R$ 0,00;R$ 0,00;NÃO;CAA;416;SILMARA DE SAMPAIO SOUSA;;-;;-;;-;4245/2023;NÃO;;NÃO;-;NÃO;-;MATERIAL DE CONSUMO;NÃO;;;;
CONTRATO;36;2023;FMMPPI;CONTRATO-36-2023-FMMPPI;30744/2023-24;LEI_8.666;PREGÃO ELETRÔNICO;AQUISIÇÃO DE CLAVICULÁRIO PARA 128 CHAVES;39.236.457/0001-35; JR2 COMERCIO DE VARIEDADES LTDA;11/10/2023;11/10/2024;11/10/2024;-648;FORA DO PRAZO;FORA DO PRAZO;R$ 11.200,00;R$ 0,00;R$ 0,00;NÃO;CAA;307;AIRTON ALVES MENDES DE MOURA;;-;;-;;-;4219/2023;NÃO;;NÃO;-;NÃO;-;MATERIAL PERMANENTE;NÃO;;;;
CONTRATO;34;2023;FMMPPI;CONTRATO-34-2023-FMMPPI;30738/2023-89;LEI_8.666;PREGÃO ELETRÔNICO;AQUISIÇÃO DE REFLETORES ;44.056.672/0001-94;T. DE CARVALHO COUTINHO ILUMINAÇÃO ;18/10/2023;18/10/2024;18/10/2024;-641;FORA DO PRAZO;FORA DO PRAZO;R$ 2.722,00;R$ 0,00;R$ 0,00;NÃO;CAA;307;AIRTON ALVES MENDES DE MOURA;;-;;-;;-;4273/2023;NÃO;;NÃO;-;NÃO;-;MATERIAL DE CONSUMO;NÃO;;;;
CONTRATO;53;2023;PGJ;CONTRATO-53-2023-PGJ;29491/2023-84;LEI_8.666;PREGÃO ELETRÔNICO;AQUISIÇÃO DE MATERIAL DE EXPEDIENTE;09.491.099/0001-46;MARCOS A ARRUDA DE FIGUEIREDO ME;24/10/2023;24/10/2024;24/10/2024;-635;FORA DO PRAZO;FORA DO PRAZO;R$ 16.892,45;R$ 0,00;R$ 0,00;NÃO;CAA;20026;FELIPE ARLLEM REZENDE;;-;;-;;-;4332/2023;NÃO;;NÃO;-;NÃO;-;MATERIAL DE CONSUMO;NÃO;;;;
CONTRATO;54;2023;PGJ;CONTRATO-54-2023-PGJ;29483/2023-09;LEI_8.666;PREGÃO ELETRÔNICO;AQUISIÇÃO DE ÁGUA MINERAL;09.491.099/0001-46;MARCOS A ARRUDA DE FIGUEIREDO ME;24/10/2023;24/10/2024;24/10/2024;-635;FORA DO PRAZO;FORA DO PRAZO;R$ 7.495,00;R$ 0,00;R$ 0,00;NÃO;CAA;20026;FELIPE ARLLEM REZENDE;;-;;-;;-;4330/2023;NÃO;;NÃO;-;NÃO;-;MATERIAL DE CONSUMO;NÃO;;;;
CONTRATO;39;2023;FMMPPI;CONTRATO-39-2023-FMMPPI;33642/2023-57;LEI_8.666;PREGÃO ELETRÔNICO;AQUISIÇÃO DE MATERIAL PERMANENTE (SMART TV, MICROONDAS E CAFETEIRA);09.491.099/0001-46;MARCOS A ARRUDA DE FIGUEIREDO ME;24/10/2023;24/10/2024;24/10/2024;-635;FORA DO PRAZO;FORA DO PRAZO;R$ 26.220,00;R$ 0,00;R$ 0,00;NÃO;CAA;307;AIRTON ALVES MENDES DE MOURA;;-;;-;;-;4338/2023;NÃO;;SIM;1;NÃO;-;MATERIAL PERMANENTE;NÃO;;;;
CONTRATO;38;2023;FMMPPI;CONTRATO-38-2023-FMMPPI;1360/2023-76;LEI_8.666;PREGÃO ELETRÔNICO;TESTE DE ESTANQUEIDADE A SER REALIZADO NO PRÉDIO DA ZONA LESTE PARA VERIFICAR A INTEGRIDADE DA TUBULAÇÃO DE GÁS;07.721.248/0001-90;RODRIGUES E SARMENTO LTDA;25/10/2023;25/10/2024;25/10/2024;-634;FORA DO PRAZO;FORA DO PRAZO;R$ 900,00;R$ 0,00;R$ 0,00;NÃO;CPPT;226;CAROL CHAVES MESQUITA E FERREIRA;;-;;-;;-;4344/023;NÃO;;NÃO;-;NÃO;-;SERVIÇOS;NÃO;;;;
NOTA DE EMPENHO ;53;2023;PGJ;CONTRATO-53-2023-PGJ;5588/2023-24;LEI_8.666;DISPENSA;CONFECÇÃO DE PROVAS ESCRITAS QUE SERÃO SUBMETIDOS AOS CANDIDATOS DO V PROCESSO SELETIVO DE ESTAGIÁRIOS DE NIVEL SUPERIOR -  PÓS GRADUAÇÃO ;02.546.081/0001-55;GRÁFICA ARCO IRIS LTDA;27/10/2023;31/12/2023;31/12/2023;-933;FORA DO PRAZO;FORA DO PRAZO;R$ 4.873,60;R$ 0,00;R$ 0,00;NÃO;CCS;122;SHAIANNA DA COSTA ARAÚJO;;-;;-;;-;4395/2023;NÃO;;NÃO;-;NÃO;-;MATERIAL DE CONSUMO;NÃO;;;;
CONTRATO;41;2023;FMMPPI;CONTRATO-41-2023-FMMPPI;17478/2023-67;LEI_8.666;PREGÃO ELETRÔNICO;AQUISIÇÃO DE CAFETEIRAS;45.769.285/0001-68;REDNOV FERRAMENTAS LTDA;30/10/2023;30/10/2024;30/10/2024;-629;FORA DO PRAZO;FORA DO PRAZO;R$ 9.369,75;R$ 0,00;R$ 0,00;NÃO;CAA;307;AIRTON ALVES MENDES DE MOURA;;-;;-;;-;4413/2023;NÃO;;NÃO;-;NÃO;-;MATERIAL PERMANENTE;NÃO;;;;
NOTA DE EMPENHO;1038;2023;PGJ;NOTA DE EMPENHO-1038-2023-PGJ;29869/2023-28;LEI_8.666;DISPENSA;AQUISIÇÃO DE PLANTAS ORNAMENTAIS;30.871.301/0001-51;L ALVES DA SILVA-ME;30/10/2023;31/12/2023;31/12/2023;-933;FORA DO PRAZO;FORA DO PRAZO;R$ 4.000,00;R$ 0,00;R$ 0,00;NÃO;CAA;15450;ANTÔNIO MARCOS PESSOA;;-;;-;;-;4427/2023;NÃO;;NÃO;-;NÃO;-;MATERIAL DE CONSUMO;NÃO;;;;
CONTRATO;42;2023;FMMPPI;CONTRATO-42-2023-FMMPPI;32492/2023-17;LEI_8.666;PREGÃO ELETRÔNICO;AQUISIÇÃO E INSTALAÇÃO DE LETREIROS;11.717.623/0001-04;J.G.GRÁFICA E EDITORA LTDA;31/10/2023;31/10/2024;31/10/2024;-628;FORA DO PRAZO;FORA DO PRAZO;R$ 18.096,80;R$ 0,00;R$ 0,00;NÃO;CAA;15450;ANTÔNIO MARCOS PESSOA;;-;;-;;-;4439/2023;NÃO;;NÃO;-;NÃO;-;MATERIAL PERMANENTE;NÃO;;;;
CONTRATO;55;2023;PGJ;CONTRATO-55-2023-PGJ;34680/2023-87;LEI_8.666;DISPENSA;CONFECÇÃO E FORNECIMENTO DE CRACHÁS FUNCIONAIS;11.495.792/0001-39;D. M. FERREIRA AMORIM;07/11/2023;07/11/2024;07/11/2024;-621;FORA DO PRAZO;FORA DO PRAZO;R$ 11.000,00;R$ 0,00;R$ 0,00;NÃO;CRH;287;SOLANGE DE OLIVEIRA COSTA;;-;;-;;-;4511/2023;NÃO;;NÃO;-;NÃO;-;MATERIAL DE CONSUMO;NÃO;;;;
CONTRATO;43;2023;FMMPPI;CONTRATO-43-2023-FMMPPI;35018/2023-56;LEI_8.666;PREGÃO ELETRÔNICO;AQUISIÇÃO DE REFRIGERADOR - FRIGOBAR;44.854.551/0001-98;A ECONÔMICA COMÉRCIO;10/11/2023;10/11/2024;10/11/2024;-618;FORA DO PRAZO;FORA DO PRAZO;R$ 14.568,00;R$ 0,00;R$ 0,00;NÃO;CAA;307;AIRTON ALVES MENDES DE MOURA;;-;;-;;-;4589/2023;NÃO;;NÃO;-;NÃO;-;MATERIAL PERMANENTE;NÃO;;;;
CONTRATO;44;2023;FMMPPI;CONTRATO-44-2023-FMMPPI;35020/2023-02;LEI_8.666;PREGÃO ELETRÔNICO;AQUISIÇÃO DE BEBEDOURO, TIPO COLUNA, PARA GARRAFÃO DE 20 LITROS;44.660.577/0001-03;SP DRONES E COMERCIO LTDA;16/11/2023;16/11/2024;16/11/2024;-612;FORA DO PRAZO;FORA DO PRAZO;R$ 5.989,50;R$ 0,00;R$ 0,00;NÃO;CAA;307;AIRTON ALVES MENDES DE MOURA;;-;;-;;-;4640/2023;NÃO;;NÃO;-;NÃO;-;MATERIAL PERMANENTE;NÃO;;;;
CONTRATO;45;2023;FMMPPI;CONTRATO-45-2023-FMMPPI;35019/2023-29;LEI_8.666;PREGÃO ELETRÔNICO;AQUISIÇÃO DE GERADOR 240 LITROS;49.949.246/0001-01;NOVA MIX LTDA;17/11/2023;17/11/2024;17/11/2024;-611;FORA DO PRAZO;FORA DO PRAZO;R$ 3.861,00;R$ 0,00;R$ 0,00;NÃO;CAA;307;AIRTON ALVES MENDES DE MOURA;;-;;-;;-;4654/2023;NÃO;;NÃO;-;NÃO;-;MATERIAL PERMANENTE;NÃO;;;;
CONTRATO;46;2023;FMMPPI;CONTRATO-46-2023-FMMPPI;32497/2023-76;LEI_8.666;PREGÃO ELETRÔNICO;AQUISIÇÃO DE MATERIAL PERMANENTE (PLACAS);70.032.776/0001-79;NILTON PEREIRA BARROSO;22/11/2023;22/11/2024;22/11/2024;-606;FORA DO PRAZO;FORA DO PRAZO;R$ 19.500,00;R$ 0,00;R$ 0,00;NÃO;CAA;15450;ANTÔNIO MARCOS PESSOA;;-;;-;;-;4690/2023;NÃO;;NÃO;-;NÃO;-;MATERIAL PERMANENTE;NÃO;;;;
CONTRATO;48;2023;FMMPPI;CONTRATO-48-2023-FMMPPI;30769/2023-28;LEI_8.666;PREGÃO ELETRÔNICO;AQUISIÇÃO DE MONITORES E WEBCAM;44.562.943/0002-64;RML PRODUTOS IMPORTADOS LTDA;22/11/2023;22/11/2024;22/11/2024;-606;FORA DO PRAZO;FORA DO PRAZO;R$ 6.850,00;R$ 0,00;R$ 0,00;NÃO;CAA;307;AIRTON ALVES MENDES DE MOURA;;-;;-;;-;4719/2023;NÃO;;NÃO;-;NÃO;-;MATERIAL PERMANENTE;NÃO;;;;
CONTRATO;47;2023;FMMPPI;CONTRATO-47-2023-FMMPPI;35021/2023-72;LEI_8.666;PREGÃO ELETRÔNICO;"AQUISIÇÃO DE PROJETOR DE IMAGEM COM SUPORTE INCLUSO E TELA DE PROJEÇÃO MANUAL 100""";27.996.382/0001-01;R JUAREZ DE ALMEIDA;21/11/2023;21/11/2024;21/11/2024;-607;FORA DO PRAZO;FORA DO PRAZO;R$ 17.430,00;R$ 0,00;R$ 0,00;NÃO;CAA;307;AIRTON ALVES MENDES DE MOURA;;-;;-;;-;4720/2023;NÃO;;SIM;1;NÃO;-;MATERIAL PERMANENTE;NÃO;;;;
NOTA DE EMPENHO;61;2023;FMMPPI;NOTA DE EMPENHO-61-2023-FMMPPI;38403/2023-37;LEI_8.666;INEXIGIBILIDADE;CURSO ACERCA DA NOVA LEI DE LICITAÇÕES;42.912.077/0001-88;INSTITUTO PARTNER LTDA;30/11/2023;31/12/2023;31/12/2023;-933;FORA DO PRAZO;FORA DO PRAZO;R$ 19.800,00;R$ 0,00;R$ 0,00;NÃO;CAA;307;AIRTON ALVES MENDES DE MOURA;;-;;-;;-;4847/2023;NÃO;;NÃO;-;NÃO;-;CURSOS;NÃO;;;;
CONTRATO;49;2023;FMMPPI;CONTRATO-49-2023-FMMPPI;8117/2023-94;LEI_8.666;PREGÃO ELETRÔNICO;AQUISIÇÃO DE MATERIAL PERMANENTE, MOBÍLIA ( POLTRONAS);07.875.146/0001-20;SERRA MOBILE INDUSTRIA E COMERCIO LTDA;06/12/2023;06/12/2024;06/12/2024;-592;FORA DO PRAZO;FORA DO PRAZO;R$ 45.009,08;R$ 0,00;R$ 0,00;NÃO;CAA;307;AIRTON ALVES MENDES DE MOURA;;-;;-;;-;4899/2023;NÃO;;NÃO;-;NÃO;-;MATERIAL PERMANENTE;NÃO;;;;
CONTRATO;50;2023;FMMPPI;CONTRATO-50-2023-FMMPPI;9345/2023-15;LEI_8.666;PREGÃO ELETRÔNICO;AQUISIÇÃO DE MATERIAL PERMANENTE MOBÍLIA ( CADEIRAS);45.874.714/0001-67;A.N.D CAPELLI LTDA;06/12/2023;06/12/2024;06/12/2024;-592;FORA DO PRAZO;FORA DO PRAZO;R$ 21.750,00;R$ 0,00;R$ 0,00;NÃO;CAA;307;AIRTON ALVES MENDES DE MOURA;;-;;-;;-;4917/2023;NÃO;;NÃO;-;NÃO;-;MATERIAL PERMANENTE;NÃO;;;;
CONTRATO;56;2023;PGJ;CONTRATO-56-2023-PGJ;9767/2023-17;LEI_8.666;PREGÃO ELETRÔNICO;CONTRATAÇÃO DE SERVIÇO DE LOCAÇÃO DE VEÍCULOS, COM MOTORISTA CUSTEADO PELA CONTRADA E COMBUSTIVEL CUSTEADO PELA CONTRATANTE KM LIVRE;37.625.496/0001-07;WORLD SOFTWARE E LOCADORA LTDA;12/12/2023;12/12/2024;12/12/2024;-586;FORA DO PRAZO;FORA DO PRAZO;R$ 22.050,00;R$ 0,00;R$ 0,00;NÃO;CAA;310;GUILHERME SANTOS DE ANDRADE;;-;;-;;-;5021/2023;SIM;5%;NÃO;-;NÃO;-;OUTROS SERVIÇOS;SIM;;;;
CONTRATO;57;2023;PGJ;CONTRATO-57-2023-PGJ;39511/2023-42;LEI_8.666;PREGÃO ELETRÔNICO;LOCAÇÃO DE VEÍCULOS COM MOTORISTA;18.704.084/0001-00;MASTER SERVIÇOS LTDA;15/12/2023;15/12/2024;15/12/2024;-583;FORA DO PRAZO;FORA DO PRAZO;R$ 120.000,00;R$ 0,00;R$ 0,00;NÃO;CAA;310;GUILHERME SANTOS DE ANDRADE;;-;;-;;-;5026/2023;SIM;5%;NÃO;-;NÃO;-;OUTROS SERVIÇOS;SIM;;;;
CONTRATO;51;2023;FMMPPI;CONTRATO-51-2023-FMMPPI;24426/2023-24;LEI_8.666;TOMADA DE PREÇOS;REFORMA E AMPLIAÇÃO DA PROMOTORIA DE JUSTIÇA DE JERUMENHA;49.098.341/0001-30;PESSOA E SILVA ENGENHARIA LTDA;15/12/2023;15/12/2024;15/12/2024;-583;FORA DO PRAZO;FORA DO PRAZO;R$ 94.626,38;R$ 0,00;R$ 0,00;NÃO;CPPT;15821;ANDRÉ CASTELO BRANCO RIBEIRO;;-;;-;;-;5025/2023;NÃO;;NÃO;-;NÃO;-;SERVIÇOS DE ENGENHARIA;NÃO;;;;
CONTRATO;52;2023;FMMPPI;CONTRATO-52-2023-FMMPPI;8104/2023-57;LEI_8.666;PREGÃO ELETRÔNICO;AQUISIÇÃO DE MATERIAL PERMANENTE, MOBÍLIA (MESAS E GAVETEIROS);09.056.231/0001-91;APB COMERCIO DE MOVEIS LTDA-ME;15/12/2023;15/12/2024;15/12/2024;-583;FORA DO PRAZO;FORA DO PRAZO;R$ 21.126,00;R$ 0,00;R$ 0,00;NÃO;CAA;307;AIRTON ALVES MENDES DE MOURA;;-;;-;;-;5051/2023;SIM;5%;NÃO;-;NÃO;-;MATERIAL PERMANENTE;NÃO;;;;
NOTA DE EMPENHO;1255;2023;PGJ;NOTA DE EMPENHO-1255-2023-PGJ;2259/2023-54;LEI_8.666;DISPENSA;AQUISIÇÃO DE COMPRA DE RECARGA DE BOTIJÕES DE GÁS;29.263.656/0002-60;JOSIAS ESCORCIO DE BRITO NETO ;18/12/2023;18/12/2024;18/12/2024;-580;FORA DO PRAZO;FORA DO PRAZO;R$ 440,00;R$ 0,00;R$ 0,00;NÃO;CAA;172;-;;-;;-;;-;5102/2023;NÃO;;NÃO;-;NÃO;-;MATERIAL DE CONSUMO;NÃO;;;;
NOTA DE EMPENHO;1311;2023;PGJ;NOTA DE EMPENHO-1311-2023-PGJ;1542/2023-45;LEI_8.666;DISPENSA;AQUISIÇÃO DE COMPRA DE RECARGA DE BOTIJÕES DE GÁS;07.938.158/0001-56;S M DA SILVA ME (DISK IMPERIAL);22/12/2023;22/12/2024;22/12/2024;-576;FORA DO PRAZO;FORA DO PRAZO;R$ 1.800,00;R$ 0,00;R$ 0,00;NÃO;CAA;20026;FELIPE ARLLEM REZENDE;;-;;-;;-;23/2024;NÃO;;NÃO;-;NÃO;-;MATERIAL DE CONSUMO;NÃO;;;;
CONTRATO;60;2023;PGJ;CONTRATO-60-2023-PGJ;0539/2023-12;LEI_8.666;PREGÃO ELETRÔNICO;CONTRATAÇÃO DIRETA DE EMPRESA ESPECIALIZADA EM SERVIÇO DE MANUTENÇÃO CORRETIVA (CONSERTO) DE CANCELAS ;37.443.252/0001-03;LAS VEGAS SOLUCOES TECNOLOGICAS LTDA;21/12/2023;21/12/2024;21/12/2024;-577;FORA DO PRAZO;FORA DO PRAZO;R$ 4.072,90;R$ 0,00;R$ 0,00;NÃO;CAA;310;GUILHERME SANTOS DE ANDRADE;;-;;-;;-;20/2024;NÃO;;NÃO;-;NÃO;-;SERVIÇO DE MANUTENÇÃO;NÃO;;;;
CONTRATO;61;2023;PGJ;CONTRATO-61-2023-PGJ;1768/2023-06;LEI_8.666;PREGÃO ELETRÔNICO;AQUISIÇÃO DE MATERIAL DE MANUTENÇÃO E CONSTRUÇÃO PARA O  MPPI - LOTE II;44.657.167/0001-03;CONSTRUTORA ATHOS LTDA;20/12/2023;20/12/2024;20/12/2024;-578;FORA DO PRAZO;FORA DO PRAZO;R$ 1.565,55;R$ 0,00;R$ 0,00;NÃO;CAA;20026;FELIPE ARLLEM REZENDE;;-;;-;;-;24/2024;NÃO;;NÃO;-;NÃO;-;MATERIAL PERMANENTE;NÃO;;;;
CONTRATO;53;2023;FMMPPI;CONTRATO-53-2023-FMMPPI;8577/2023-77;LEI_8.666;INEXIGIBILIDADE;SOLUÇÃO PARA CONTORNAR E INDENTIFICAR BLOQUEIOS, EXTRAÇÃO, PROCESSAMENTO E ANALISE DE DADOS A PARTIR DE PLATAFORMAS ELETRÔNICAS PORTÁTEIS E SERVIÇOS DE COMPUTAÇÃO EM NUVEM ( CLOUD);05.757.597/0002-18;TECHBIZ FORENSE DIGITAL LTDA;20/12/2023;20/12/2024;20/12/2024;-578;FORA DO PRAZO;FORA DO PRAZO;R$ 315.676,48;R$ 0,00;R$ 0,00;NÃO;CTI;335;THIAGO DE ARAÚJO COSTA SOARES;;-;;-;;-;22/2024;NÃO;;NÃO;-;NÃO;-;SERVIÇOS DE TI;SIM;;;;
CONTRATO;58;2023;PGJ;CONTRATO-58-2023-PGJ;9810/2023-48;LEI_8.666;DISPENSA;PRESTAÇÃO DE SERVIÇO DE COBERTURA SECURITÁRIA ( APÓLICE ABERTA) PARA ASSEGURA VIDAS DE ESTAGIARÍOS E SERVIDORES VOLUNTÁRIOS DO MPPI ;87.883.807/0001-06;MBM SEGURADORA S.A;20/12/2023;11/01/2026;11/01/2027;174;INICIAR RENOVAÇÃO;EM VIGÊNCIA;R$ 960,00;R$ 0,00;R$ 2.064,00;NÃO;CRH;20256;GISELE SUYANE NASCIMENTO MORAIS;;-;;-;;-;4677/2025;NÃO;;SIM;2;NÃO;-;SERVIÇOS DE SEGURO;SIM;;;;
CONTRATO;59;2023;PGJ;CONTRATO-59-2023-PGJ;30797/2022-98;LEI_8.666;PREGÃO ELETRÔNICO;PRESTAÇÃO DE SERVIÇOS TÉCNICOS CONTINUADOS DE OPERAÇÃO, CONTROLE E MANUTENÇÃO PREVENTIVA E CORRETIVA, DOS SISTEMAS DE CLIMATIZAÇÃO DO EDIFÍCIO SEDE DA PGJ;21.497.130/0001-51;EMPRESA CLASSE A REFRIGERAÇÃO LTDA;20/12/2023;20/12/2025;20/12/2025;-213;FORA DO PRAZO;FORA DO PRAZO;R$ 289.135,56;R$ 0,00;R$ 431.128,44;NÃO;CAA;15450;ANTÔNIO MARCOS PESSOA;20269;FABIANA ROCHA AGUIAR NOGUEIRA;;-;;-;4194/2024;NÃO;;SIM;2;SIM;4;SERVIÇO DE MANUTENÇÃO;SIM;;;;
CONTRATO;48;2023;PGJ;CONTRATO-48-2023-PGJ;24998/2023-95;LEI_8.666;DISPENSA;PRESTAÇÃO DE SERVIÇOS DE INTERPRETAÇÃO SIMULTÂNEA EM LIBRAS;36.260.417/0001-30;ANDRESSA PATRICIA ALVES SOUSA 05965486308;21/09/2023;04/12/2025;10/01/2027;173;INICIAR RENOVAÇÃO;EM VIGÊNCIA;R$ 16.200,00;R$ 0,00;R$ 0,00;NÃO;CCS;15653;GABRYELA SOTERO DE OLIVEIRA;;-;;-;;-;3910/2023;NÃO;;NÃO;-;NÃO;-;OUTROS SERVIÇOS;NÃO;;;;
CONTRATO;28;2023;PGJ;CONTRATO-28-2023-PGJ;17790/2023-32;LEI_8.666;PREGÃO ELETRÔNICO;SERVIÇO DE PRODUÇÃO DE CARTILHAS, FOLDERS E BANNERS IMPRESSOS;45.271.989/0001-06;OPERA SOLUÇÕES GESTÃO EMPRESARIAL LTDA;14/06/2023;14/06/2024;20/12/2027;517;EM VIGÊNCIA;EM VIGÊNCIA;R$ 6.595,00;R$ 0,00;R$ 0,00;NÃO;CCS;122;SHAIANNA DA COSTA ARAÚJO;;-;;-;;-;2399/2023;NÃO;;NÃO;-;NÃO;-;MATERIAL DE CONSUMO;NÃO;;;;
CONTRATO;6;2023;FMMPPI;CONTRATO-6-2023-FMMPPI;7548/2023-84;LEI_8.666;PREGÃO ELETRÔNICO;AQUISIÇÃO DE MATERIAL PERMANENTE;18.706.498/0001-78;THE BEST PRODUTOS ELETRONICOS EIRELI EPP;08/05/2023;08/05/2024;08/05/2024;-804;FORA DO PRAZO;FORA DO PRAZO;R$ 7.800,00;R$ 0,00;R$ 80.692,42;NÃO;CAA;307;AIRTON ALVES MENDES DE MOURA;;-;;-;;-;1660/2023;NÃO;;SIM;1;NÃO;-;MATERIAL PERMANENTE;NÃO;;;;
CONTRATO;1;2024;FMMPPI;CONTRATO-1-2024-FMMPPI;1603/2023-02;LEI_8.666;PREGÃO ELETRÔNICO;EMPRESA ESPECIALIZADA NA PRESTAÇÃO DE SERVIÇO DE CONSERVAÇÃO E MANUTENÇÃO DE EDIFICAÇÕES;22.561.863/0001-70;MULTPAR SERVIÇOS DE CONSTRUÇÃO LTDA;10/01/2024;10/01/2025;10/01/2025;-557;FORA DO PRAZO;FORA DO PRAZO;R$ 36.091,44;R$ 0,00;R$ 0,00;NÃO;CPPT;226;CAROL CHAVES MESQUITA E FERREIRA;;-;;-;;-;43/2024;NÃO;;NÃO;-;NÃO;-;SERVIÇO DE MANUTENÇÃO;NÃO;;;;
CONTRATO;1;2024;PGJ;CONTRATO-1-2024-PGJ;1957/2023-57;LEI_8.666;PREGÃO ELETRÔNICO;EMPRESA ESPECIALIZADA NA PRESTAÇÃO DE SERVIÇOS DE MANUTENÇÃO PREVENTIVA E CORRETIVA COM FORNECIMENTO DE PEÇAS , DOS APARELHOS DE AR CONDICIONADO TIPO SPLIT, BEBEDOURO , PURIFICADOR DE ÁGUA, FRIGOBAR, GELADEIRA, RECARGA DE GÁS PARA SPLIT, GELDEIRA, FRIGOBAR E BEBEDOURO, BEM COMO PARA INSTALAÇÃO , DESINSTALAÇÃO E SUBSTITUIÇÃO DE APARELHOS DE AR CONDICIONADO;37.827.616/0001-40;EASWELL ENGENHARIA LTDA;10/01/2024;10/07/2025;10/07/2027;354;EM VIGÊNCIA;EM VIGÊNCIA;R$ 77.027,38;R$ 0,00;R$ 80.692,42;NÃO;CAA;15450;ANTÔNIO MARCOS PESSOA;20269;FABIANA ROCHA AGUIAR NOGUEIRA;20259;JOSSELLINI DOS SANTOS SOUSA ;;-;4190/2024;NÃO;;SIM;1;NÃO;-;SERVIÇO DE MANUTENÇÃO;SIM;;;;
CONTRATO;1;2024;FEPDC;CONTRATO-1-2024-FEPDC;10596/2024-95;LEI_8.666;PREGÃO ELETRÔNICO;AQUISIÇÃO DE ESTABILIZADORES ;37.583.132/0001-01;JOSADAC MENDES FAQUINELI;02/04/2024;02/04/2025;02/04/2025;-475;FORA DO PRAZO;FORA DO PRAZO;R$ 7.661,70;R$ 0,00;R$ 0,00;NÃO;CTI;15807;ÍTALO GARCIA ARAÚJO NOGUEIRA;;-;;-;;-;1099/2024;NÃO;;SIM;1;NÃO;-;SERVIÇOS DE TI;NÃO;;;;
CONTRATO;2;2024;FMMPPI;CONTRATO-2-2024-FMMPPI;11062/2023-12;LEI_8.666;TOMADA DE PREÇOS;OBRA DE REFORMA DA SEDE DAS PROMOTORIAS DE FLORIANO;40.294.178/0001-07;RAGG ENGENHARIA LTDA ME;30/01/2024;30/01/2025;30/01/2025;-537;FORA DO PRAZO;FORA DO PRAZO;R$ 102.154,05;R$ 0,00;R$ 0,00;NÃO;CPPT;15821;ANDRÉ CASTELO BRANCO RIBEIRO;;-;;-;;-;365/2024;NÃO;;NÃO;-;SIM;1;SERVIÇO DE MANUTENÇÃO - ENGENHARIA;NÃO;;;;
CONTRATO;2;2024;PGJ;CONTRATO-2-2024-PGJ;1964/2024-96;LEI_8.666;PREGÃO ELETRÔNICO;AQUISIÇÃO DE ÁGUA MINERAL PARA O MPPI;09.491.099/0001-46;MARCOS A ARRUDA DE FIGUEIREDO ME;07/02/2024;07/02/2025;07/02/2025;-529;FORA DO PRAZO;FORA DO PRAZO;R$ 29.020,00;R$ 0,00;R$ 0,00;NÃO;CAA;20026;FELIPE ARLLEM REZENDE;;-;;-;;-;429/2024;NÃO;;NÃO;-;NÃO;-;MATERIAL DE CONSUMO;NÃO;;;;
CONTRATO;2;2024;FEPDC;CONTRATO-2-2024-FEPDC;2067/2024-94;LEI_8.666;PREGÃO ELETRÔNICO;AQUISIÇÃO DE REFRIGERADOR FRIGOBAR 117 A 124 LITROS;44.854.551/0001-98;A ECONÔMICA COMÉRCIO;06/05/2024;06/05/2025;06/05/2025;-441;FORA DO PRAZO;FORA DO PRAZO;R$ 9.712,00;R$ 0,00;R$ 0,00;NÃO;CAA;307;AIRTON ALVES MENDES DE MOURA;;-;;-;;-;1502/2024;NÃO;;NÃO;-;NÃO;-;MATERIAL PERMANENTE;NÃO;;;;
CONTRATO;3;2024;PGJ;CONTRATO-3-2024-PGJ;1192/2024-85;LEI_8.666;PREGÃO ELETRÔNICO;AQUISIÇÃO DE GÊNEROS ALIMENTÍCIOS ;45.530.189/0001-62;A B F DE SOUSA SANTOS LTDA;08/02/2024;08/02/2025;08/02/2025;-528;FORA DO PRAZO;FORA DO PRAZO;R$ 2.842,00;R$ 0,00;R$ 0,00;NÃO;CAA;20026;FELIPE ARLLEM REZENDE;;-;;-;;-;458/2024;NÃO;;NÃO;-;NÃO;-;MATERIAL DE CONSUMO;NÃO;;;;
CONTRATO;3;2024;FMMPPI;CONTRATO-3-2024-FMMPPI;25450/2023-16;LEI_8.666;PREGÃO ELETRÔNICO;AQUISIÇÃO DE MATERIAL DESTINADO A MONTAR UM MINIPARQUE GRÁFICO (TERMOLAMINADORA E GRAMPEADOR);67.642.736/0001-34;SICOLI INDÚSTRIA E COMÉRCIO DE MÁQUINAS LTDA;27/02/2024;27/02/2025;27/02/2025;-509;FORA DO PRAZO;FORA DO PRAZO;R$ 8.280,00;R$ 0,00;R$ 0,00;NÃO;CCS;122;SHAIANNA DA COSTA ARAÚJO;;-;;-;;-;667/2024;NÃO;;NÃO;-;NÃO;-;MATERIAL PERMANENTE;NÃO;;;;
CONTRATO;3;2024;FEPDC;CONTRATO-3-2024-FEPDC;13829/2024-50;LEI_8.666;PREGÃO ELETRÔNICO;AQUISIÇÃO DE REFRIGERADOR 240 LITROS;49.949.246/0001-01;NOVA MIX LTDA;03/05/2024;03/05/2025;03/05/2025;-444;FORA DO PRAZO;FORA DO PRAZO;R$ 1.930,50;R$ 0,00;R$ 0,00;NÃO;CAA;307;AIRTON ALVES MENDES DE MOURA;;-;;-;;-;1489/2024;NÃO;;NÃO;-;NÃO;-;MATERIAL PERMANENTE;NÃO;;;;
CONTRATO;4;2024;PGJ;CONTRATO-4-2024-PGJ;1862/2024-37;LEI_8.666;PREGÃO ELETRÔNICO;AQUISIÇÃO DE ÁGUA MINERAL PARA O MPPI;07.239.237/0001-79;C L BESERRA & CIA LTDA EPP;08/02/2024;08/02/2025;08/02/2025;-528;FORA DO PRAZO;FORA DO PRAZO;R$ 40.894,00;R$ 0,00;R$ 0,00;NÃO;CAA;20026;FELIPE ARLLEM REZENDE;;-;;-;;-;442/2024;NÃO;;NÃO;-;NÃO;-;MATERIAL DE CONSUMO;NÃO;;;;
CONTRATO;4;2024;FMMPPI;CONTRATO-4-2024-FMMPPI;25450/2023-16;LEI_8.666;PREGÃO ELETRÔNICO;AQUISIÇÃO DE MATERIAL DESTINADO A MONTAR UM MINIPARQUE GRÁFICO (GUILHOTINA ELÉTRICA);49.495.719/0001-30;RI EMPREENDIMENTO COMERCIAL LTDA EPP;21/02/2024;21/02/2025;21/02/2025;-515;FORA DO PRAZO;FORA DO PRAZO;R$ 12.515,14;R$ 0,00;R$ 0,00;NÃO;CCS;122;SHAIANNA DA COSTA ARAÚJO;;-;;-;;-;667/2024;NÃO;;NÃO;-;NÃO;-;MATERIAL PERMANENTE;NÃO;;;;
CONTRATO;4;2024;FEPDC;CONTRATO-4-2024-FEPDC;3805/2024-19;LEI_8.666;PREGÃO ELETRÔNICO;AQUISIÇÃO DE PROTETOR DE IMAGEM COM SUPORTE INCLUSO E TELA DE PROTEÇÃO MANUAL 100;27.996.382/0001-01;R JUAREZ DE ALMEIDA;08/05/2024;08/05/2025;08/05/2025;-439;FORA DO PRAZO;FORA DO PRAZO;R$ 5.810,00;R$ 0,00;R$ 0,00;NÃO;CAA;307;AIRTON ALVES MENDES DE MOURA;;-;;-;;-;1542/2024;NÃO;;NÃO;-;NÃO;-;MATERIAL PERMANENTE;NÃO;;;;
CONTRATO;5;2024;PGJ;CONTRATO-5-2024-PGJ;02018/2024-93;LEI_8.666;PREGÃO ELETRÔNICO;MATERIAL DE EXPEDIENTE PARA O MPPI;39.853.645/0001-02;LAÍS G DE SOUSA EIRELI;08/02/2024;08/02/2025;08/02/2025;-528;FORA DO PRAZO;FORA DO PRAZO;R$ 4.384,90;R$ 0,00;R$ 0,00;NÃO;CAA;20026;FELIPE ARLLEM REZENDE;;-;;-;;-;445/2024;NÃO;;NÃO;-;NÃO;-;MATERIAL DE CONSUMO;NÃO;;;;
CONTRATO;5;2024;FMMPPI;CONTRATO-5-2024-FMMPPI;25450/2023-16;LEI_8.666;PREGÃO ELETRÔNICO;AQUISIÇÃO DE MATERIAL DESTINADO A MONTAR UM MINIPARQUE GRÁFICO (IMPRESSORA MULTIFUNCIONAL);07.922.138/0001-97;VIGA INFORMÉTICA EIRELI;20/02/2024;20/02/2025;20/02/2025;-516;FORA DO PRAZO;FORA DO PRAZO;R$ 49.499,00;R$ 0,00;R$ 0,00;NÃO;CCS;122;SHAIANNA DA COSTA ARAÚJO;;-;;-;;-;667/2024;NÃO;;NÃO;-;NÃO;-;MATERIAL PERMANENTE;NÃO;;;;
CONTRATO;5;2024;FEPDC;CONTRATO-5-2024-FEPDC;13675/2024-84;LEI_8.666;PREGÃO ELETRÔNICO;AQUISIÇÃO DE MATERIAL PERMANENTE (PLACAS);70.032.776/0001-79;NILTON PEREIRA BARROSO;20/05/2024;20/05/2025;20/05/2025;-427;FORA DO PRAZO;FORA DO PRAZO;R$ 19.500,00;R$ 0,00;R$ 0,00;NÃO;CAA;15450;ANTÔNIO MARCOS PESSOA;;-;;-;;-;1768/2024;NÃO;;NÃO;-;NÃO;-;MATERIAL PERMANENTE;NÃO;;;;
CONTRATO;6;2024;PGJ;CONTRATO-6-2024-PGJ;728/2024-03;LEI_8.666;PREGÃO ELETRÔNICO;AQUISIÇÃO DE GÊNEROS ALIMENTÍCIOS - GARRAFA TÉRMICA E COADOR DE CAFÉ;26.569.874/0001-58;CELSO LUIZ MOREIRA DA COSTA EPP;09/02/2024;09/02/2025;09/02/2025;-527;FORA DO PRAZO;FORA DO PRAZO;R$ 8.185,00;R$ 0,00;R$ 0,00;NÃO;CAA;20026;FELIPE ARLLEM REZENDE;;-;;-;;-;475/2024;NÃO;;NÃO;-;NÃO;-;MATERIAL DE CONSUMO;NÃO;;;;
CONTRATO;6;2024;FMMPPI;CONTRATO-6-2024-FMMPPI;35074/2023-96;LEI_8.666;PREGÃO ELETRÔNICO;AQUISIÇÃO DE FRAGMENTADORAS;40.214.888/0001-80; CLS SERVIÇOS E ASSESSORIA LTDA;26/02/2024;26/02/2025;26/02/2025;-510;FORA DO PRAZO;FORA DO PRAZO;R$ 16.354,92;R$ 0,00;R$ 0,00;NÃO;CAA;307;AIRTON ALVES MENDES DE MOURA;;-;;-;;-;612/2024;NÃO;;NÃO;-;NÃO;-;MATERIAL PERMANENTE;NÃO;;;;
CONTRATO;6;2024;FEPDC;CONTRATO-6-2024-FEPDC;6106/2024-68;LEI_14.133;DISPENSA;PRESTAÇÃO DE SERVIÇOS SECURITÁRIOS PARA OS VEÍCULOS PERTENCENTES A FROTA PRÓPRIA DO FEPDC/PI - ÔNIBUS E MOTOS;90.180.605/0001-02;GENTE SEGURADORA S.A ;20/05/2024;20/05/2025;20/05/2026;-62;FORA DO PRAZO;FORA DO PRAZO;R$ 12.979,05;R$ 0,00;R$ 13.680,09;NÃO;CAA;310;GUILHERME SANTOS DE ANDRADE;;-;;-;;-;1754/2024;NÃO;;NÃO;-;NÃO;-;SERVIÇOS DE SEGURO;NÃO;;;;
CONTRATO;7;2024;PGJ;CONTRATO-7-2024-PGJ;1198/2024-20;LEI_8.666;PREGÃO ELETRÔNICO;GÊNEROS ALIMENTÍCIOS (CAFÉ E AÇÚCAR);45.051.801/0001-14;EMPRESA SERVIPLAS PRODUTOS E SERVIÇOS;21/02/2024;21/02/2025;21/02/2025;-515;FORA DO PRAZO;FORA DO PRAZO;R$ 34.939,00;R$ 0,00;R$ 0,00;NÃO;CAA;20026;FELIPE ARLLEM REZENDE;;-;;-;;-;575/2024;NÃO;;NÃO;-;NÃO;-;MATERIAL DE CONSUMO;NÃO;;;;
CONTRATO;7;2024;FMMPPI;CONTRATO-7-2024-FMMPPI;3022/2024-48;LEI_8.666;PREGÃO ELETRÔNICO;AQUISIÇÃO DE MATERIAL DE MANUTENÇÃO E CONSTRUÇÃO;44.657.167/0001-03;CONSTRUTORA ATHOS LTDA;02/04/2024;02/04/2025;02/04/2025;-475;FORA DO PRAZO;FORA DO PRAZO;R$ 12.304,38;R$ 0,00;R$ 0,00;NÃO;CAA;20026;FELIPE ARLLEM REZENDE;;-;;-;;-;1098/2024;NÃO;;SIM;1;NÃO;-;MATERIAL DE CONSUMO;NÃO;;;;
CONTRATO;7;2024;FEPDC;CONTRATO-7-2024-FEPDC;13363/2024-69;LEI_8.666;PREGÃO ELETRÔNICO;AQUISIÇÃO DE MATERIAL PERMANENTE (LETREIROS);11.717.623/0001-04;J.G.GRÁFICA E EDITORA LTDA;16/05/2024;16/05/2025;16/05/2025;-431;FORA DO PRAZO;FORA DO PRAZO;R$ 43.890,46;R$ 0,00;R$ 0,00;NÃO;CAA;15450;ANTÔNIO MARCOS PESSOA;;-;;-;;-;1711/2024;NÃO;;NÃO;-;NÃO;-;MATERIAL PERMANENTE;NÃO;;;;
CONTRATO;8;2024;PGJ;CONTRATO-8-2024-PGJ;6670/2024-54;LEI_8.666;PREGÃO ELETRÔNICO;SERVIÇOS DE PRODUÇÃO DE VÍDEOS INSTITUCIONAIS;08.938.809/0001-70;ARRUDA PRODUÇÕES, EVENTOS E VIAGENS LTDA;05/03/2024;05/03/2025;05/03/2025;-503;FORA DO PRAZO;FORA DO PRAZO;R$ 55.000,00;R$ 0,00;R$ 0,00;NÃO;CCS;122;SHAIANNA DA COSTA ARAÚJO;;-;;-;;-;760/2024;NÃO;;NÃO;-;NÃO;-;OUTROS SERVIÇOS;NÃO;;;;
CONTRATO;8;2024;FMMPPI;CONTRATO-8-2024-FMMPPI;38707/2023-29;LEI_14.133;DISPENSA;LOCAÇÃO DE SOFTWARE - POWE BI;30.190.803/0001-17;BLUEPOINT COMERCIO E SERVIÇOS EM TI LTDA;01/04/2024;03/04/2025;03/04/2025;-474;FORA DO PRAZO;FORA DO PRAZO;R$ 14.372,82;R$ 0,00;R$ 0,00;NÃO;CTI;15807;ÍTALO GARCIA ARAÚJO NOGUEIRA;;-;;-;;-;1074/2024;NÃO;;NÃO;-;NÃO;-;SERVIÇOS DE TI;SIM;;;;
CONTRATO;8;2024;FEPDC;CONTRATO-8-2024-FEPDC;20229/2024-07;LEI_8.666;PREGÃO ELETRÔNICO;AQUISIÇÃO DE MATERIAL, SE, INSTALAÇÃO INCLUSA (SENSOR DE PRESENÇA, BATERIA, SIRENE);49.490.183/0001-60;EMPRESA T L SOLUCOES TECNOLOGICAS LTDA;03/07/2024;03/07/2025;17/07/2019;-2561;FORA DO PRAZO;FORA DO PRAZO;R$ 4.415,51;R$ 0,00;R$ 0,00;NÃO;CAA;307;AIRTON ALVES MENDES DE MOURA;;-;;-;;-;2574/2024;NÃO;;NÃO;-;NÃO;-;MATERIAL PERMANENTE;NÃO;;;;
CONTRATO;9;2024;PGJ;CONTRATO-9-2024-PGJ;27349/2023-56;LEI_8.666;PREGÃO ELETRÔNICO;SERVIÇOS DE CLIPPING JORNALÍSTICO, ABRANGENDO O ACOMPANHAMENTO DE NOTÍCIAS JORNALÍSTICAS DE INTERESSE INSTITUCIONAL;27.691.290/0001-13;CONTENT ASSESSORIA LTDA;28/02/2024;28/02/2025;28/02/2026;-143;FORA DO PRAZO;FORA DO PRAZO;R$ 23.463,00;R$ 0,00;R$ 23.463,00;NÃO;CCS;15486;JOSÉ MARQUES DA SILVA;;-;;-;;-;707/2024;NÃO;;NÃO;-;NÃO;-;OUTROS SERVIÇOS;SIM;;;;
CONTRATO;9;2024;FMMPPI;CONTRATO-9-2024-FMMPPI;0547/2024-53;LEI_8.666;PREGÃO ELETRÔNICO;CONTRATAÇÃO DE EMPRESA ESPECIALIZADA NA IMPLANTAÇÃO E OPERACIONALIZAÇÃO DE SISTEMAS INFORMATIZADOS PARA PERMITIR O ABASTECIMENTO , BEM COMO A MANUTENÇÃO  Á FROTA DE VEICULOS DO MPPI ;12.039.966/0001-11;LINK CARD ADMINISTRADORA DE BENEFICIOS LTDA;27/03/2024;27/03/2026;27/03/2028;615;EM VIGÊNCIA;EM VIGÊNCIA;R$ 2.168.736,00;R$ 0,00;R$ 3.253.104,00;NÃO;CAA;20269;FABIANA ROCHA AGUIAR NOGUEIRA;20259;JOSSELLINI DOS SANTOS SOUSA ;310;GUILHERME SANTOS DE ANDRADE;;-;4188/2024;NÃO;;NÃO;-;NÃO;-;SERVIÇO DE MANUTENÇÃO;SIM;;;;
CONTRATO;9;2024;FEPDC;CONTRATO-9-2024-FEPDC;17330/2024-98;LEI_8.666;PREGÃO ELETRÔNICO;AQUISIÇÃO DE MESAS;09.056.231/0001-91;APB COMERCIO DE MOVEIS LTDA-ME;09/07/2024;09/07/2025;31/08/2024;-689;FORA DO PRAZO;FORA DO PRAZO;R$ 32.210,00;R$ 0,00;R$ 525,70;NÃO;CAA;307;AIRTON ALVES MENDES DE MOURA;;-;;-;;-;2647/2024;SIM;5%;NÃO;-;NÃO;-;MATERIAL PERMANENTE;NÃO;;;;
CONTRATO;10;2024;PGJ;CONTRATO-10-2024-PGJ;2105/2024-72;LEI_8.666;PREGÃO ELETRÔNICO;AQUISIÇÃO DE MATERIAL DE HIGIENE E LIMPEZA;41.467.016/0001-96;MILLENIUM LICITAÇÕES LTDA;07/03/2024;07/03/2025;07/03/2025;-501;FORA DO PRAZO;FORA DO PRAZO;R$ 10.050,51;R$ 0,00;R$ 0,00;NÃO;CAA;20026;FELIPE ARLLEM REZENDE;;-;;-;;-;806/2024;NÃO;;NÃO;-;NÃO;-;MATERIAL DE CONSUMO;NÃO;;;;
CONTRATO;10;2024;FMMPPI;CONTRATO-10-2024-FMMPPI;10114/2024-94;LEI_8.666;PREGÃO ELETRÔNICO;SERVIÇO DE CONSERVAÇÃO E MANUTENÇÃO DE EDIFICAÇÕES;22.561.863/0001-70;MULTPAR SERVIÇOS DE CONSTRUÇÃO LTDA;01/04/2024;01/04/2025;08/04/2027;261;EM VIGÊNCIA;EM VIGÊNCIA;R$ 93.217,94;R$ 0,00;R$ 117.319,99;NÃO;CPPT;411;DÊNIS ALEXANDRE TEIXEIRA DE SENA;;-;;-;;-;1093/2024;NÃO;;NÃO;-;NÃO;-;SERVIÇO DE MANUTENÇÃO;NÃO;;;;
CONTRATO;10;2024;FEPDC;CONTRATO-10-2024-FEPDC;17340/2024-22;LEI_8.666;PREGÃO ELETRÔNICO;AQUISIÇÃO DE MATERIAL PERMANENTE (POLTRONAS);07.875.146/0001-20;SERRA MOBILE INDUSTRIA E COMERCIO LTDA;03/07/2024;03/07/2025;09/07/2027;353;EM VIGÊNCIA;EM VIGÊNCIA;R$ 87.664,92;R$ 0,00;R$ 0,00;NÃO;CAA;307;AIRTON ALVES MENDES DE MOURA;;-;;-;;-;2575/2024;NÃO;;NÃO;-;NÃO;-;MATERIAL PERMANENTE;NÃO;;;;
CONTRATO;11;2024;PGJ;CONTRATO-11-2024-PGJ;2100/2024-13;LEI_8.666;PREGÃO ELETRÔNICO;AQUISIÇÃO DE MATERIAL DE LIMPEZA E HIGIENE;07.239.237/0001-79;C L BESERRA & CIA LTDA EPP;08/03/2024;08/03/2025;08/03/2025;-500;FORA DO PRAZO;FORA DO PRAZO;R$ 19.472,00;R$ 0,00;R$ 0,00;NÃO;CAA;20026;FELIPE ARLLEM REZENDE;;-;;-;;-;810/2024;NÃO;;NÃO;-;NÃO;-;MATERIAL DE CONSUMO;NÃO;;;;
CONTRATO;11;2024;FMMPPI;CONTRATO-11-2024-FMMPPI;21621/2023-02;LEI_8.666;CONCORRÊNCIA;EXECUÇÃO DA OBRA DE IMPLANTAÇÃO DA NOVA SEDE DA PROMOTORIA DE JUSTIÇA DE CAMPO MAIOR;40.294.178/0001-07;RAGG ENGENHARIA LTDA ME;16/05/2024;16/05/2026;16/05/2026;-66;FORA DO PRAZO;FORA DO PRAZO;R$ 2.415.017,14;R$ 0,00;R$ 159.047,69;NÃO;CPPT;15821;ANDRÉ CASTELO BRANCO RIBEIRO;;-;;-;;-;1708/2024;NÃO;;SIM;-;NÃO;-;OBRA;NÃO;;;;
CONTRATO;11;2024;FEPDC;CONTRATO-11-2024-FEPDC;17903/2024-50;LEI_8.666;PREGÃO ELETRÔNICO;AQUISIÇÃO DE DVR E DISCO RÍGIDO (HD);41.010.629/0001-08;VGVIRTUAL COMERCIO ELETRONICO LTDA;17/07/2024;17/07/2025;08/07/2026;-13;FORA DO PRAZO;FORA DO PRAZO;R$ 12.036,82;R$ 0,00;R$ 0,00;NÃO;CAA;307;AIRTON ALVES MENDES DE MOURA;;-;;-;;-;2771/2024;NÃO;;NÃO;-;NÃO;-;MATERIAL PERMANENTE;NÃO;;;;
CONTRATO;12;2024;PGJ;CONTRATO-12-2024-PGJ;2095/2024-51;LEI_8.666;PREGÃO ELETRÔNICO;AQUISIÇÃO DE MATERIAL DE HIGIENE E LIMPEZA;49.464.926/0001-27;LRF DISTRIBUIDORA LTDA;11/03/2024;11/03/2025;11/03/2025;-497;FORA DO PRAZO;FORA DO PRAZO;R$ 11.952,85;R$ 0,00;R$ 0,00;NÃO;CAA;20026;FELIPE ARLLEM REZENDE;;-;;-;;-;812/2024;NÃO;;SIM;1;NÃO;-;MATERIAL DE CONSUMO;NÃO;;;;
CONTRATO;12;2024;FMMPPI;CONTRATO-12-2024-FMMPPI;6547/2024-02;LEI_8.666;PREGÃO ELETRÔNICO;AQUISIÇÃO DE SOLUÇÃO DE HCI ENVOLVENDO PROCESSAMENTO, ARMAZENAMENTO, CONECTIVIDADE, VIRTUALIZAÇÃO, SISTEMA DE GERENCIAMENTO CENTRALIZADO E SERVIÇOS TÉCNICOS ESPECIALIZADOS;40.914.816/0001-45;HIPERCONVEGÊNCIA SOLUÇÕES EM TECNOLOGIA DA INFORMAÇÃO LTDA;17/04/2024;17/04/2025;17/04/2025;-460;FORA DO PRAZO;FORA DO PRAZO;R$ 1.823.705,00;R$ 0,00;R$ 0,00;NÃO;CTI;294;MARCIEL FERREIRA LIMA;425;MARCOS MACIEL MARTINS BRITO;15807;ÍTALO GARCIA ARAÚJO NOGUEIRA;;-;1289/2024;NÃO;;NÃO;-;NÃO;-;SERVIÇOS DE TI;NÃO;;;;
CONTRATO;12;2024;FEPDC;CONTRATO-12-2024-FEPDC;20208/2024-89;LEI_8.666;PREGÃO ELETRÔNICO;AQUISIÇÃO DE MATERIAL PERMANENTE (MONITOR LED);44.562.943/0002-64;RML PRODUTOS IMPORTADOS LTDA;08/07/2024;08/07/2025;19/06/2021;-1858;FORA DO PRAZO;FORA DO PRAZO;R$ 3.250,00;R$ 0,00;R$ 0,00;NÃO;CAA;307;AIRTON ALVES MENDES DE MOURA;;-;;-;;-;2625/2024;NÃO;;NÃO;-;NÃO;-;MATERIAL PERMANENTE;NÃO;;;;
CONTRATO;13;2024;FMMPPI;CONTRATO-13-2024-FMMPPI;0627/2024-17;LEI_8.666;PREGÃO ELETRÔNICO;CONTRATAÇÃO DE EMPRESA ESPECIALIZADA NA PRESTAÇÃO DE SERVIÇOS DE CONSERVAÇÃO E MANUTENÇÃO DE EDIFICAÇÕES SOB DEMANDA;22.561.863/0001-70;MULTPAR SERVIÇOS DE CONSTRUÇÃO LTDA;10/05/2024;10/05/2025;10/05/2025;-437;FORA DO PRAZO;FORA DO PRAZO;R$ 155.921,32;R$ 0,00;R$ 0,00;NÃO;CPPT;226;CAROL CHAVES MESQUITA E FERREIRA;;-;;-;;-;1585/2024;NÃO;;NÃO;-;NÃO;-;SERVIÇO DE MANUTENÇÃO - ENGENHARIA;NÃO;;;;
CONTRATO;13;2024;FEPDC;CONTRATO-13-2024-FEPDC;17344/2024-11;LEI_8.666;PREGÃO ELETRÔNICO;AQUISIÇÃO DE MATERIAL PERMANENTE, MOBÍLIA (CADEIRAS);45.874.714/0001-67;A.N.D CAPELLI LTDA;04/07/2024;04/07/2025;31/08/2026;41;RENOVAÇÃO URGENTE;EM VIGÊNCIA;R$ 35.850,00;R$ 0,00;R$ 0,00;NÃO;CAA;307;AIRTON ALVES MENDES DE MOURA;;-;;-;;-;2592/2024;SIM;5%;SIM;2;NÃO;-;MATERIAL PERMANENTE;NÃO;;;;
CONTRATO;14;2024;PGJ;CONTRATO-14-2024-PGJ;2278/2024-57;LEI_8.666;PREGÃO ELETRÔNICO;AQUISIÇÃO DE TONERS PARA IMPRESSORAS;48.290.788/0001-44;VTEX INFORMATICA LTDA;08/03/2024;08/03/2025;08/03/2025;-500;FORA DO PRAZO;FORA DO PRAZO;R$ 16.179,45;R$ 0,00;R$ 0,00;NÃO;CAA;20026;FELIPE ARLLEM REZENDE;;-;;-;;-;808/2024;NÃO;;NÃO;-;NÃO;-;MATERIAL DE CONSUMO;NÃO;;;;
CONTRATO;14;2024;FMMPPI;CONTRATO-14-2024-FMMPPI;26337/2023-31;LEI_8.666;PREGÃO ELETRÔNICO;CONTRATAÇÃO DE EMPRESA ESPECIALIZADA EM EXECUÇÃO, INSTALAÇÃO E FORNECIMENTO DE MATERIAIS E MÃO DE OBRA COMPLETA DE INSTALAÇÕES DE PREVENÇÃO DE COMBATE A INCÊNDIO E PÂNICO, PROJETO DE SPDA DAS SEDES DAS PROMOTORIAS GERAIS D JUSTIÇA DO PIAUÍ.;22.561.863/0001-70;MULTPAR SERVIÇOS DE CONSTRUÇÃO LTDA;22/05/2024;22/05/2025;22/05/2025;-425;FORA DO PRAZO;FORA DO PRAZO;R$ 238.385,32;R$ 0,00;R$ 0,00;NÃO;CPPT;226;CAROL CHAVES MESQUITA E FERREIRA;;-;;-;;-;1849/2024;NÃO;;SIM;1;NÃO;-;SERVIÇO DE MANUTENÇÃO - ENGENHARIA;NÃO;;;;
CONTRATO;14;2024;FEPDC;CONTRATO-14-2024-FEPDC;22464/2024-93;LEI_14.133;PREGÃO;AQUISIÇÃO DE MATERIAL PERMANENTE (APARELHOS DE AR-CONDICIONADO);46.344.050/0001-97;SUL ÁGUA EQUIPAMENTOS LTDA;11/07/2024;11/07/2025;23/07/2026;2;ÚLTIMOS DIAS PARA RENOVAÇÃO;EM VIGÊNCIA;R$ 30.519,48;R$ 0,00;R$ 0,00;NÃO;CAA;307;AIRTON ALVES MENDES DE MOURA;;-;;-;;-;2770/2024;SIM;5%;NÃO;-;NÃO;-;MATERIAL PERMANENTE;NÃO;;;;
CONTRATO;15;2024;PGJ;CONTRATO-15-2024-PGJ;1185/2024-80;LEI_8.666;PREGÃO ELETRÔNICO;AQUISIÇÃO DE MATERIAL DE EXPEDIENTE PARA O MPPI ;09.491.099/0001-46;MARCOS A ARRUDA DE FIGUEIREDO ME;14/03/2024;14/03/2025;14/03/2025;-494;FORA DO PRAZO;FORA DO PRAZO;R$ 9.073,75;R$ 0,00;R$ 0,00;NÃO;CAA;20026;FELIPE ARLLEM REZENDE;;-;;-;;-;874/2024;NÃO;;NÃO;-;NÃO;-;MATERIAL DE CONSUMO;NÃO;;;;
CONTRATO;15;2024;FMMPPI;CONTRATO-15-2024-FMMPPI;8501/2024-43;LEI_8.666;PREGÃO ELETRÔNICO;EMPRESA ESPECIALIZADA NA PRESTAÇÃO DE SERVIÇOS DE CONSERVAÇÃO E MANUTENÇÃO DE EDIFICAÇÕES , SOB DEMANDA DO MPPI;22.561.863/0001-70;MULTPAR SERVIÇOS DE CONSTRUÇÃO LTDA;14/06/2024;14/06/2025;14/06/2025;-402;FORA DO PRAZO;FORA DO PRAZO;R$ 146.981,69;R$ 0,00;R$ 0,00;NÃO;CPPT;226;CAROL CHAVES MESQUITA E FERREIRA;;-;;-;;-;2212/2024;NÃO;;NÃO;-;NÃO;-;SERVIÇO DE MANUTENÇÃO - ENGENHARIA;NÃO;;;;
CONTRATO;15;2024;FEPDC;CONTRATO-15-2024-FEPDC;2014/2024-21;LEI_8.666;PREGÃO ELETRÔNICO;AQUISIÇÃO DE MATERIAL PERMANENTE (MESAS);09.056.231/0001-91;APB COMERCIO DE MOVEIS LTDA-ME;30/07/2024;30/07/2025;22/05/2025;-425;FORA DO PRAZO;FORA DO PRAZO;R$ 21.490,00;R$ 0,00;R$ 12.481,48;NÃO;CAA;307;AIRTON ALVES MENDES DE MOURA;;-;;-;;-;2957/2024;NÃO;;NÃO;-;NÃO;-;MATERIAL PERMANENTE;NÃO;;;;
CONTRATO;16;2024;PGJ;CONTRATO-16-2024-PGJ;2110/2024-34;LEI_8.666;PREGÃO ELETRÔNICO;AQUISIÇÃO DE MATERIAL DE LIMPEZA E HIGIENE;26.569.874/0001-58;CELSO LUIZ MOREIRA DA COSTA EPP;22/03/2024;22/03/2025;22/03/2025;-486;FORA DO PRAZO;FORA DO PRAZO;R$ 37.805,00;R$ 0,00;R$ 0,00;NÃO;CAA;20026;FELIPE ARLLEM REZENDE;;-;;-;;-;998/2024;NÃO;;NÃO;-;NÃO;-;MATERIAL DE CONSUMO;NÃO;;;;
CONTRATO;16;2024;FMMPPI;CONTRATO-16-2024-FMMPPI;38302/2023-03;LEI_14.133;PREGÃO;CONTRATAÇÃO DE LICENCIAMENTO RELATIVO AO DIREITO DE USO DE SOFTWARES E SERVIÇOS AGREGADOS, COM DIREITO DE ATUALIZAÇÃO E SUPORTE;04.198.254/0001-17;MCR SISTEMAS E CONSULTORIA LTDA;11/07/2024;23/07/2027;23/07/2027;367;EM VIGÊNCIA;EM VIGÊNCIA;R$ 69.875,00;R$ 69.875,00;R$ 69.875,00;NÃO;CCS;122;SHAIANNA DA COSTA ARAÚJO;;-;;-;;-;2760/2024;NÃO;;SIM;1;NÃO;-;SERVIÇOS DE TI;SIM;;;;
CONTRATO;17;2024;PGJ;CONTRATO-17-2024-PGJ;2280/2024-03;LEI_8.666;PREGÃO ELETRÔNICO;AQUISIÇÃO DE TONERS PARA IMPRESSORAS;26.569.874/0001-58;CELSO LUIZ MOREIRA DA COSTA EPP;22/03/2024;22/03/2025;22/03/2025;-486;FORA DO PRAZO;FORA DO PRAZO;R$ 16.300,00;R$ 0,00;R$ 0,00;NÃO;CAA;20026;FELIPE ARLLEM REZENDE;;-;;-;;-;1000/2024;NÃO;;NÃO;-;NÃO;-;MATERIAL DE CONSUMO;NÃO;;;;
CONTRATO;17;2024;FEPDC;CONTRATO-17-2024-FEPDC;22458/2024-61;LEI_14.133;PREGÃO;AQUISIÇÃO DE APARELHOS DE AR CONDICIONADO TIPO SPLIT DE 18.000 BTUS;13.482.516/0001-61;SUPERAR LTDA;19/07/2024;19/07/2025;30/07/2025;-356;FORA DO PRAZO;FORA DO PRAZO;R$ 35.664,00;R$ 0,00;R$ 0,00;NÃO;CAA;307;AIRTON ALVES MENDES DE MOURA;;-;;-;;-;2830/2024;SIM;5%;SIM;1;NÃO;-;MATERIAL PERMANENTE;NÃO;;;;
CONTRATO;18;2024;PGJ;CONTRATO-18-2024-PGJ;2126/2024-87;LEI_8.666;PREGÃO ELETRÔNICO;AQUISIÇÃO DE MATERIAL DE MANUTENÇÃO E CONSTRUÇÃO;44.657.167/0001-03;CONSTRUTORA ATHOS LTDA;02/04/2024;02/04/2025;02/04/2025;-475;FORA DO PRAZO;FORA DO PRAZO;R$ 107.519,97;R$ 0,00;R$ 0,00;NÃO;CAA;20026;FELIPE ARLLEM REZENDE;;-;;-;;-;1096/2024;NÃO;;SIM;2;NÃO;-;MATERIAL DE CONSUMO;NÃO;;;;
CONTRATO;18;2024;FEPDC;CONTRATO-18-2024-FEPDC;22460/2024-07;LEI_14.133;PREGÃO;AQUISIÇÃO DE APARELHOS DE AR CONDICIONADO TIPO SPLIT DE 24.000 BTUS;54.236.391/0001-77;LICITTA PRODUTOS LTDA;22/07/2024;22/07/2025;08/07/2025;-378;FORA DO PRAZO;FORA DO PRAZO;R$ 31.126,16;R$ 0,00;R$ 0,00;NÃO;CAA;307;AIRTON ALVES MENDES DE MOURA;;-;;-;;-;2828/2024;SIM;5%;NÃO;-;NÃO;-;MATERIAL PERMANENTE;NÃO;;;;
CONTRATO;19;2024;PGJ;CONTRATO-19-2024-PGJ;9962/2024-37;LEI_8.666;PREGÃO ELETRÔNICO;Prestação de serviços de manutenção preventiva e corretiva COM FORNECIMENTO DE PEÇAS, dos aparelhos de ar condicionado tipo split, bebedouro, purificador de água, frigobar, geladeira, recarga de gás para split, geladeira, frigobar e bebedouro, bem como para a instalação, desinstalação e substituição de aparelhos de ar condicionados (tipo split).;26.905.527/0001-59;VALDEMAR DA SILVA DO NASCIMENTO ME;08/04/2024;08/10/2025;08/04/2027;261;EM VIGÊNCIA;EM VIGÊNCIA;R$ 76.185,00;R$ 0,00;R$ 117.319,99;NÃO;CAA;15450;ANTÔNIO MARCOS PESSOA;20269;FABIANA ROCHA AGUIAR NOGUEIRA;20259;JOSSELLINI DOS SANTOS SOUSA ;;-;4193/2024;NÃO;;SIM;2;NÃO;-;SERVIÇO DE MANUTENÇÃO;SIM;;;;
CONTRATO;19;2024;FEPDC;CONTRATO-19-2024-FEPDC;22467/2024-12;LEI_14.133;PREGÃO;AQUISIÇÃO DE MATERIAL PERMANENTE (CLIMATIZADORES RESIDENCIAIS E INDUSTRIAIS), SEM INSTALAÇÃO INCLUSA;22.041.119/0001-45;M. DA C. TELES ALBUQUERQUE COM. DE ELETRONICOS ME;31/07/2024;31/07/2025;19/07/2025;-367;FORA DO PRAZO;FORA DO PRAZO;R$ 16.289,00;R$ 0,00;R$ 0,00;NÃO;CAA;307;AIRTON ALVES MENDES DE MOURA;;-;;-;;-;2951/2024;SIM;5%;NÃO;-;NÃO;-;MATERIAL PERMANENTE;NÃO;;;;
CONTRATO;20;2024;PGJ;CONTRATO-20-2024-PGJ;11003/2024-95;LEI_8.666;PREGÃO ELETRÔNICO;AQUISIÇÃO DE MATERIAL DE LIMPEZA E HIGIENE;07.239.237/0001-79;C L BESERRA & CIA LTDA EPP;10/04/2024;10/04/2025;10/04/2025;-467;FORA DO PRAZO;FORA DO PRAZO;R$ 38.385,90;R$ 0,00;R$ 0,00;NÃO;CAA;20026;FELIPE ARLLEM REZENDE;;-;;-;;-;1199/2024;NÃO;;NÃO;-;NÃO;-;MATERIAL DE CONSUMO;NÃO;;;;
CONTRATO;20;2024;FEPDC;CONTRATO-20-2024-FEPDC;22466/2024-39;LEI_14.133;PREGÃO;AQUISIÇÃO DE MATERIAL PERMANENTE (APARELHOS DE AR CONDICIONADO TIPO SPLIT 48.000 BTUS) SEM INSTALAÇÃO INCLUSA;46.368.367/0001-63;AMENA CLIMATIZAÇÃO LTDA;30/07/2024;30/07/2025;30/07/2025;-356;FORA DO PRAZO;FORA DO PRAZO;R$ 45.951,80;R$ 0,00;R$ 12.650,84;NÃO;CAA;307;AIRTON ALVES MENDES DE MOURA;;-;;-;;-;2925/2024;SIM;5%;SIM;2;NÃO;-;MATERIAL PERMANENTE;NÃO;;;;
CONTRATO;21;2024;PGJ;CONTRATO-21-2024-PGJ;7172/2024-13;LEI_8.666;PREGÃO ELETRÔNICO;PRESTAÇÃO DE SERVIÇO DE AUXILIAR ADMINISTRATIVO NA CIDADE DE UNIÃO;04.276.973/0001-09;EPSG EMPRESA DE PORTARIA E SERVICOS GERAIS LTDA ME;19/04/2024;19/04/2027;19/04/2027;272;EM VIGÊNCIA;EM VIGÊNCIA;R$ 43.159,44;R$ 43.159,44;R$ 152.736,83;NÃO;CAA;173;ALCIVAN DA COSTA MARQUES;20259;JOSSELLINI DOS SANTOS SOUSA ;20269;FABIANA ROCHA AGUIAR NOGUEIRA;;-;4211/2025;SIM;5%;SIM;1;NÃO;-;SERVIÇOS DE MÃO DE OBRA;SIM;;;;
CONTRATO;21;2024;FEPDC;CONTRATO-21-2024-FEPDC;22015/2024-91;LEI_8.666;PREGÃO ELETRÔNICO;AQUISIÇÃO DE MATERIAL PERMANENTE (POLTRONAS) C MONTAGEM INCLUSA PARA OS LOTES DE MOBILIÁRIO;07.875.146/0001-20;SERRA MOBILE INDUSTRIA E COMERCIO LTDA;29/07/2024;29/07/2025;29/07/2025;-357;FORA DO PRAZO;FORA DO PRAZO;R$ 59.986,78;R$ 0,00;R$ 0,00;NÃO;CAA;307;AIRTON ALVES MENDES DE MOURA;;-;;-;;-;2922/2024;SIM;5%;NÃO;-;NÃO;-;MATERIAL PERMANENTE;NÃO;;;;
CONTRATO;22;2024;PGJ;CONTRATO-22-2024-PGJ;11240/2024-16;LEI_8.666;PREGÃO ELETRÔNICO;AQUISIÇÃO DE MATERIAL PERMANENTE (POLTRONAS) COM MONTAGEM INCLUSA PARA OS LOTES DE MOBILIÁRIO;07.875.146/0001-20;SERRA MOBILE INDUSTRIA E COMERCIO LTDA;15/05/2024;15/05/2025;15/05/2025;-432;FORA DO PRAZO;FORA DO PRAZO;R$ 26.118,82;R$ 0,00;R$ 0,00;NÃO;CAA;307;AIRTON ALVES MENDES DE MOURA;;-;;-;;-;1710/2024;NÃO;;NÃO;-;NÃO;-;MATERIAL PERMANENTE;NÃO;;;;
CONTRATO;23;2024;PGJ;CONTRATO-23-2024-PGJ;11205/2024-88;LEI_8.666;PREGÃO ELETRÔNICO;AQUISIÇÃO DE MATERIAL PERMANENTE (ARMÁRIOS E MESAS);09.056.231/0001-91;APB COMERCIO DE MOVEIS LTDA-ME;17/05/2024;17/05/2025;04/07/2025;-382;FORA DO PRAZO;FORA DO PRAZO;R$ 12.000,00;R$ 0,00;R$ 0,00;NÃO;CAA;307;AIRTON ALVES MENDES DE MOURA;;-;;-;;-;1709/2024;SIM;5%;NÃO;-;NÃO;-;MATERIAL PERMANENTE;NÃO;;;;
CONTRATO;24;2024;PGJ;CONTRATO-24-2024-PGJ;16699/2024-20;LEI_8.666;PREGÃO ELETRÔNICO;AQUISIÇÃO DE IMPRESSORA MULTIFUNCIONAL LASER MONOCROMÁTICA;65.149.197/0002-51;REPREMIG - REPRESENTAÇÃO E COMÉRCIO DE MINAS GERAIS LTDA;28/05/2024;28/05/2025;28/05/2025;-419;FORA DO PRAZO;FORA DO PRAZO;R$ 5.620,00;R$ 0,00;R$ 0,00;NÃO;CTI;15379;JOÃO CARLOS BARBOSA DOS SANTOS;;-;;-;;-;1948/2024;NÃO;;NÃO;-;NÃO;-;MATERIAL PERMANENTE;NÃO;;;;
CONTRATO;25;2024;PGJ;CONTRATO-25-2024-PGJ;18528/2024-10;LEI_8.666;PREGÃO ELETRÔNICO;AQUISIÇÃO DE IMPRESSORA MULTIFUNCIONAL LASER MONOCROMÁTICA;65.149.197/0002-51;REPREMIG - REPRESENTAÇÃO E COMÉRCIO DE MINAS GERAIS LTDA;04/06/2024;04/06/2025;04/06/2025;-412;FORA DO PRAZO;FORA DO PRAZO;R$ 2.810,00;R$ 0,00;R$ 0,00;NÃO;CTI;15379;JOÃO CARLOS BARBOSA DOS SANTOS;;-;;-;;-;2011/2024;NÃO;;NÃO;-;NÃO;-;MATERIAL PERMANENTE;NÃO;;;;
CONTRATO;26;2024;PGJ;CONTRATO-26-2024-PGJ;13056/2024-47;LEI_14.133;INEXIGIBILIDADE;CONTRATAÇÃO DE UM CURSO., MODALIDADE ON-LINE, DIRECIONADO PARA MEMBROS DA INSTITUIÇÃO, NOTADAMENTE OS QUE ATUAM NO ' ELEITORAL', TENDO COMO TEMÁTICA ELEIÇÕES 2024;26.913.683/0001-61;EDSON RESENDE CURSOS E PALESTRAS LTDA;14/06/2024;14/06/2025;14/06/2025;-402;FORA DO PRAZO;FORA DO PRAZO;R$ 7.950,00;R$ 0,00;R$ 0,00;SIM;CEAF;16318;VIVIANE MARIA DE PÁDUA RIOS MAGALHÃES;;-;;-;;-;2214/224;NÃO;;NÃO;-;NÃO;-;CURSOS;NÃO;;;;
CONTRATO;27;2024;PGJ;CONTRATO-27-2024-PGJ;2854/2024-87;LEI_14.133;DISPENSA;PRESTAÇÃO DE SERVIÇOS SECURITÁRIOS PARA AS SEDES DA PROCURADORIA-GERAL DE JUSTIÇA DO ESTADO DO PIAUÍ, COM COBERTURA DE INCÊNDIO E DANOS CAUSADOS POR FENÔMENO NATURAL;61.198.164/0001-60;PORTO SEGURO COMPANHIA DE SEGUROS GERAIS;10/07/2024;10/07/2025;10/07/2027;354;EM VIGÊNCIA;EM VIGÊNCIA;R$ 11.998,43;R$ 0,00;R$ 25.074,28;NÃO;CAA;20026;FELIPE ARLLEM REZENDE;;-;;-;;-;2742/2024;NÃO;;SIM;2;NÃO;-;SERVIÇOS DE SEGURO;SIM;;;;
CONTRATO;28;2024;PGJ;CONTRATO-28-2024-PGJ;2297/2024-28;LEI_8.666;PREGÃO ELETRÔNICO;AQUISIÇÃO DE GÊNEROS ALIMENTÍCIOS;26.569.874/0001-58;CELSO LUIZ MOREIRA DA COSTA EPP;22/07/2024;22/07/2025;11/07/2025;-375;FORA DO PRAZO;FORA DO PRAZO;R$ 3.347,50;R$ 0,00;R$ 0,00;NÃO;CAA;20026;FELIPE ARLLEM REZENDE;;-;;-;;-;2985/2024;NÃO;;NÃO;-;NÃO;-;MATERIAL DE CONSUMO;NÃO;;;;
CONTRATO;29;2024;PGJ;CONTRATO-29-2024-PGJ;8316/2024-04;LEI_8.666;PREGÃO ELETRÔNICO;PRESTAÇÃO DE SERVIÇO DE MANUTENÇÃO PREVENTIVA E CORRETIVA COM FORNECIMENTO DE PEÇAS, DOS APARELHOS DE AR CONDICIONADO TIPO SPLIT, BEBEDOURO , PURIFICADOR DE ÁGUA, FRIGOBAR, GELADEIRA, RECARGA DE GÁS PARA SPLIT , BEM COMO PARA INSTALAÇÃO E DESINSTALAÇÃO;37.827.616/0001-40;EASWELL ENGENHARIA LTDA;24/07/2024;25/01/2026;24/07/2027;368;EM VIGÊNCIA;EM VIGÊNCIA;R$ 259.042,39;R$ 0,00;R$ 271.367,89;NÃO;CAA;15450;ANTÔNIO MARCOS PESSOA;20269;FABIANA ROCHA AGUIAR NOGUEIRA;20259;JOSSELLINI DOS SANTOS SOUSA ;;-;4189/2024;NÃO;;NÃO;-;SIM;2;MATERIAL PERMANENTE;SIM;;;;
CONTRATO;30;2024;PGJ;CONTRATO-30-2024-PGJ;3602/2024-04;LEI_8.666;PREGÃO ELETRÔNICO;AQUISIÇÃO DE MATERIAL DE LIMPEZA E HIGIENE;41.467.016/0001-96;MILLENIUM LICITAÇÕES LTDA;23/07/2024;23/07/2025;19/07/2025;-367;FORA DO PRAZO;FORA DO PRAZO;R$ 4.556,95;R$ 0,00;R$ 0,00;NÃO;CAA;20026;FELIPE ARLLEM REZENDE;;-;;-;;-;2943/2024;NÃO;;NÃO;-;NÃO;-;MATERIAL PERMANENTE;NÃO;;;;
CONTRATO;31;2024;PGJ;CONTRATO-31-2024-PGJ;2100/2024-12;LEI_8.666;PREGÃO ELETRÔNICO;AQUISIÇÃO DE GÊNEROS ALIMENTÍCIOS;45.530.189/0001-62;A B F DE SOUSA SANTOS LTDA;30/07/2024;30/07/2025;03/07/2025;-383;FORA DO PRAZO;FORA DO PRAZO;R$ 1.767,00;R$ 0,00;R$ 0,00;NÃO;CAA;20026;FELIPE ARLLEM REZENDE;;-;;-;;-;2883/2024;NÃO;;NÃO;-;NÃO;-;MATERIAL DE CONSUMO;NÃO;;;;
CONTRATO;32;2024;PGJ;CONTRATO-32-2024-PGJ;5759/2024-35;LEI_14.133;INEXIGIBILIDADE;CONTRATAÇÃO DE SERVIÇOS BRY FRAMEWORK DE ASSINATURA DIGITAL DE DOCUMENTOS ELETRÔNICOS COM CARIMBO DO TEMPO;04.441.528/0001-57;BRY TECNOLOGIA S.A;05/08/2024;09/08/2027;17/09/2025;-307;FORA DO PRAZO;FORA DO PRAZO;R$ 20.000,00;R$ 20.000,00;R$ 45.000,00;NÃO;CTI;303;BRENO REIS DO NASCIMENTO;;-;;-;;-;3014/2024;NÃO;;SIM;2;NÃO;-;SERVIÇOS DE TI;SIM;;;;
CONTRATO;33;2024;PGJ;CONTRATO-33-2024-PGJ;22315/2024-27;LEI_8.666;PREGÃO ELETRÔNICO;AQUISIÇÃO DE GÊNEROS ALIMENTÍCIOS PARA O MPPI;45.530.189/0001-62;A B F DE SOUSA SANTOS LTDA;30/07/2024;30/07/2025;10/07/2027;354;EM VIGÊNCIA;EM VIGÊNCIA;R$ 5.939,15;R$ 0,00;R$ 0,00;NÃO;CAA;20026;FELIPE ARLLEM REZENDE;;-;;-;;-;2921/2024;NÃO;;NÃO;-;NÃO;-;MATERIAL DE CONSUMO;NÃO;;;;
CONTRATO;34;2024;PGJ;CONTRATO-34-2024-PGJ;2067/2024-30;LEI_8.666;PREGÃO ELETRÔNICO;AQUISIÇÃO DE ÁGUA MINERAL;39.853.645/0001-02;LAÍS G DE SOUSA EIRELI;24/07/2024;24/07/2025;31/07/2025;-355;FORA DO PRAZO;FORA DO PRAZO;R$ 62.011,90;R$ 0,00;R$ 0,00;NÃO;CAA;20026;FELIPE ARLLEM REZENDE;;-;;-;;-;2941/2024;NÃO;;SIM;1;NÃO;-;MATERIAL DE CONSUMO;NÃO;;;;
CONTRATO;35;2024;PGJ;CONTRATO-35-2024-PGJ;2788/2024-59;LEI_8.666;PREGÃO ELETRÔNICO;EMPRESA ESPECIALIZADA NA PRESTAÇÃO DE SERVIÇO DE FORNECIMENTO DE COFFE BREAK I , COFFE BREAK II, CAFÉ DA MANHÃ E COQUETEL;07.686.538/0001-40;L PINHEIRO MENDES DE SOUSA;23/07/2024;23/07/2025;22/07/2025;-364;FORA DO PRAZO;FORA DO PRAZO;R$ 98.567,05;R$ 0,00;R$ 0,00;NÃO;CCS;15813;LÍCIA ALENCAR BOTELHO;;-;;-;;-;2865/2024;NÃO;;SIM;1;SIM;1;MATERIAL DE CONSUMO;NÃO;;;;
CONTRATO;36;2024;PGJ;CONTRATO-36-2024-PGJ;2500/2024-76;LEI_8.666;PREGÃO ELETRÔNICO;AQUISIÇÃO DE TONERS;48.290.788/0001-44;VTEX INFORMATICA LTDA;30/07/2024;30/07/2025;22/07/2025;-364;FORA DO PRAZO;FORA DO PRAZO;R$ 16.532,00;R$ 0,00;R$ 0,00;NÃO;CAA;20026;FELIPE ARLLEM REZENDE;;-;;-;;-;2961/2024;NÃO;;NÃO;-;NÃO;-;MATERIAL PERMANENTE;NÃO;;;;
CONTRATO;37;2024;PGJ;CONTRATO-37-2024-PGJ;3504/2024-31;LEI_8.666;PREGÃO ELETRÔNICO;AQUISIÇÃO DE MATERIAL DE LIMPEZA E HIGIENE PARA O MP-PI ;07.239.237/0001-79;C L BESERRA & CIA LTDA EPP;30/07/2024;30/07/2025;30/07/2025;-356;FORA DO PRAZO;FORA DO PRAZO;R$ 10.571,70;R$ 0,00;R$ 0,00;NÃO;CAA;20026;FELIPE ARLLEM REZENDE;;-;;-;;-;29552/2024;NÃO;;NÃO;-;NÃO;-;MATERIAL PERMANENTE;NÃO;;;;
CONTRATO;39;2024;FEPDC;#REF!;2455/2024-45;LEI_14.133;PREGÃO;AQUISIÇÃO DE MATERIAL PERMANENTE ( APARELHOS DE AR-CONDICIONADO E CLIMATIZADORES;45.329.312/0001-81;BT COMÉRCIO INTELIGENTE LTDA;19/07/2024;19/07/2025;03/07/2025;-383;FORA DO PRAZO;FORA DO PRAZO;R$ 85.920,00;R$ 0,00;R$ 0,00;NÃO;CAA;307;AIRTON ALVES MENDES DE MOURA;;-;;-;;-;2834/2024;SIM;5%;SIM;2;NÃO;-;MATERIAL PERMANENTE;NÃO;;;;
CONTRATO;40;2024;PGJ;CONTRATO-40-2024-PGJ;23576/2024-27;LEI_8.666;PREGÃO ELETRÔNICO;AQUISIÇÃO DE MATERIAL DE LIMPEZA E HIGIENE (LOTE 4) PARA O MPPI;49.464.926/0001-27;LRF DISTRIBUIDORA LTDA;02/08/2024;02/08/2025;02/08/2025;-353;FORA DO PRAZO;FORA DO PRAZO;R$ 4.910,20;R$ 0,00;R$ 0,00;NÃO;CAA;20026;FELIPE ARLLEM REZENDE;;-;;-;;-;3007/2024;NÃO;;NÃO;-;NÃO;-;MATERIAL DE CONSUMO;NÃO;;;;
CONTRATO;41;2024;FMMPPI;CONTRATO-41-2024-FMMPPI;21998/2024-05;LEI_8.666;PREGÃO ELETRÔNICO;MANUTENÇÃO PREDIAL DAS SEDES QUE ABRIGAM AS PROCURADORIAS DE JUSTIÇA DE MARCOS PARENTE E CORRENTE;11.724.406/0001-33;WN CONSTRUTORA LTDA;07/08/2024;07/08/2025;07/08/2025;-348;FORA DO PRAZO;FORA DO PRAZO;R$ 17.489,95;R$ 0,00;R$ 0,00;NÃO;CPPT;15821;ANDRÉ CASTELO BRANCO RIBEIRO;;-;;-;;-;3080/2024;SIM;3%;NÃO;-;NÃO;-;SERVIÇO DE MANUTENÇÃO - ENGENHARIA;NÃO;;;;
CONTRATO;42;2024;PGJ;CONTRATO-42-2024-PGJ;22716/2024-64;LEI_8.666;PREGÃO ELETRÔNICO;AQUISIÇÃO DE MATERIAL DE LIMPEZA E HIGIENE PARA O MPPI.;07.239.237/0001-79;C L BESERRA & CIA LTDA EPP;01/08/2024;01/08/2025;17/09/2025;-307;FORA DO PRAZO;FORA DO PRAZO;R$ 50.083,86;R$ 0,00;R$ 5.000,00;NÃO;CAA;20026;FELIPE ARLLEM REZENDE;;-;;-;;-;2992/2024;NÃO;;NÃO;-;NÃO;-;MATERIAL DE CONSUMO;NÃO;;;;
CONTRATO;43;2024;PGJ;CONTRATO-43-2024-PGJ;22523/2024-37;LEI_8.666;PREGÃO ELETRÔNICO;AQUISIÇÃO DE TONERS (LOTE 3) PARA IMPRESSORAS DO MPPI;29.106.687/0001-26;HR COMERCIO E SERVIÇOS EIRELLI-EPP;13/08/2024;13/08/2025;13/08/2025;-342;FORA DO PRAZO;FORA DO PRAZO;R$ 30.010,00;R$ 0,00;R$ 0,00;NÃO;CAA;20026;FELIPE ARLLEM REZENDE;;-;;-;;-;3126/2024;NÃO;;NÃO;-;NÃO;-;MATERIAL DE CONSUMO;NÃO;;;;
CONTRATO;46;2024;FMMPPI;CONTRATO-46-2024-FMMPPI;8664/2024-55;LEI_8.666;PREGÃO ELETRÔNICO;EMPRESA ESPECIALIZADA NA PRESTAÇÃO DE SERVIÇOS DE CONSERVAÇÃO E MANUTENÇÃO DE EDIFICAÇÕES ;44.171.539/0001-89;CONSTRUTORA WEIK LTDA;03/09/2024;03/09/2025;03/09/2025;-321;FORA DO PRAZO;FORA DO PRAZO;R$ 300.384,86;R$ 0,00;R$ 0,00;NÃO;CPPT;15821;ANDRÉ CASTELO BRANCO RIBEIRO;;-;;-;;-;3560/2024;SIM;3%;SIM;2;SIM;1;SERVIÇO DE MANUTENÇÃO - ENGENHARIA;NÃO;;;;
CONTRATO;47;2024;FMMPPI;CONTRATO-47-2024-FMMPPI;31296/2024-20;LEI_14.133;PREGÃO;CONTRATAÇÃO DE POSTOS PARA OS SERVIÇOS DE AGENTE DE LIMPEZA INSTITUCIONAL COM DEDICAÇÃO EXCLUSIVA DE MÃO DE OBRA;05.564.043/0001-13;MASTER FACILITIES LTDA;20/09/2024;30/09/2026;30/09/2026;71;RENOVAÇÃO URGENTE;EM VIGÊNCIA;R$ 3.417.851,04;R$ 3.417.851,04;R$ 3.844.721,17;NÃO;CAA;173;ALCIVAN DA COSTA MARQUES;20259;JOSSELLINI DOS SANTOS SOUSA ;20269;FABIANA ROCHA AGUIAR NOGUEIRA;;-;4211/2025;SIM;5%;SIM;2;SIM;1;SERVIÇOS DE MÃO DE OBRA;SIM;;;;
CONTRATO;48;2024;PGJ;CONTRATO-48-2024-PGJ;3616/2024-89;LEI_14.133;DISPENSA;CONTRATAÇÃO DIRETA DE SERVIÇOS DE REGÊNCIA PARA  A COORDENAÇÃO E EXECUÇÃO DE AULAS DE CANTO NO ÂMBITO DO MPPI ;077.938.833-77;PAULO HENRIQUE SOUSA DANTAS;02/10/2024;02/10/2026;02/10/2026;73;RENOVAÇÃO URGENTE;EM VIGÊNCIA;R$ 57.600,00;R$ 57.600,00;R$ 57.600,00;NÃO;CRH;20048;MARIANNE DE MACEDO RODRIGUES;;-;;-;;-;3833/2024;NÃO;;NÃO;-;SIM;1;OUTROS SERVIÇOS;SIM;;;;
CONTRATO;49;2024;FEPDC;CONTRATO-49-2024-FEPDC;3614/2024-82;LEI_14.133;DISPENSA;AQUISIÇÃO DE EXTINTORES TIPO ABC E CO²;46.344.050/0001-97;SUL ÁGUA EQUIPAMENTOS LTDA;14/10/2024;14/10/2025;14/10/2025;-280;FORA DO PRAZO;FORA DO PRAZO;R$ 7.809,80;R$ 0,00;R$ 0,00;NÃO;CAA;15450;ANTÔNIO MARCOS PESSOA;;-;;-;;-;3939/2024;NÃO;;NÃO;-;NÃO;-;MATERIAL DE CONSUMO;NÃO;;;;
CONTRATO;50;2024;FEPDC;CONTRATO-50-2024-FEPDC;34000/2024-88;LEI_14.133;PREGÃO;AQUISIÇÃO DE MATERIAL PERMANENTE (BEBEDOURO E PURIFICADOR DE ÁGUA);48.624.749/0001-36;LM PEREIRA LICITA;21/10/2024;21/10/2025;21/10/2025;-273;FORA DO PRAZO;FORA DO PRAZO;R$ 12.423,00;R$ 0,00;R$ 0,00;NÃO;CAA;307;AIRTON ALVES MENDES DE MOURA;;-;;-;;-;3975/2024;NÃO;;NÃO;-;NÃO;-;MATERIAL PERMANENTE;NÃO;;;;
CONTRATO;51;2024;FMMPPI;CONTRATO-51-2024-FMMPPI;37659/2023-98;LEI_14.133;PREGÃO;SERVIÇOS TÉCNICOS ESPECIALIZADOS ATRAVÉS DA OPERAÇÃO DE INFRAESTRUTURA E ATENDIMENTO A USUÁRIOS DE TIC, COM ATENDIMENTO DE 1º, 2º E 3º NÍVEIS NO MODELO DE UM SERVICE DESK (CENTRAL DE SERVIÇOS);18.945.601/0001-32;READY TECNOLOGIA DA INFORMAÇÃO LTDA;17/10/2024;17/10/2026;17/10/2026;88;RENOVAÇÃO URGENTE;EM VIGÊNCIA;R$ 3.018.093,36;R$ 3.018.093,36;R$ 3.116.785,01;NÃO;CTI;20260;ALEXANDRE MONTEIRO RODRIGUES COELHO;15807;ÍTALO GARCIA ARAÚJO NOGUEIRA;15379;JOÃO CARLOS BARBOSA DOS SANTOS;;-;4004/2024;SIM;5%;NÃO;-;SIM;3;SERVIÇOS DE TI;SIM;;;;
CONTRATO;52;2024;FEPDC;CONTRATO-52-2024-FEPDC;33999/2024-18;LEI_14.133;PREGÃO;AQUISIÇÃO DE MATERIAL PERMANENTE (MICRO-ONDAS E CAFETEIRA ELÉTRICA);47.208.443/0001-36;ARGON ASSESSORIA COMÉRCIO E DISTRIBUICAO LTDA;21/10/2024;21/10/2025;21/10/2025;-273;FORA DO PRAZO;FORA DO PRAZO;R$ 10.324,75;R$ 0,00;R$ 0,00;NÃO;CAA;307;AIRTON ALVES MENDES DE MOURA;;-;;-;;-;3974/2024;NÃO;;SIM;1;NÃO;-;MATERIAL PERMANENTE;NÃO;;;;
CONTRATO;53;2024;FEPDC;CONTRATO-53-2024-FEPDC;34002/2024-34;LEI_14.133;PREGÃO;AQUISIÇÃO DE MATERIAL PERMANENTE (QUADROS BRANCOS);26.854.929/0001-71;DIDAQUE EMPREENDIMENTOS LTDA-ME;22/10/2024;22/10/2025;22/10/2025;-272;FORA DO PRAZO;FORA DO PRAZO;R$ 7.044,00;R$ 0,00;R$ 0,00;NÃO;CAA;307;AIRTON ALVES MENDES DE MOURA;;-;;-;;-;4070/2024;NÃO;;NÃO;-;SIM;1;MATERIAL PERMANENTE;NÃO;;;;
CONTRATO;54;2024;FEPDC;CONTRATO-54-2024-FEPDC;34006/2024-23;LEI_14.133;PREGÃO;AQUISIÇÃO DE MATERIAL PERMANENTE ( CLIMATIZADOR);49.949.246/0001-01;NOVA MIX LTDA;22/10/2024;22/10/2025;22/10/2025;-272;FORA DO PRAZO;FORA DO PRAZO;R$ 3.069,00;R$ 0,00;R$ 0,00;NÃO;CAA;307;AIRTON ALVES MENDES DE MOURA;;-;;-;;-;4069/2024;NÃO;;NÃO;-;NÃO;-;MATERIAL PERMANENTE;NÃO;;;;
NOTA DE EMPENHO;54;2024;FMMPPI;NOTA DE EMPENHO-54-2024-FMMPPI;17492/2024-24;LEI_14.133;DISPENSA;SERVIÇOS DE CONFECÇÃO DE MEDALHAS ;07.260.815/0001-59;WANJOUR COMERCIO DE METAIS, JOIAS E SERVICOS DE TELECOMUNICACOES LTDA;19/11/2024;19/11/2025;19/11/2025;-244;FORA DO PRAZO;FORA DO PRAZO;R$ 12.000,00;R$ 0,00;R$ 0,00;NÃO;CCS;122;SHAIANNA DA COSTA ARAÚJO;;-;;-;;-;4487/2024;NÃO;;NÃO;-;SIM;1;MATERIAL DE CONSUMO;NÃO;;;;
CONTRATO;55;2024;FMMPPI;CONTRATO-55-2024-FMMPPI;24274/2024-51;LEI_8.666;PREGÃO ELETRÔNICO;CONTRATAÇÃO DE EMPRESA ESPECIALIZADA NA PRESTAÇÃO DE SERVIÇOS DE CONSERVAÇÃO E MANUTENÇÃO DE EDIFICAÇÕES.;44.171.539/0001-89;CONSTRUTORA WEIK LTDA;29/10/2024;29/10/2025;29/10/2025;-265;FORA DO PRAZO;FORA DO PRAZO;R$ 102.826,02;R$ 0,00;R$ 5.727,41;NÃO;CPPT;15821;ANDRÉ CASTELO BRANCO RIBEIRO;;-;;-;;-;4083/2024;NÃO;;NÃO;-;SIM;1;SERVIÇOS DE ENGENHARIA;NÃO;;;;
CONTRATO;56;2024;PGJ;CONTRATO-56-2024-PGJ;23541/2024-02;LEI_8.666;PREGÃO ELETRÔNICO;AQUISIÇÃO DE MATERIAL DE HIGIENE E LIMPEZA ( SACO DE LIXO E PAPEL HIGIÊNICO);26.569.874/0001-58;CELSO LUIZ MOREIRA DA COSTA EPP;30/10/2024;30/10/2025;30/10/2025;-264;FORA DO PRAZO;FORA DO PRAZO;R$ 19.025,00;R$ 0,00;R$ 0,00;NÃO;CAA;20026;FELIPE ARLLEM REZENDE;;-;;-;;-;4118/2024;NÃO;;NÃO;-;NÃO;-;MATERIAL DE CONSUMO;NÃO;;;;
CONTRATO;57;2024;FMMPPI;CONTRATO-57-2024-FMMPPI;33014/2024-72;LEI_14.133;PREGÃO;AQUISIÇÃO E INSTALAÇÃO DE CERCA ELÉTRICA ;01.252.610/0001-45;RADNOR ENGENHARIA E TELECOMUNICAÇÃO LTDA;01/11/2024;01/11/2025;01/11/2025;-262;FORA DO PRAZO;FORA DO PRAZO;R$ 27.421,56;R$ 0,00;R$ 0,00;NÃO;CPPT;226;CAROL CHAVES MESQUITA E FERREIRA;;-;;-;;-;4191/2024;NÃO;;NÃO;-;NÃO;-;OUTROS SERVIÇOS;NÃO;;;;
CONTRATO;58;2024;FMMPPI;CONTRATO-58-2024-FMMPPI;31467/2024-34;LEI_8.666;PREGÃO ELETRÔNICO;CONTRATAÇÃO DE EMPRESA ESPECIALIZADA NA PRESTAÇÃO DE SERVIÇOS DE CONSERVAÇÃO E MANUTENÇÃO DE EDIFICAÇÕES.;22.561.863/0001-70;MULTPAR SERVIÇOS DE CONSTRUÇÃO LTDA;30/10/2024;30/10/2025;30/10/2025;-264;FORA DO PRAZO;FORA DO PRAZO;R$ 67.501,93;R$ 0,00;R$ 0,00;NÃO;CPPT;226;CAROL CHAVES MESQUITA E FERREIRA;;-;;-;;-;4134/2024;NÃO;;NÃO;-;NÃO;-;SERVIÇOS DE ENGENHARIA;NÃO;;;;
CONTRATO;59;2024;FMMPPI;CONTRATO-59-2024-FMMPPI;36148/2024-38;LEI_14.133;PREGÃO;SERVIÇOS TOPOGRÁFICOS E DE SONDAGEM;34.427.199/0001-50;SOLOMAX ASSESSORIA DE PROJETOS TÉCNICOS CONSULTORIA LTDA;30/10/2024;30/10/2025;30/10/2025;-264;FORA DO PRAZO;FORA DO PRAZO;R$ 34.698,47;R$ 0,00;R$ 0,00;NÃO;CPPT;226;CAROL CHAVES MESQUITA E FERREIRA;;-;;-;;-;4120/2024;NÃO;;NÃO;-;NÃO;-;OUTROS SERVIÇOS;NÃO;;;;
CONTRATO;60;2024;FMMPPI;CONTRATO-60-2024-FMMPPI;39825/2024-07;LEI_14.133;PREGÃO;SERVIÇOS GERENCIADOS DE COMPUTAÇÃO EM NUVEM SOB O MODELO DE CLOUD BROKER (INTEGRADOR);18.945.601/0001-32;READY TECNOLOGIA DA INFORMAÇÃO LTDA;13/11/2024;13/11/2026;13/11/2026;115;INICIAR RENOVAÇÃO;EM VIGÊNCIA;R$ 10.500.000,00;R$ 10.500.000,00;R$ 10.955.087,21;NÃO;CTI;294;MARCIEL FERREIRA LIMA;15807;ÍTALO GARCIA ARAÚJO NOGUEIRA;425;MARCOS MACIEL MARTINS BRITO;;-;4320/2024;SIM;2% DO VALOR DO CONTRATO;NÃO;-;SIM;1;SERVIÇO DE TI;SIM;;;;
CONTRATO;61;2024;PGJ;CONTRATO-61-2024-PGJ;13665/2024-98;LEI_14.133;DISPENSA;RECARGA DE GÁS LIQUEFEITO DE PETRÓLEO (GLP), SOMENTE A RECARGA (SEM VASILHAME), COMPOSIÇÃO BÁSICA PROPANO E BUTANO. ACONDICIONADA EM BOTIJAS DE 13 (TREZE) KG, CONFORME PORTARIA 47 DE 24/03/99 ANP, NPR 14024 DA ABNT;03.465.907/0001-14;B. ROCHA SANTOS;11/11/2024;11/11/2026;11/11/2026;113;INICIAR RENOVAÇÃO;EM VIGÊNCIA;R$ 3.540,00;R$ 3.540,00;#REF!;;CAA;20026;FELIPE ARLLEM REZENDE;;-;;-;;-;4298/2024;NÃO;;NÃO;-;SIM;3;MATERIAL DE CONSUMO;NÃO;;;;
CONTRATO;62;2024;FMMPPI;CONTRATO-62-2024-FMMPPI;39316/2024-56;LEI_8.666;PREGÃO ELETRÔNICO;SERVIÇOS DE CONSERVAÇÃO E MANUTENÇÃO DE EDIFICAÇÕES, SOB DEMANDA, PARA AS SEDES DAS PROMOTORIAS DE UNIÃO E BATALHA;44.171.539/0001-89;CONSTRUTORA WEIK LTDA;14/11/2024;14/11/2025;14/11/2025;-249;FORA DO PRAZO;FORA DO PRAZO;R$ 43.882,05;R$ 0,00;R$ 0,00;NÃO;CPPT;15821;ANDRÉ CASTELO BRANCO RIBEIRO;;-;;-;;-;4389/2024;NÃO;;NÃO;-;#REF!;#REF!;SERVIÇO DE MANUTENÇÃO - ENGENHARIA;NÃO;;;;
CONTRATO;63;2024;PGJ;CONTRATO-63-2024-PGJ;24873/2024-87;LEI_8.666;PREGÃO ELETRÔNICO;MANUTENÇÃO PREVENTIVA E CORRETIVA COM FORNECIMENTO DE PEÇAS DOS APARELHOS DE AR-CONDICIONADO TIPO SPLIT, BEBEDOURO, PURIFICADOR DE ÁGUA, FRIGOBAR, GELADEIRA, BEM COMO RECARGA DE GÁS PARA O MP-PI;37.827.616/0001-40;EASWELL ENGENHARIA LTDA;14/11/2024;14/05/2026;14/11/2027;481;EM VIGÊNCIA;EM VIGÊNCIA;R$ 31.995,47;R$ 0,00;R$ 33.517,85;NÃO;CAA;15450;ANTÔNIO MARCOS PESSOA;20269;FABIANA ROCHA AGUIAR NOGUEIRA;20259;JOSSELLINI DOS SANTOS SOUSA ;;-;4424/2024;NÃO;;NÃO;-;NÃO;-;SERVIÇO DE MANUTENÇÃO;NÃO;;;;
CONTRATO;64;2024;FMMPPI;CONTRATO-64-2024-FMMPPI;38731/2024-40;LEI_8.666;PREGÃO ELETRÔNICO;SERVIÇOS DE CONSERVAÇÃO E MANUTENÇÃO DE EDIFICAÇÕES, SOB DEMANDA, DAS SEDES DAS PROCURADORIAS DE JUSTIÇA DE PARNAÍBA, LUÍS CORREIA, ESPERANTINA E PEDRO II.;44.171.539/0001-89;CONSTRUTORA WEIK LTDA;19/11/2024;19/11/2025;19/11/2025;-244;FORA DO PRAZO;FORA DO PRAZO;R$ 206.040,23;R$ 0,00;R$ 11.476,44;NÃO;CPPT;15821;ANDRÉ CASTELO BRANCO RIBEIRO;;-;;-;;-;4394/2024;SIM;3%;NÃO;-;SIM;1;SERVIÇO DE MANUTENÇÃO - ENGENHARIA;NÃO;;;;
CONTRATO;65;2024;PGJ;CONTRATO-65-2024-PGJ;11742/2024-59;LEI_14.133;PREGÃO;CONTRATAÇÃO DE INSTITUIÇÃO FINANCEIRA PARA O PROCESSAMENTO DOS CRÉDITOS DA FOLHA DE PAGAMENTO DE SUBSÍDIOS E DIREITOS DOS MEMBROS E SERVIDORES ATIVOS E INATIVOS DO MINISTÉRIO PÚBLICO DO ESTADO DO PIAUÍ (MPPI);60.746.948/0001-12;BANCO BRADESCO S/A;04/12/2024;04/12/2029;04/12/2029;1232;EM VIGÊNCIA;EM VIGÊNCIA;R$ 3.500.000,00;R$ 3.500.000,00;R$ 3.502.444,23;NÃO;CCF;276;DIEGO ALVES DE CARVALHO;;-;;-;;-;4604/2024;NÃO;;NÃO;-;NÃO;-;BANCÁRIO;SIM;;;;
CONTRATO;66;2024;PGJ;CONTRATO-66-2024-PGJ;40545/2024-92;LEI_8.666;PREGÃO ELETRÔNICO;AQUISIÇÃO DE ÁGUA MINERAL PARA O MPPI.;39.853.645/0001-02;LAÍS G DE SOUSA EIRELI;19/11/2024;19/11/2025;19/11/2025;-244;FORA DO PRAZO;FORA DO PRAZO;R$ 43.428,10;R$ 0,00;R$ 0,00;NÃO;CAA;20026;FELIPE ARLLEM REZENDE;;-;;-;;-;4397/2024;NÃO;;NÃO;-;SIM;1;MATERIAL DE CONSUMO;NÃO;;;;
CONTRATO;67;2024;FMMPPI;CONTRATO-67-2024-FMMPPI;00908/2024-30;LEI_14.133;PREGÃO;"CONTRATAÇÃO EMPRESA ESPECIALIZADA PARA A AQUISIÇÃO DE LICENÇAS DA LINHA AUTODESK ARCHITECTURE, ENGINEERING & CONSTRUCTION COLLECTION IC NEW SINGLE-USER 3-
YEARS, PARA ATENDER AS NECESSIDADES DA COORDENADORIA DE PERÍCIAS E PARECERES TÉCNICOS DO MINISTÉRIO PÚBLICO DO ESTADO DO PIAUÍ.
";55.744.852/0001-85;EMPRESA RAPHAELLA EDUARDA MARTINS DA CONCEIÇÃO;29/11/2024;29/11/2027;29/11/2027;496;EM VIGÊNCIA;EM VIGÊNCIA;R$ 260.550,00;R$ 260.550,00;R$ 261.477,96;NÃO;CPPT;20122;ALESSANDRA BRAUNA DE MEIRELES;;-;;-;;-;4539/2024;SIM;5% DO VALOR TOTAL CONTRATADO;NÃO;-;NÃO;-;SERVIÇOS DE TI;SIM;;;;
CONTRATO;68;2024;FEPDC;CONTRATO-68-2024-FEPDC;40200/2024-13;LEI_14.133;PREGÃO;O OBJETO DO PRESENTE TERMO DE CONTRATO É A AQUISIÇÃO DE APARELHOS DE AR CONDICIONADO TIPO SPLIT DE 18.000 BTUS SEM INSTALAÇÃO INCLUSA.;13.482.516/0001-61;SUPERAR LTDA;04/12/2024;04/12/2025;04/12/2025;-229;FORA DO PRAZO;FORA DO PRAZO;R$ 26.748,00;R$ 0,00;R$ 0,00;NÃO;CAA;307;AIRTON ALVES MENDES DE MOURA;;-;;-;;-;4605/2024;SIM;5% DO VALOR TOTAL CONTRATADO;NÃO;-;NÃO;-;MATERIAL PERMANENTE;NÃO;;;;
CONTRATO;69;2024;FMMPPI;CONTRATO-69-2024-FMMPPI;5129/2024-04;LEI_14.133;DISPENSA;CONTRATAÇÃO DE SERVIÇO COMUNS DE ENGENHARIA PARA MANUTENÇÃO PREVENTIVA E CORRETIVA NAS SUBESTAÇÕES DE ENERGIA ELÉTRICA DAS SEDES DO MPPI;03.835.152/0001-00;STRATO CONSTRUÇÕES E SERVIÇOS LTDA;10/12/2024;10/12/2025;10/12/2025;-223;FORA DO PRAZO;FORA DO PRAZO;R$ 44.000,00;R$ 0,00;R$ 6.303,84;NÃO;CPPT;226;CAROL CHAVES MESQUITA E FERREIRA;;-;;-;;-;4659/2024;NÃO;;NÃO;-;NÃO;-;SERVIÇO DE MANUTENÇÃO - ENGENHARIA;NÃO;;;;
CONTRATO;70;2024;FMMPPI;CONTRATO-70-2024-FMMPPI;43128/2024-49;LEI_8.666;PREGÃO ELETRÔNICO;SERVIÇOS DE CONSERVAÇÃO E MANUTENÇÃO, SOB DEMANDA, DO MPPI (SEDE LESTE E CENTRO);22.561.863/0001-70;MULTPAR SERVIÇOS DE CONSTRUÇÃO LTDA;05/12/2024;05/12/2025;05/12/2025;-228;FORA DO PRAZO;FORA DO PRAZO;R$ 16.659,93;R$ 0,00;R$ 0,00;NÃO;CPPT;226;CAROL CHAVES MESQUITA E FERREIRA;;-;;-;;-;4618/2024;NÃO;;NÃO;-;NÃO;-;SERVIÇO DE MANUTENÇÃO - ENGENHARIA;NÃO;;;;
CONTRATO;71;2024;FMMPPI;CONTRATO-71-2024-FMMPPI;2266/2024-73;LEI_14.133;PREGÃO;CONTRATAÇÃO DE INSTITUIÇÃO FINANCEIRA PARA PRESTAÇÃO DE SERVIÇOS DE ARRECADAÇÃO E GERENCIAMENTO DE RECEITAS, PAGAMENTO DE FORNECEDORES/PRESTADORES, BEM COMO GERAÇÃO E RECOLHIMENTO DE BOLETOS DE DIFERENTES TIPOS E REALIZAÇÃO DE TRANSFERÊNCIAS FINANCEIRAS, INCLUSIVE VIA PIX, A FIM DE ATENDER ÀS NECESSIDADES DO FUNDO DE MODERNIZAÇÃO DO MINISTÉRIO PÚBLICO, CONFORME CONDIÇÕES, QUANTIDADES E EXIGÊNCIAS ESTABELECIDAS NO EDITAL E SEUS ANEXOS, BEM COMO NO APÊNDICE (TABELA 1) DESTE INSTRUMENTO.;60.746.948/0001-12;BANCO BRADESCO S/A;12/12/2024;12/12/2029;12/12/2029;1240;EM VIGÊNCIA;EM VIGÊNCIA;R$ 81.530,02;R$ 81.530,02;R$ 81.530,02;NÃO;CCF;139;FRANCISCO LUIZ DE PAULA REGO;;-;;-;;-;4750/2024;NÃO;;NÃO;-;SIM;1;BANCÁRIO;SIM;;;;
CONTRATO;72;2024;FEPDC;CONTRATO-72-2024-FEPDC;2266/2024-73;LEI_14.133;PREGÃO;CONTRATAÇÃO DE INSTITUIÇÃO FINANCEIRA PARA PRESTAÇÃO DE SERVIÇOS DE ARRECADAÇÃO E GERENCIAMENTO DE RECEITAS, PAGAMENTO DE FORNECEDORES/PRESTADORES, BEM COMO GERAÇÃO E RECOLHIMENTO DE BOLETOS DE DIFERENTES TIPOS E REALIZAÇÃO DE TRANSFERÊNCIAS FINANCEIRAS, INCLUSIVE VIA PIX, A FIM DE ATENDER ÀS NECESSIDADES DO FUNDO DE ESTADUAL DE PROTEÇÃO E DEFESA DO CONSUMIDOR, CONFORME CONDIÇÕES, QUANTIDADES E EXIGÊNCIAS ESTABELECIDAS NO EDITAL E SEUS ANEXOS, BEM COMO NO APÊNDICE (TABELA 1) DESTE INSTRUMENTO.;60.746.948/0001-12;BANCO BRADESCO S/A;12/12/2024;12/12/2029;12/12/2029;1240;EM VIGÊNCIA;EM VIGÊNCIA;R$ 24.647,52;R$ 24.647,52;R$ 24.647,52;NÃO;CCF;139;FRANCISCO LUIZ DE PAULA REGO;;-;;-;;-;4750/2024;NÃO;;NÃO;-;SIM;2;BANCÁRIO;SIM;;;;
CONTRATO;73;2024;FMMPPI;CONTRATO-73-2024-FMMPPI;1329/2024-74;LEI_8.666;PREGÃO ELETRÔNICO;EMPRESA ESPECIALIZADA NA PRESTAÇÃO DE SERVIÇO DE CONSERVAÇÃO E MANUTENÇÃO DE EDIFICAÇÕES;22.561.863/0001-70;MULTPAR SERVIÇOS DE CONSTRUÇÃO LTDA;06/12/2024;06/12/2025;06/12/2025;-227;FORA DO PRAZO;FORA DO PRAZO;R$ 113.174,94;R$ 0,00;R$ 0,00;NÃO;CPPT;411;DÊNIS ALEXANDRE TEIXEIRA DE SENA;;-;;-;;-;4646/2024;NÃO;;NÃO;-;SIM;1;SERVIÇO DE MANUTENÇÃO - ENGENHARIA;NÃO;;;;
CONTRATO;74;2024;FMMPPI;CONTRATO-74-2024-FMMPPI;14540/2024-61;LEI_14.133;DISPENSA; PRESTAÇÃO DE SERVIÇOS ESPECIALIZADOS DE PLANEJAMENTO, ORGANIZAÇÃO E REALIZAÇÃO DO 4º CONCURSO PÚBLICO DE PROVAS, PARA O PROVIMENTO DE CARGOS DE ANALISTA MINISTERIAL, DE NÍVEL SUPERIOR, E DE TÉCNICO MINISTERIAL, DE NÍVEL MÉDIO, PARA COMPOR O QUADRO DE SERVIDORES DO MINISTÉRIO PÚBLICO DO ESTADO DO PIAUÍ – MP/PI, CONFORME CONDIÇÕES, QUANTIDADES E EXIGÊNCIAS ESTABELECIDAS NO TERMO DE REFERÊNCIA E NA PROPOSTA TÉCNICA Nº 27B/2024.;60.555.513/0001-90;FUNDAÇÃO CARLOS CHAGAS;09/12/2024;09/12/2025;09/12/2025;-224;FORA DO PRAZO;FORA DO PRAZO;R$ 1.385.755,00;R$ 0,00;R$ 0,00;NÃO;PGJ;222;ALESSANDRO RUFINO DE CARVALHO ;193;FRANCISCO CARLOS DA SILVA JÚNIOR ;425;MARCOS MACIEL MARTINS BRITO;;-;4703/2024;NÃO;;NÃO;-;NÃO;-;CONCURSO;NÃO;;;;
CONTRATO;75;2024;PGJ;CONTRATO-75-2024-PGJ;31381/2024-48;LEI_14.133;DISPENSA;SERVIÇOS COMUNS DE INTÉRPRETES DE LIBRAS (LÍNGUA BRASILEIRA DE SINAIS) PARA O MPPI.;36.260.417/0001-30;ANDRESSA PATRICIA ALVES SOUSA 05965486308;12/12/2024;12/12/2026;12/12/2026;144;INICIAR RENOVAÇÃO;EM VIGÊNCIA;R$ 56.640,00;R$ 56.640,00;R$ 56.640,00;NÃO;CCS;15653;GABRYELA SOTERO DE OLIVEIRA;;-;;-;;-;4793/2024;NÃO;;NÃO;-;NÃO;-;OUTROS SERVIÇOS;SIM;;;;
CONTRATO;76;2024;PGJ;CONTRATO-76-2024-PGJ;2846/2024-21;LEI_14.133;INEXIGIBILIDADE;CONTRATAÇÃO DE PRODUTOS E SERVIÇOS POR MEIO DE PACOTE DE SERVIÇOS DOS CORREIOS ;34.028.316/0022-38;SUPERINTENDÊNCIA ESTADUAL DE OPERAÇÕES DO PIAUÍ (CORREIOS);03/12/2024;03/12/2029;03/12/2029;1231;EM VIGÊNCIA;EM VIGÊNCIA;R$ 1.584.000,00;R$ 1.584.000,00;R$ 1.584.000,00;NÃO;CAA;213;ENNIO RICELLI SANTOS SOUSA;;-;;-;;-;4683/2024;NÃO;;NÃO;-;NÃO;-;OUTROS SERVIÇOS;SIM;;;;
CONTRATO;77;2024;FMMPPI;CONTRATO-77-2024-FMMPPI;38097/2024-81;LEI_14.133;DISPENSA;SERVIÇOS DE CONFECÇÃO DE PLACAS DE INAUGURAÇÃO, PLACAS DE HOMENAGEM, TROFÉUS E GALERIA HISTÓRICA;27.024.502/0001-09;DESTAQUE COMUNICACAO VISUAL - EIRELI;20/12/2024;20/12/2025;20/12/2025;-213;FORA DO PRAZO;FORA DO PRAZO;R$ 49.293,00;R$ 0,00;R$ 0,00;NÃO;CCS;20064;MARCOS VINÍCIUS LIMA VIEIRA;;-;;-;;-;06/2025;NÃO;;NÃO;-;NÃO;-;MATERIAL PERMANENTE;NÃO;;;;
CONTRATO;78;2024;PGJ;CONTRATO-78-2024-PGJ;35999/2023-67;LEI_14.133;DISPENSA;CONTRATAÇÃO DE INSTITUIÇÃO FINANCEIRA OFICIAL AUTORIZADA PELO BANCO CENTRAL PARA GERENCIAMENTO DO DUODÉCIMO E CARTÃO CORPORATIVO DO MPPI.;00.000.000/0001-91;BANCO DO BRASIL S/A;19/12/2024;19/12/2029;19/12/2029;1247;EM VIGÊNCIA;EM VIGÊNCIA;R$ 30.748,00;R$ 30.748,00;R$ 30.748,00;NÃO;CCF;15019;MILTON DE ALMEIDA BRITO;;-;;-;;-;19/2025;NÃO;;NÃO;-;NÃO;-;BANCÁRIO;SIM;;;;
CONTRATO;79;2024;FMMPPI;CONTRATO-79-2024-FMMPPI;26205/2024-85;LEI_14.133;DISPENSA;CONTRATAÇÃO DE SERVIÇO COMUM NÃO CONTÍNUO DE MARCENARIA PLANEJADA EM MDF PARA FABRICAÇÃO DO MOBILIÁRIO QUE IRÁ COMPOR O MEMORIAL DO MINISTÉRIO PÚBLICO DO ESTADO DO PIAUÍ;36.123.228/0001-16;F A B DE S RAMOS MOVEIS ME;26/12/2024;26/06/2025;26/06/2025;-390;FORA DO PRAZO;FORA DO PRAZO;R$ 36.484,50;R$ 0,00;R$ 0,00;NÃO;CPPT;20122;ALESSANDRA BRAUNA DE MEIRELES;;-;;-;;-;21/2025;NÃO;;NÃO;-;NÃO;-;OUTROS SERVIÇOS;NÃO;;;;
CONTRATO;80;2024;FMMPPI;CONTRATO-80-2024-FMMPPI;33366/2024-91;LEI_14.133;ADESÃO;CONTRATAÇÃO DE EMPRESA, POR MEIO DE ADESÃO, DE ITENS DE INFORMÁTICA (CÂMERA 360°), PARA APARELHAR AS SALAS DE REUNIÕES DO MPPI.;10.663.782/0006-07; WECOM COMERCIO DISTRIBUICAO E SERVICOS EM TECNOLOGIA DA INFORMACAO S.A;23/12/2024;08/01/2026;08/01/2026;-194;FORA DO PRAZO;FORA DO PRAZO;R$ 181.807,65;R$ 0,00;R$ 0,00;NÃO;CTI;20260;ALEXANDRE MONTEIRO RODRIGUES COELHO;15807;ÍTALO GARCIA ARAÚJO NOGUEIRA;15379;JOÃO CARLOS BARBOSA DOS SANTOS;;-;42/2025;SIM;5% DO VALOR DO CONTRATO;NÃO;-;NÃO;-;MATERIAL PERMANENTE;NÃO;;;;
CONTRATO;81;2024;FMMPPI;#REF!;5268/2024-80;LEI_14.133;INEXIGIBILIDADE;SOLUÇÃO PARA INTELIGÊNCIA INVESTIGATIVA, COMPOSTA PELA OPERAÇÃO INTEGRADA ;05.757.597/0002-18;TECHBIZ FORENSE DIGITAL LTDA;14/01/2025;14/01/2026;14/01/2026;-188;FORA DO PRAZO;FORA DO PRAZO;R$ 384.095,18;R$ 0,00;R$ 0,00;NÃO;CTI;335;THIAGO DE ARAÚJO COSTA SOARES;20263;ADRIANO JOSÉ DE SOUSA SANTOS;303;BRENO REIS DO NASCIMENTO;-;-;;;;NÃO;-;NÃO;-;SERVIÇO DE TI;SIM;;;;
NOTA DE EMPENHO;478;2024;PGJ;NOTA DE EMPENHO-478-2024-PGJ;10006/2024-03;LEI_14.133;INEXIGIBILIDADE;SERVIÇO DE SUBSTITUIÇÃO DE REDE NUA POR REDE PROTEGIDA;06.840.748/0001-89;EQUATORIAL PIAUI DISTRIBUIDORA DE ENERGIA S.A;21/05/2024;31/12/2024;31/12/2024;-567;FORA DO PRAZO;FORA DO PRAZO;R$ 7.478,08;R$ 0,00;R$ 0,00;NÃO;CPPT;226;CAROL CHAVES MESQUITA E FERREIRA;;-;;-;;-;1859/2024;NÃO;;NÃO;-;SIM;1;OUTROS SERVIÇOS;NÃO;;;;
NOTA DE EMPENHO;1156;2024;PGJ;NOTA DE EMPENHO-1156-2024-PGJ;40438/2024-88;LEI_14.133;INEXIGIBILIDADE;"CONTRATAÇÃO DE CAPACITAÇÃO ""CURSO PRÁTICO: OPERACIONALIZAÇÃO NO SISTEMA COMPRAS.GOV.BR""";50.088.618/0001-23;INOVE TREINAMENTOS E CAPACITAÇÃO LTDA;20/11/2024;20/02/2025;20/02/2025;-516;FORA DO PRAZO;FORA DO PRAZO;R$ 13.400,00;R$ 0,00;R$ 0,00;NÃO;CLC;15814;ROSANGELA DA SILVA SANTANA;;-;;-;;-;4436/2024;NÃO;;SIM;1;NÃO;-;CURSOS;NÃO;;;;
NOTA DE EMPENHO;1172;2024;PGJ;NOTA DE EMPENHO-1172-2024-PGJ;40437/2024-53;LEI_14.133;INEXIGIBILIDADE;CONTRATAÇÃO DE CURSO ONLINE SOBRE GESTÃO E FISCALIZAÇÃO DE CONTRATOS ADMINISTRATIVOS - NLLC - MODALIDADE 100% AO VIVO, GRAVAÇÃO POR 8 DIAS E APOSTILA DIGITAL;34.370.234/0001-42;SUPREME CAPACITAÇÃO E TREINAMENTO LTDA;25/11/2024;25/02/2025;25/02/2025;-511;FORA DO PRAZO;FORA DO PRAZO;R$ 8.350,00;R$ 0,00;R$ 0,00;NÃO;CLC;15814;ROSANGELA DA SILVA SANTANA;;-;;-;;-;4443/2024;NÃO;;NÃO;-;NÃO;-;CURSOS;NÃO;;;;
NOTA DE EMPENHO;1217;2024;PGJ;NOTA DE EMPENHO-1217-2024-PGJ;42396/2024-50;LEI_14.133;INEXIGIBILIDADE;PARTICIPAÇÃO DE 20 (VINTE) MEMBROS DO MPPI EM CONGRESSO, NA MODALIDADE PRESENCIAL, NO 7º CONGRESSO DO MINISTÉRIO PÚBLICO DA REGIÃO NORDESTE;54.284.583/0001-59;CADASTRE O FORNECEDOR;29/11/2024;29/05/2025;29/05/2025;-418;FORA DO PRAZO;FORA DO PRAZO;R$ 7.200,00;R$ 0,00;R$ 0,00;SIM;PGJ;370;DOUGLAS RIBEIRO MACHADO MACIEL;;-;;-;;-;4552/2024;NÃO;;NÃO;-;NÃO;-;CURSOS;NÃO;;;;
NOTA DE EMPENHO;1266;2024;PGJ;NOTA DE EMPENHO-1266-2024-PGJ;45792/2024-39;LEI_14.133;INEXIGIBILIDADE;"CONTRATAÇÃO DIRETA DE PALESTRA A SER MINISTRADA PELO PROF. DR. EDILSON MOUGENOT BONFIM, COM O TEMA: ""O PROMOTOR DE JUSTIÇA CRIMINAL NO BRASIL CONTEMPORÂNEO""";28.644.452/0001-25;APERFEICOAMENTO E TREINAMENTO - IBAJ - LTDA;13/12/2024;13/06/2025;13/06/2025;-403;FORA DO PRAZO;FORA DO PRAZO;R$ 25.000,00;R$ 0,00;R$ 0,00;SIM;CEAF;16318;VIVIANE MARIA DE PÁDUA RIOS MAGALHÃES;;-;;-;;-;4805/2024;NÃO;;NÃO;-;NÃO;-;CURSOS;NÃO;;;;
CONTRATO;1;2025;FMMPPI;CONTRATO-1-2025-FMMPPI;11193/2024-61;LEI_14.133;CONCORRÊNCIA;CONTRATAÇÃO DE EMPRESA ESPECIALIZADA PARA A EXECUÇÃO DOS SERVIÇOS DE REFORMA E AMPLIAÇÃO DA SEDE QUE ABRIGA AS PROMOTORIAS DE JUSTIÇA DE PIRIPÍRI/PI.;22.829.583/0001-09;ALTACON ENGENHARIA E CONSTRUTORA LTDA;27/01/2025;27/01/2026;27/01/2026;-175;FORA DO PRAZO;FORA DO PRAZO;R$ 432.000,00;R$ 0,00;R$ 0,00;NÃO;CPPT;15821;ANDRÉ CASTELO BRANCO RIBEIRO;;-;;;;-;348/2025;SIM;5% DO VALOR DO CONTRATO;NÃO;-;NÃO;-;OBRA;NÃO;;;;
CONTRATO;2;2025;PGJ;CONTRATO-2-2025-PGJ;1705/2025-05;LEI_14.133;PREGÃO;AQUISIÇÃO DE MATERIAL DE EXPEDIENTE PAPEL TIMBRADO A4;03.930.566/0001-00;ODIMILSOM ALVES PEREIRA ‑ EPP;31/01/2025;31/01/2027;31/01/2027;194;EM VIGÊNCIA;EM VIGÊNCIA;R$ 53.400,00;R$ 53.400,00;R$ 53.400,00;NÃO;CAA;20026;FELIPE ARLLEM REZENDE;;-;;;;-;424/2025;NÃO;;NÃO;-;NÃO;-;MATERIAL DE CONSUMO;SIM;;;;
CONTRATO;3;2025;PGJ;CONTRATO-3-2025-PGJ;513/2025-82;LEI_14.133;PREGÃO;AQUISIÇÃO DE ÁGUA MINERAL NATURAL (GALÃO, COPO DE 200ML E GARRAFA DE 1,5L);39.853.645/0001-02;LAÍS G DE SOUSA EIRELI;31/01/2025;31/01/2027;31/01/2027;194;EM VIGÊNCIA;EM VIGÊNCIA;R$ 99.645,00;R$ 99.645,00;R$ 99.645,00;NÃO;CAA;20026;FELIPE ARLLEM REZENDE;;-;;-;;-;428/2025;NÃO;;NÃO;-;NÃO;-;MATERIAL DE CONSUMO;SIM;;;;
CONTRATO;4;2025;PGJ;CONTRATO-4-2025-PGJ;1687/2025-06;LEI_14.133;PREGÃO;AQUISIÇÃO DE  MATERIAL DE EXPEDIENTE (BATERIAS, PILHAS, MOUSE, TECLADOS E ETC);08.388.921/0001-85;MIKROSHOP COMÉRCIO SOLUÇÕES E TECNOLOGIA LTDA;04/02/2025;04/02/2027;04/02/2027;198;EM VIGÊNCIA;EM VIGÊNCIA;R$ 10.102,60;R$ 10.102,60;R$ 10.102,60;NÃO;CAA;20026;FELIPE ARLLEM REZENDE;;-;;;;-;453/2025;NÃO;;NÃO;-;NÃO;-;MATERIAL DE CONSUMO;SIM;;;;
CONTRATO;5;2025;PGJ;CONTRATO-5-2025-PGJ;512/2025-12;LEI_14.133;PREGÃO;AQUISIÇÃO DE MATERIAL DE EXPEDIENTE PARA O MP-PI (APAGADOR QUADRO, APONTADOR L[APIS, CANETA ESFEROGRÁFICA, ETC);45.051.801/0001-14;EMPRESA SERVIPLAS PRODUTOS E SERVIÇOS;31/01/2025;31/01/2027;31/01/2027;194;EM VIGÊNCIA;EM VIGÊNCIA;R$ 29.081,00;R$ 29.081,00;R$ 29.081,00;NÃO;CAA;20026;FELIPE ARLLEM REZENDE;;-;;;;-;427/2025;NÃO;;NÃO;-;NÃO;-;MATERIAL DE CONSUMO;SIM;;;;
CONTRATO;6;2025;PGJ;CONTRATO-6-2025-PGJ;2394/2025-26;LEI_8.666;PREGÃO ELETRÔNICO;AQUISIÇÃO DE TONERS (LOTE 3) PARA IMPRESSORAS DO MINISTÉRIO PÚBLICO DO ESTADO DO PIAUÍ, CONFORME ESPECIFICAÇÕES CONTIDAS NO TERMO DE REFERÊNCIA, ANEXO I DO EDITAL, E ANEXO DESTE CONTRATO..;29.106.687/0001-26;HR COMERCIO E SERVIÇOS EIRELLI-EPP;05/02/2025;05/02/2026;05/02/2026;-166;FORA DO PRAZO;FORA DO PRAZO;R$ 15.375,00;R$ 0,00;R$ 0,00;NÃO;CAA;20026;FELIPE ARLLEM REZENDE;;-;;-;;-;496/2025;NÃO;;NÃO;-;NÃO;-;MATERIAL DE CONSUMO;NÃO;;;;
CONTRATO;7;2025;FEPDC;CONTRATO-7-2025-FEPDC;1406/2025-96;LEI_14.133;PREGÃO;AQUISIÇÃO DE MOUSEPADS EXTRAGRANDES;42.810.782/0001-74;MAX QUALITY COMÉRCIO LTDA;05/02/2025;05/02/2026;05/02/2026;-166;FORA DO PRAZO;FORA DO PRAZO;R$ 1.615,68;R$ 0,00;R$ 0,00;NÃO;CTI;20260;ALEXANDRE MONTEIRO RODRIGUES COELHO;;-;;-;;-;501/2025;NÃO;;NÃO;-;NÃO;-;MATERIAL DE CONSUMO;NÃO;;;;
CONTRATO;8;2025;FEPDC;CONTRATO-8-2025-FEPDC;20969/2024-40;LEI_14.133;DISPENSA;CONTRATAÇÃO DE SERVIÇOS SECURITÁRIOS PARA 1 (UM) VEÍCULO PERTENCENTE À FROTA PRÓPRIA DO FEPDC/PI;61.198.164/0001-60;PORTO SEGURO COMPANHIA DE SEGUROS GERAIS;17/02/2025;17/02/2026;17/02/2026;-154;FORA DO PRAZO;FORA DO PRAZO;R$ 5.648,00;R$ 0,00;R$ 0,00;NÃO;CAA;310;GUILHERME SANTOS DE ANDRADE;;-;;-;;-;604/2025;NÃO;;NÃO;-;NÃO;-;SERVIÇOS DE SEGURO;SIM;;;;
CONTRATO;9;2025;FMMPPI;CONTRATO-9-2025-FMMPPI;32480/2024-54;LEI_14.133;INEXIGIBILIDADE;CONTRATAÇÃO DE SOLUÇÃO DE TECNOLOGIA DA INFORMAÇÃO E COMUNICAÇÃO DE LICENÇAS DA LINHA ALTO QI - QI BUILDER, PARA ATENDER AS NECESSIDADES DA CPPT DO MPPI.;03.984.954/0001-74;MN TECNOLOGIA E TREINAMENTO LTDA;11/02/2025;11/02/2026;17/02/2027;211;EM VIGÊNCIA;EM VIGÊNCIA;R$ 17.820,00;R$ 0,00;R$ 0,00;NÃO;CPPT;411;DÊNIS ALEXANDRE TEIXEIRA DE SENA;20120;LARISSA RAQUEL TEIXEIRA ALVES;15379;JOÃO CARLOS BARBOSA DOS SANTOS;;-;550/2025;;;NÃO;-;NÃO;-;SERVIÇOS DE TI;NÃO;;;;
CONTRATO;10;2025;FMMPPI;CONTRATO-10-2025-FMMPPI;45631/2024-72;LEI_14.133;DISPENSA;SERVIÇOS DE FORNECIMENTO DE FLORES PARA ORNAMENTAÇÃO DE ESPAÇOS, NO PROCESSO DE ORGANIZAÇÃO E COORDENAÇÃO DE EVENTOS INSTITUCIONAIS;02.133.017/0001-42;FLORICULTURA NATUARTE LTDA;14/02/2025;14/02/2029;14/02/2029;939;EM VIGÊNCIA;EM VIGÊNCIA;R$ 157.800,00;R$ 157.800,00;R$ 157.800,00;NÃO;CCS;15813;LÍCIA ALENCAR BOTELHO;;-;;-;;-;579/2025;NÃO;;SIM;1;SIM;1;MATERIAL DE CONSUMO;SIM;;;;
CONTRATO;12;2025;FMMPPI;CONTRATO-12-2025-FMMPPI;0521/2025-15;LEI_14.133;PREGÃO;AQUISIÇÃO E INSTALAÇÃO DE CERCA ELÉTRICA DESTINADA À PROTEÇÃO DOS IMÓVEIS DO MPPI, LOCALIZADOS NA CAPITAL E NO INTERIOR;01.252.610/0001-45;RADNOR ENGENHARIA E TELECOMUNICAÇÃO LTDA;12/02/2025;12/02/2026;12/02/2026;-159;FORA DO PRAZO;FORA DO PRAZO;R$ 107.387,68;R$ 0,00;R$ 0,00;NÃO;CPPT;15821;ANDRÉ CASTELO BRANCO RIBEIRO;;-;;-;;-;565/2025;NÃO;;NÃO;-;NÃO;-;MATERIAL PERMANENTE;NÃO;;;;
CONTRATO;13;2025;FEPDC;CONTRATO-13-2025-FEPDC;0558/2025-46;LEI_14.133;PREGÃO;AQUISIÇÃO DE MATERIAIS E EQUIPAMENTOS PARA VIGILÂNCIA ELETRÔNICA E SEGURANÇA PATRIMONIAL;28.812.771/0001-00;COLBAN SEGURANÇA ELETRÔNICA LTDA -ME;14/02/2025;14/02/2026;14/02/2026;-157;FORA DO PRAZO;FORA DO PRAZO;R$ 77.801,52;R$ 0,00;R$ 0,00;NÃO;CAA;307;AIRTON ALVES MENDES DE MOURA;;-;;-;;-;586/2025;SIM;5% LOTE I (R$ 1.812,00);NÃO;-;NÃO;-;MATERIAL PERMANENTE;NÃO;;;;
CONTRATO;14;2025;FEPDC;CONTRATO-14-2025-FEPDC;0566/2025-24;LEI_14.133;PREGÃO;AQUISIÇÃO DE MATERIAL E EQUIPAMENTO PARA VIGILÂNCIA ELETRÔNICA E SEGURANÇA PATRIMONIAL;37.894.624/0001-00;RADD COMERCIO DE ELETRÔNICOS LTDA;25/02/2025;25/02/2026;25/02/2026;-146;FORA DO PRAZO;FORA DO PRAZO;R$ 5.024,00;R$ 0,00;R$ 0,00;NÃO;CAA;307;AIRTON ALVES MENDES DE MOURA;;-;;-;;-;792/2025;NÃO;;NÃO;-;NÃO;-;MATERIAL PERMANENTE;NÃO;;;;
CONTRATO;15;2025;PGJ;CONTRATO-15-2025-PGJ;3604/2025-17;LEI_14.133;PREGÃO;AQUISIÇÃO DE NOBREAKS 1500VA, PARA ATENDER AO NAVI DO MPPI.;07.045.469/0001-96;ATA SISTEMAS DE ENERGIA LTDA;25/02/2025;25/02/2026;25/02/2026;-146;FORA DO PRAZO;FORA DO PRAZO;R$ 2.889,00;R$ 0,00;R$ 0,00;NÃO;CTI;20260;ALEXANDRE MONTEIRO RODRIGUES COELHO;15807;ÍTALO GARCIA ARAÚJO NOGUEIRA;15379;JOÃO CARLOS BARBOSA DOS SANTOS;;-;757/2025;NÃO;;NÃO;-;NÃO;-;MATERIAL PERMANENTE;NÃO;;;;
CONTRATO;16;2025;FEPDC;CONTRATO-16-2025-FEPDC;565/2025-51;LEI_14.133;PREGÃO;AQUISIÇÃO DE MATERIAIS E EQUIPAMENTOS PARA VIGILÂNCIA ELETRÔNICA E SEGURANÇA PATRIMONIAL, CONFORME CONDIÇÕES, QUANTIDADES E EXIGÊNCIAS ESTABELECIDAS NO TERMO DE REFERÊNCIA E NO APÊNDICE (TABELA 1) DESTE INSTRUMENTO..;50.462.620/0001-10;EMPRESA COMPRAS PÚBLICAS CONSULTORIA E DISTRIBUIÇÃO;26/02/2025;26/02/2026;26/02/2026;-145;FORA DO PRAZO;FORA DO PRAZO;R$ 11.037,28;R$ 0,00;R$ 0,00;NÃO;CAA;307;AIRTON ALVES MENDES DE MOURA;;-;;-;;-;795/2025;NÃO;;NÃO;-;NÃO;-;MATERIAL PERMANENTE;NÃO;;;;
CONTRATO;17;2025;FMMPPI;CONTRATO-17-2025-FMMPPI;31890/2024-59;LEI_14.133;CONCORRÊNCIA;CONTRATAÇÃO DE EMPRESA ESPECIALIZADA PARA EXECUÇÃO DE SERVIÇOS DE IMPLANTAÇÃO DA SEDE QUE ABRIGARÁ AS PROMOTORIAS DE JUSTIÇA DE BARRAS-PI;07.375.034/0001-00; COINSTEL CONSTRUÇÕES E INSTALAÇÕES LTDA;12/03/2025;12/09/2026;12/09/2026;53;RENOVAÇÃO URGENTE;EM VIGÊNCIA;R$ 1.198.997,67;R$ 1.198.997,67;R$ 1.198.997,67;NÃO;CPPT;15821;ANDRÉ CASTELO BRANCO RIBEIRO;;-;;-;;-;975/2025;SIM;5%;NÃO;-;NÃO;-;OBRA;NÃO;;;;
CONTRATO;18;2025;FEPDC;CONTRATO-18-2025-FEPDC;0564/2025-78;LEI_14.133;PREGÃO;AQUISIÇÃO DE MATERIAIS E EQUIPAMENTOS PARA VIGILÂNCIA ELETRÔNICA E SEGURANÇA PATRIMONIAL.;52.585.078/0001-19;L F COMÉRCIO DE ELETRÔNICOS LTDA;25/02/2025;25/02/2026;25/02/2026;-146;FORA DO PRAZO;FORA DO PRAZO;R$ 44.244,50;R$ 0,00;R$ 0,00;NÃO;CAA;307;AIRTON ALVES MENDES DE MOURA;;-;;-;;-;776/2025;SIM;5%;NÃO;-;NÃO;-;MATERIAL PERMANENTE;NÃO;;;;
CONTRATO;19;2025;FEPDC;CONTRATO-19-2025-FEPDC;5171/2025-43;LEI_14.133;PREGÃO;AQUISIÇÃO DE MATERIAL PERMANENTE REFRIGERADOR ;48.624.749/0001-36;LM PEREIRA LICITA;25/02/2025;25/02/2026;25/02/2026;-146;FORA DO PRAZO;FORA DO PRAZO;R$ 23.661,69;R$ 0,00;R$ 0,00;NÃO;CAA;307;AIRTON ALVES MENDES DE MOURA;;-;;-;;-;789/2025;NÃO;;NÃO;-;NÃO;-;MATERIAL PERMANENTE;NÃO;;;;
CONTRATO;20;2025;PGJ;CONTRATO-20-2025-PGJ;0484/2025-39;LEI_14.133;DISPENSA;SERVIÇOS DE STREAMING PARA TRANSMISSÃO CONTÍNUA DE RÁDIO ON-LINE E DE MANUTENÇÃO PREVENTIVA DE EQUIPAMENTOS DE RÁDIO;27.985.596/0001-82;CARLOS EDUARDO PEREIRA BARRADAS 02209547393;28/02/2025;28/02/2030;28/02/2030;1318;EM VIGÊNCIA;EM VIGÊNCIA;R$ 57.539,40;R$ 57.539,40;R$ 57.539,40;NÃO;CCS;15486;JOSÉ MARQUES DA SILVA;;-;;-;;-;6205/2025;NÃO;;NÃO;-;NÃO;-;OUTROS SERVIÇOS;SIM;;;;
CONTRATO;21;2025;FEPDC;CONTRATO-21-2025-FEPDC;7553/2025-40;LEI_14.133;PREGÃO;AQUISIÇÃO DE MATERIAL PERMANENTE (PORTAS DETECTORES DE METAL);09.054.830/0001-76;SENSORIAL DETECTORES DE SEGURANÇA LTDA;13/03/2025;13/03/2026;13/03/2026;-130;FORA DO PRAZO;FORA DO PRAZO;R$ 61.380,00;R$ 0,00;R$ 0,00;NÃO;CAA;307;AIRTON ALVES MENDES DE MOURA;;-;;-;;-;1005/2025;SIM;5%;NÃO;-;NÃO;-;MATERIAL PERMANENTE;NÃO;;;;
CONTRATO;22;2025;PGJ;CONTRATO-22-2025-PGJ;6870/2025-36;LEI_14.133;PREGÃO;AQUISIÇÃO DE ÁGUA MINERAL PARA O MPPI.;45.530.189/0001-62;A B F DE SOUSA SANTOS LTDA;26/03/2025;26/03/2027;26/03/2027;248;EM VIGÊNCIA;EM VIGÊNCIA;R$ 69.600,00;R$ 69.600,00;R$ 69.600,00;NÃO;CAA;20026;FELIPE ARLLEM REZENDE;;-;;-;;-;1228/2025;NÃO;;NÃO;-;NÃO;-;MATERIAL DE CONSUMO;NÃO;;;;
CONTRATO;24;2025;PGJ;CONTRATO-24-2025-PGJ;514/2025-55;LEI_14.133;PREGÃO;AQUISIÇÃO DE MATERIAL DE HIGIENE LIMPEZA PARA O MP/PI;16.442.794/0001-83;CONCEITO MULTISERVICE LTDA;27/03/2025;27/03/2027;27/03/2027;249;EM VIGÊNCIA;EM VIGÊNCIA;R$ 154.602,89;R$ 154.602,89;R$ 154.602,89;NÃO;CAA;20026;FELIPE ARLLEM REZENDE;;-;;-;;-;1257/2025;NÃO;;SIM;-;NÃO;-;MATERIAL DE CONSUMO;NÃO;;;;
CONTRATO;25;2025;PGJ;CONTRATO-25-2025-PGJ;7507/2025-06;LEI_14.133;PREGÃO;AQUISIÇÃO DE MATERIAL DE HIGIENE LIMPEZA PARA O MP/PI;33.486.032/0001-06;MVP COMÉRCIO E SERVIÇOS;31/03/2025;31/03/2027;17/09/2025;-307;FORA DO PRAZO;FORA DO PRAZO;R$ 168.835,10;R$ 168.835,10;R$ 168.835,10;NÃO;CAA;20026;FELIPE ARLLEM REZENDE;;-;;-;;-;1256/2025;NÃO;;NÃO;-;NÃO;-;MATERIAL DE CONSUMO;NÃO;;;;
CONTRATO;26;2025;PGJ;CONTRATO-26-2025-PGJ;7435/2025-10;LEI_14.133;PREGÃO;AQUISIÇÃO DE MATERIAL DE HIGIENE E LIMPEZA PARA O MPPI.;57.723.039/0001-54;57.723.039 Polliana Monteiro de Sousa;02/04/2025;02/04/2027;02/04/2027;255;EM VIGÊNCIA;EM VIGÊNCIA;R$ 69.556,00;R$ 69.556,00;R$ 69.556,00;NÃO;CAA;20026;FELIPE ARLLEM REZENDE;;-;;-;;-;1333/2025;NÃO;;SIM;1;NÃO;-;MATERIAL DE CONSUMO;NÃO;;;;
CONTRATO;27;2025;PGJ;CONTRATO-27-2025-PGJ;7500/2025-98;LEI_14.133;PREGÃO;AQUISIÇÃO DE MATERIAL DE HIGIENE E LIMPEZA PARA O MPPI.;40.061.199/0001-82;DIONAL DISTRIBUIDORA DE PRODUTOS LTDA;07/04/2025;07/04/2027;07/04/2027;260;EM VIGÊNCIA;EM VIGÊNCIA;R$ 39.927,90;R$ 39.927,90;R$ 39.927,90;NÃO;CAA;20026;FELIPE ARLLEM REZENDE;;-;;-;;-;1418/2025;NÃO;;NÃO;-;NÃO;-;MATERIAL DE CONSUMO;NÃO;;;;
CONTRATO;28;2025;FMMPPI;CONTRATO-28-2025-FMMPPI;29094/2024-85;LEI_14.133;INEXIGIBILIDADE;CONTRATAÇÃO DE SOLUÇÃO DE TECNOLOGIA DA INFORMAÇÃO E COMUNICAÇÃO DE LICENÇA VITALÍCIA DO PACOTE TQS EPP +;56.555.212/0001-90;TQS INFORMÁTICA LTDA;11/06/2025;11/06/2026;11/06/2026;-40;FORA DO PRAZO;FORA DO PRAZO;R$ 12.800,00;R$ 0,00;R$ 0,00;NÃO;CPPT;411;DÊNIS ALEXANDRE TEIXEIRA DE SENA;20120;LARISSA RAQUEL TEIXEIRA ALVES;15379;JOÃO CARLOS BARBOSA DOS SANTOS;;-;2554/2025;NÃO;NÃO;NÃO;-;NÃO;-;SERVIÇO DE TI;NÃO;;;;
CONTRATO;29;2025;FEPDC;CONTRATO-29-2025-FEPDC;21149/2024-46;LEI_14.133;DISPENSA;AQUISIÇÃO DE TAPETES EM CAPACHO;48.576.075/0001-41;LORENNA CARLA PEDROZA BEZERRA 07948462384;22/04/2025;22/04/2026;22/04/2026;-90;FORA DO PRAZO;FORA DO PRAZO;R$ 10.172,50;R$ 0,00;R$ 0,00;NÃO;CAA;15450;ANTÔNIO MARCOS PESSOA;;-;;-;;-;1579/2025;NÃO;;NÃO;-;NÃO;-;MATERIAL PERMANENTE;NÃO;;;;
CONTRATO;30;2025;PGJ;CONTRATO-30-2025-PGJ;00510/2025-66;LEI_14.133;PREGÃO;AQUISIÇÃO DE MATERIAL DE GÊNERO ALIMENTÍCIO E COPA PARA O MP-PI;39.853.645/0001-02;LAÍS G DE SOUSA EIRELI;14/04/2025;14/04/2027;14/04/2027;267;EM VIGÊNCIA;EM VIGÊNCIA;R$ 257.490,00;R$ 257.490,00;R$ 257.490,00;NÃO;CAA;20026;FELIPE ARLLEM REZENDE;;-;;-;;-;1505/2025;NÃO;;NÃO;-;NÃO;-;MATERIAL DE CONSUMO;SIM;;;;
CONTRATO;31;2025;PGJ;CONTRATO-31-2025-PGJ;2514/2025-84;LEI_14.133;DISPENSA;RECARGA DE GÁS LIQUEFEITO DE PETRÓLEO (GLP), SOMENTE A RECARGA (SEM VASILHAME), COMPOSIÇÃO BÁSICA PROPANO E BUTANO. ACONDICIONADA EM BOTIJAS DE 13 (TREZE) KG, CONFORME PORTARIA 47 DE 24/03/99 ANP, NPR 14024 DA ABNT.; 29.293.116/0001-48;C W N FERREIRA LTDA;22/04/2025;22/04/2026;22/04/2026;-90;FORA DO PRAZO;FORA DO PRAZO;R$ 4.712,00;R$ 0,00;R$ 0,00;NÃO;CAA;20026;FELIPE ARLLEM REZENDE;;-;;-;;-;1563/2025;NÃO;;NÃO;-;NÃO;-;OUTROS SERVIÇOS;SIM;;;;
CONTRATO;32;2025;FMMPPI;CONTRATO-32-2025-FMMPPI;11964/2025-16;LEI_14.133;PREGÃO;FORNECIMENTO DE SOLUÇÃO DE SEGURANÇA DA INFORMAÇÃO, VISANDO A AQUISIÇÃO DE USO DE SOFTWARE DE GESTÃO E CONTROLE DE CONTAS DE USUÁRIOS PRIVILEGIADOS (PAM- Privileged Access Management) E FERRAMENTA DE SEGURANÇA, AUDITORIA, E PREVENÇÃO DE AMEAÇAS À BASE DE DADOS NÃO ESTRUTURADOS, INCLUINDO LICENCIAMENTO ATRAVÉS DE SUBSCRIÇÃO POR UM PERÍODO MÍNIMO DE 36 MESES.;25.359.140/0001-81;ARVVO TECNOLOGIA, CONSULTORIA E SERVICOS LTDA;22/04/2025;22/04/2028;22/04/2028;641;EM VIGÊNCIA;EM VIGÊNCIA;R$ 8.451.622,00;R$ 8.451.622,00;R$ 8.639.089,69;NÃO;CTI;15807;ÍTALO GARCIA ARAÚJO NOGUEIRA;294;MARCIEL FERREIRA LIMA;425;MARCOS MACIEL MARTINS BRITO;;-;1580/2025;SIM;5% DO VALOR ANUAL DO CONTRATO;NÃO;-;NÃO;-;SERVIÇOS DE TI;SIM;;;;
CONTRATO;33;2025;FMMPPI;CONTRATO-33-2025-FMMPPI;6096/2025-51;LEI_14.133;DISPENSA;SOLUÇAO DE TECNOLOGIA E COMUNICAÇÃO DE LICENÇAS DO SOFTWARE MICROSOFT POWER BI PREMIUM PER USER (CFQ7TTC0HL8W-0001) POR 12 MESES.;33.479.392/0001-72;WERNETECH INFORMATICA LTDA;22/04/2025;22/04/2026;22/04/2029;1006;EM VIGÊNCIA;EM VIGÊNCIA;R$ 16.165,60;R$ 0,00;R$ 49.898,36;NÃO;CTI;15807;ÍTALO GARCIA ARAÚJO NOGUEIRA;294;MARCIEL FERREIRA LIMA;425;MARCOS MACIEL MARTINS BRITO;;-;1577/2025;NÃO;;NÃO;-;NÃO;-;SERVIÇOS DE TI;SIM;;;;
CONTRATO;34;2025;PGJ;CONTRATO-34-2025-PGJ;12017/2025-68;LEI_14.133;PREGÃO;AQUISIÇÃO DE TONERS PARA IMPRESSORAS PARA O MPPI;65.149.197/0002-51;REPREMIG - REPRESENTAÇÃO E COMÉRCIO DE MINAS GERAIS LTDA;30/04/2025;30/04/2027;30/04/2027;283;EM VIGÊNCIA;EM VIGÊNCIA;R$ 72.891,00;R$ 72.891,00;R$ 72.891,00;NÃO;CAA;20026;FELIPE ARLLEM REZENDE;;-;;-;;-;1766/2025;NÃO;;SIM;1;SIM;1;MATERIAL DE CONSUMO;SIM;;;;
CONTRATO;35;2025;FEPDC;CONTRATO-35-2025-FEPDC;16112/2024-04;LEI_14.133;DISPENSA;AQUISIÇÃO DE APOIO DOS BRAÇOS INJETADOS EM POLIURETANO TPU;21.103.048/0001-03;J.S FAGUNDES LTDA;05/05/2025;05/05/2026;05/05/2026;-77;FORA DO PRAZO;FORA DO PRAZO;R$ 26.952,00;R$ 0,00;R$ 0,00;NÃO;CAA;307;AIRTON ALVES MENDES DE MOURA;;-;;-;;-;1802/2025;NÃO;;NÃO;-;SIM;1;MATERIAL PERMANENTE;NÃO;;;;
CONTRATO;36;2025;FEPDC;CONTRATO-36-2025-FEPDC;16112/2024-04;LEI_14.133;DISPENSA;AQUISIÇÃO DE KIT COM 05 UNIDADES DE RODÍXIO;46.983.819/0001-17;FAZ VENDAS LTDA ME;06/05/2025;06/05/2026;06/05/2026;-76;FORA DO PRAZO;FORA DO PRAZO;R$ 3.198,60;R$ 0,00;R$ 0,00;NÃO;CAA;307;AIRTON ALVES MENDES DE MOURA;;-;;-;;-;1804/2025;NÃO;;NÃO;-;SIM;1;MATERIAL PERMANENTE;NÃO;;;;
CONTRATO;37;2025;FEPDC;CONTRATO-37-2025-FEPDC;16112/2024-04;LEI_14.133;DISPENSA;AQUISIÇÃO DE PISTÃO À GÁS CLASSE 3;50.423.935/0001-59;STELLA MARIA GOMES TEOTONIO LUZ;08/05/2025;08/05/2026;08/05/2026;-74;FORA DO PRAZO;FORA DO PRAZO;R$ 3.108,40;R$ 0,00;R$ 0,00;NÃO;CAA;307;AIRTON ALVES MENDES DE MOURA;;-;;-;;-;1867/2025;NÃO;;NÃO;-;SIM;1;MATERIAL PERMANENTE;NÃO;;;;
CONTRATO;38;2025;FEPDC;CONTRATO-38-2025-FEPDC;16112/2024-04;LEI_14.133;DISPENSA;CONTRATAÇÃO DE CONTADORAS DE CÉDULAS;49.241.603/0001-74;T.R.F. LIMA;06/05/2025;06/05/2026;06/05/2026;-76;FORA DO PRAZO;FORA DO PRAZO;R$ 5.876,10;R$ 0,00;R$ 0,00;NÃO;CAA;307;AIRTON ALVES MENDES DE MOURA;;-;;-;;-;1803/2025;NÃO;;NÃO;-;NÃO;-;MATERIAL PERMANENTE;NÃO;;;;
CONTRATO;39;2025;PGJ;CONTRATO-39-2025-PGJ;9260/2025-85;LEI_14.133;INEXIGIBILIDADE;AQUISIÇÃO DE TESTES PSICOLÓGICOS;05.577.842/0001-24;CENTRO DE DESENVOLVIMENTO PSICOLOGICO LTDA;15/05/2025;19/08/2025;19/08/2025;-336;FORA DO PRAZO;FORA DO PRAZO;R$ 4.809,29;R$ 0,00;R$ 0,00;NÃO;CPPT;391;GABRIELA PIRES AMÂNCIO MEDEIROS,;;-;;-;;-;2030/2025;NÃO;;NÃO;-;NÃO;-;MATERIAL PERMANENTE;NÃO;;;;
CONTRATO;40;2025;FMMPPI;CONTRATO-40-2025-FMMPPI;00809/2025-16;LEI_14.133;PREGÃO;LICENÇA DE SOFTWARE ATLASSIAN ( CROWD);30.527.757/0001-07;OAT LICENCIAMENTO LTDA;20/05/2025;20/05/2026;20/05/2027;303;EM VIGÊNCIA;EM VIGÊNCIA;R$ 75.500,00;R$ 0,00;R$ 77.183,65;NÃO;CTI;15807;ÍTALO GARCIA ARAÚJO NOGUEIRA;303;BRENO REIS DO NASCIMENTO;336;JOSÉ MAGNO LEAL FILHO;;-;2090/2025;SIM;5%;SIM;1;NÃO;-;SERVIÇOS DE TI;SIM;;;;
CONTRATO;41;2025;FMMPPI;CONTRATO-41-2025-FMMPPI;15069/2025-69;LEI_14.133;PREGÃO;EMPRESA ESPECIALIZADA EM CONSERVAÇÃO E MANUTENÇÃO DE EDIFICAÇÃO COM APLICAÇÃO DE MATERIAL PARA O MPPI ;22.561.863/0001-70;MULTPAR SERVIÇOS DE CONSTRUÇÃO LTDA;15/05/2025;15/05/2030;15/05/2030;1394;EM VIGÊNCIA;EM VIGÊNCIA;R$ 27.847,71;R$ 27.847,71;R$ 27.847,71;NÃO;CPPT;411;DÊNIS ALEXANDRE TEIXEIRA DE SENA;;-;;-;;-;2033/2025;NÃO;;NÃO;-;NÃO;-;SERVIÇO DE MANUTENÇÃO - ENGENHARIA;NÃO;;;;
CONTRATO;42;2025;FMMPPI;CONTRATO-42-2025-FMMPPI;14475/2025-97;LEI_14.133;DISPENSA;FABRICAÇÃO E INSTALAÇÃO DE 10 UNIDADES DE OUTDOOR PUBLICITÁRIO;57.144.183/0001-36;L B ABREU PUBLICIDADES LTDA;19/05/2025;19/05/2026;19/05/2026;-63;FORA DO PRAZO;FORA DO PRAZO;R$ 6.000,00;R$ 0,00;R$ 0,00;NÃO;CCS;20121;CRISTIANE PINHEIRO DA SILVA;-;-;;-;;-;2091/2025;NÃO;;NÃO;-;NÃO;-;MATERIAL PERMANENTE;NÃO;;;;
CONTRATO;43;2025;FMMPPI;CONTRATO-43-2025-FMMPPI;16275/2025-19;LEI_14.133;PREGÃO;AQUISIÇÃO DE NOBREAKS 1500VA;07.045.469/0001-96;ATA SISTEMAS DE ENERGIA LTDA;21/05/2025;21/05/2026;21/05/2026;-61;FORA DO PRAZO;FORA DO PRAZO;R$ 93.411,00;R$ 0,00;R$ 0,00;NÃO;CTI;15807;ÍTALO GARCIA ARAÚJO NOGUEIRA;20260;ALEXANDRE MONTEIRO RODRIGUES COELHO;15379;JOÃO CARLOS BARBOSA DOS SANTOS;;-;2128/2025;NÃO;;NÃO;-;NÃO;-;MATERIAL PERMANENTE;NÃO;;;;
CONTRATO;44;2025;PGJ;CONTRATO-44-2025-PGJ;37033/2024-37;LEI_14.133;DISPENSA;FORNECIMENTO DE IDENTIDADE FUNCIONAL (CRACHÁS);31.159.735/0001-96;ULTRASISTECH SISTEMAS INTELIGENTES LTDA;23/05/2025;23/05/2027;23/05/2027;306;EM VIGÊNCIA;EM VIGÊNCIA;R$ 8.500,00;R$ 8.500,00;R$ 8.500,00;NÃO;CRH;20256;GISELE SUYANE NASCIMENTO MORAIS;;-;;-;;-;2161/2025;NÃO;;NÃO;-;NÃO;-;MATERIAL PERMANENTE;NÃO;;;;
CONTRATO;45;2025;FMMPPI;CONTRATO-45-2025-FMMPPI;6597/2025-90;LEI_14.133;PREGÃO;AQUISIÇÃO DE BATERIAS SELAS 12V 7A;43.313.812/0001-08;POWER TECH SOLUÇÕES INDUSTRIAIS LTDA;29/05/2025;29/05/2026;29/05/2026;-53;FORA DO PRAZO;FORA DO PRAZO;R$ 15.326,00;R$ 0,00;R$ 0,00;NÃO;CTI;15807;ÍTALO GARCIA ARAÚJO NOGUEIRA;20260;ALEXANDRE MONTEIRO RODRIGUES COELHO;15379;JOÃO CARLOS BARBOSA DOS SANTOS;;-;2256/2025;NÃO;;NÃO;-;NÃO;-;MATERIAL PERMANENTE;NÃO;;;;
CONTRATO;46;2025;FEPDC;CONTRATO-46-2025-FEPDC;15856/2025-26;LEI_14.133;PREGÃO;AQUISIÇÃO DE APARELHOS DE AR CONDICIONADO TIPO SPLIT DE 36.000 e 48.000 btus, sem instalação inclusa;52.390.100/0001-75;ELITE TECH SUPRIMENTOS LTDA;27/05/2025;27/05/2026;27/05/2026;-55;FORA DO PRAZO;FORA DO PRAZO;R$ 69.713,99;R$ 0,00;R$ 0,00;NÃO;CAA;307;AIRTON ALVES MENDES DE MOURA;;-;;-;;-;2197/2025;SIM;5%;NÃO;-;NÃO;-;MATERIAL PERMANENTE;NÃO;;;;
CONTRATO;47;2025;FMMPPI;CONTRATO-47-2025-FMMPPI;16604/2025-95;LEI_14.133;PREGÃO;AQUISIÇÃO DE BATERIAS SELADAS 12V 9A;37.902.352/0001-42;ARMY BATERIA LTDA;28/05/2025;28/05/2026;28/05/2026;-54;FORA DO PRAZO;FORA DO PRAZO;R$ 8.832,00;R$ 0,00;R$ 0,00;SIM;CTI;15807;ÍTALO GARCIA ARAÚJO NOGUEIRA;20260;ALEXANDRE MONTEIRO RODRIGUES COELHO;15379;JOÃO CARLOS BARBOSA DOS SANTOS;;-;2221/2025;NÃO;;NÃO;-;NÃO;-;MATERIAL PERMANENTE;SIM;;;;
CONTRATO;48;2025;FEPDC;CONTRATO-48-2025-FEPDC;15855/2025-53;LEI_14.133;PREGÃO;AQUISIÇÃO DE MATERIAL PERMANENTE (APARELHOS E AR CONDICIONADO), SEM INSTALAÇÃO INCLUSA.;17.417.928/0001-79;VENTISOL DA AMAZÔNIA INDÚSTRIA DE APARELHOS ELÉTRICOS;30/05/2025;30/05/2026;30/05/2026;-52;FORA DO PRAZO;FORA DO PRAZO;R$ 230.401,00;R$ 230.401,00;R$ 230.401,00;NÃO;CAA;307;AIRTON ALVES MENDES DE MOURA;;-;;-;;-;2261/2025;SIM;5%;NÃO;-;NÃO;-;MATERIAL PERMANENTE;NÃO;;;;
CONTRATO;49;2025;PGJ;CONTRATO-49-2025-PGJ;17475/2025-47;LEI_14.133;INEXIGIBILIDADE;LOCAÇÃO DE IMÓVEL EM BURITI DO LOPES/PI;352.627.703-63;IRENE DUARTE BRITO AMORIM;10/06/2025;10/06/2030;10/06/2030;1420;EM VIGÊNCIA;EM VIGÊNCIA;R$ 135.000,00;R$ 135.000,00;R$ 135.000,00;NÃO;CPPT;20315;GILBERTO VITOR SOARES RAMOS;;-;;-;;-;3211/2025;NÃO;NÃO;NÃO;-;NÃO;1;LOCAÇÃO DE IMÓVEL;SIM;;;;
CONTRATO;50;2025;FMMPPI;CONTRATO-50-2025-FMMPPI;12965/2025-52;LEI_14.133;DISPENSA;"CONTRATAÇÃO DE SOLUÇÃO DE TECNOLOGIA DA INFORMAÇÃO E COMUNICAÇÃO PARA AQUISIÇÃO DE UM TOTEM ELETRÔNICO INTERATIVO COM TELA DE 32"" POLEGADAS";13.347.993/0001-14;D.W.L. COMERCIO E SERVICOS DE INFORMATICA LTDA;10/06/2025;10/06/2026;10/06/2026;-41;FORA DO PRAZO;FORA DO PRAZO;R$ 8.910,00;R$ 0,00;R$ 0,00;NÃO;CTI;20260;ALEXANDRE MONTEIRO RODRIGUES COELHO;15379;JOÃO CARLOS BARBOSA DOS SANTOS;20122;ALESSANDRA BRAUNA DE MEIRELES;;-;2506/2025;NÃO;;NÃO;-;NÃO;-;MATERIAL PERMANENTE;NÃO;;;;
CONTRATO;51;2025;PGJ;CONTRATO-51-2025-PGJ;14989/2025-15;LEI_14.133;INEXIGIBILIDADE;CONTRATAÇÃO DE MÓDULO DE ASSINATURA DIGITAL DE DOCUMENTOS ELETRÔNICOS (FRAMEWORK DE CERTIFICAÇÃO DIGITAL), COM SERVIÇOS DE MANUTENÇÃO, SUPORTE, GARANTIA E ATUALIZAÇÃO TECNOLÓGICA POR 36 MESES.;04.441.528/0001-57;BRY TECNOLOGIA S.A;07/06/2025;07/06/2028;07/06/2028;687;EM VIGÊNCIA;EM VIGÊNCIA;R$ 120.000,00;R$ 120.000,00;R$ 120.000,00;NÃO;CTI;15807;ÍTALO GARCIA ARAÚJO NOGUEIRA;15379;JOÃO CARLOS BARBOSA DOS SANTOS;303;BRENO REIS DO NASCIMENTO;;-;2477/2025;NÃO;NÃO;NÃO;-;NÃO;-;SERVIÇO DE TI;SIM;;;;
CONTRATO;52;2025;FMMPPI;CONTRATO-52-2025-FMMPPI;18606/2025-18;LEI_14.133;PREGÃO;CONTRATAÇÃO DE EMPRESA ESPECIALIZADA EM CONSERVAÇÃO E MANUTENÇÃO DE EDIFICAÇÕES COM APLICAÇÃO DE MATERIAL, PARA O MINISTÉRIO PÚBLICO DO ESTADO DO PIAUÍ;22.561.863/0001-70;MULTPAR SERVIÇOS DE CONSTRUÇÃO LTDA;12/06/2025;12/06/2030;12/06/2030;1422;EM VIGÊNCIA;EM VIGÊNCIA;R$ 25.988,25;R$ 25.988,25;R$ 25.988,25;NÃO;CPPT;411;DÊNIS ALEXANDRE TEIXEIRA DE SENA;;-;;-;;-;2559/2025;NÃO;NÃO;NÃO;-;NÃO;-;SERVIÇO DE MANUTENÇÃO;SIM;;;;
CONTRATO;53;2025;PGJ;CONTRATO-53-2025-PGJ;00515/2025-28;LEI_14.133;PREGÃO;AQUISIÇÃO DE MATERIAL DE MANUTENÇÃO PREDIAL E CONSTRUÇÃO PARA O MPPI ;39.853.645/0001-02;LAÍS G DE SOUSA EIRELI;30/06/2025;30/06/2027;30/06/2027;344;EM VIGÊNCIA;EM VIGÊNCIA;R$ 336.643,87;R$ 336.643,87;R$ 336.643,87;NÃO;CAA;20026;FELIPE ARLLEM REZENDE;;-;;-;;-;2880/2025;NÃO;NÃO;NÃO;-;NÃO;1;MATERIAL PERMANENTE;NÃO;;;;
CONTRATO;54;2025;PGJ;CONTRATO-54-2025-PGJ;5175/2025-37;LEI_14.133;INEXIGIBILIDADE;CONTRATAÇÃO DE SOLUÇÃO DE TECNOLOGIA DA INFORMAÇÃO E COMUNICAÇÃO DE SISTEMA DE ORÇAMENTO DE OBRAS ORÇAFASCIO;23.484.444/0001-45;3F LTDA;30/06/2025;30/06/2026;30/06/2027;344;EM VIGÊNCIA;EM VIGÊNCIA;R$ 9.591,00;R$ 0,00;R$ 9.591,00;NÃO;CPPT;20120;LARISSA RAQUEL TEIXEIRA ALVES;411;DÊNIS ALEXANDRE TEIXEIRA DE SENA;;-;;-;2937/2025;NÃO;NÃO;SIM;1;NÃO;-;SERVIÇOS DE TI;SIM;;;;
CONTRATO;55;2025;FMMPPI;CONTRATO-55-2025-FMMPPI;16704/2025-76;LEI_14.133;DISPENSA;CONTRATAÇÃO DA EMPRESA DE TECNOLOGIA DA INFORMAÇÃO DO ESTADO DO PIAUÍ (ETIPI);08.839.135/0001-57;EMPRESA DE TECNOLOGIA DA INFORMAÇÃO DO ESTADO DO PIAUI S/A ;01/07/2025;01/07/2028;01/07/2028;711;EM VIGÊNCIA;EM VIGÊNCIA;R$ 217.220,00;R$ 217.220,00;R$ 217.220,00;NÃO;CTI;20260;ALEXANDRE MONTEIRO RODRIGUES COELHO;303;BRENO REIS DO NASCIMENTO;15379;JOÃO CARLOS BARBOSA DOS SANTOS;;-;2935/2025;NÃO;NÃO;NÃO;-;NÃO;-;SERVIÇO DE TI;SIM;;;;
CONTRATO;56;2025;PGJ;CONTRATO-56-2025-PGJ;1038/2025-34;LEI_14.133;INEXIGIBILIDADE;ASSINATURA DE FERRAMENTA DE PESQUISA DE PREÇOS;07.797.967/0001-95;NP CAPACITACAO E SOLUCOES TECNOLOGICAS LTDA;08/07/2025;08/07/2027;08/07/2027;352;EM VIGÊNCIA;EM VIGÊNCIA;R$ 23.370,00;R$ 23.370,00;R$ 23.370,00;NÃO;CAA;20.269;FABIANA ROCHA AGUIAR NOGUEIRA;15379;JOÃO CARLOS BARBOSA DOS SANTOS;20.259;JOSSELLINI DOS SANTOS SOUSA ;;-;3027/2027;NÃO;NÃO;NÃO;-;NÃO;-;OUTROS SERVIÇOS;SIM;;;;
CONTRATO;57;2025;PGJ;CONTRATO-57-2025-PGJ;6035/2025-27;LEI_14.133;PREGÃO;ADESÃO Nº 01/2025 À ATA DE REGISTRO DE PREÇOS N° 07/2024, ORIUNDA DO PREGÃO ELETRÔNICO N° 07/2024 DO INSTITUTO DE METROLOGIA DO ESTADO DO PIAUÍ (IMEPI), PARA CONTRATAÇÃO DE EMPRESA ESPECIALIZADA NA PRESTAÇÃO DE SERVIÇOS DE PRODUÇÃO, FILMAGEM E EDIÇÃO DE VÍDEOS INSTITUCIONAIS, VISANDO ATENDER AS NECESSIDADES DO MINISTÉRIO PÚBLICO DO ESTADO DO PIAUÍ (MPPI);15.402.008/0001-51;SOMACINE AUDIOVISUAL LTDA;08/07/2025;08/07/2026;08/07/2028;718;EM VIGÊNCIA;EM VIGÊNCIA;R$ 247.250,04;R$ 0,00;R$ 517.864,76;NÃO;CCS;;;20064;MARCOS VINÍCIUS LIMA VIEIRA;;-;;-;3031/2025;NÃO;NÃO;SIM;1;NÃO;-;OUTROS SERVIÇOS;SIM;;;;
CONTRATO;58;2025;PGJ;CONTRATO-58-2025-PGJ;22821/2025-86;LEI_14.133;DISPENSA;PRESTAÇÃO DE SERVIÇO DE BUFFET COMPLETO DESTINADO À ORGANIZAÇÃO DA POSSE FESTIVA DO PROCURADOR-GERAL DE JUSTIÇA DO ESTADO DO PIAUÍ PARA O BIÊNIO 2025-2027;03.141.417/0001-62;GRAND BISTRO EVENTOS E RECEPCOES LTDA;07/07/2025;07/09/2025;07/09/2025;-317;FORA DO PRAZO;FORA DO PRAZO;R$ 58.800,00;R$ 0,00;R$ 0,00;NÃO;CCS;15813;LÍCIA ALENCAR BOTELHO;;-;;-;;-;3030/2025;NÃO;NÃO;NÃO;-;NÃO;-;OUTROS SERVIÇOS;NÃO;;;;
CONTRATO;59;2025;FEPDC;CONTRATO-59-2025-FEPDC;20694/2025-59;LEI_14.133;PREGÃO;AQUISIÇÃO DE MATERIAL PERMANENTE (MOBILIÁRIO EM GERAL COM MONTAGEM INCLUSA);26.242.393/0001-33;HOMEOFFICE CADEIRAS LTDA ME;11/07/2025;11/07/2026;11/07/2026;-10;FORA DO PRAZO;FORA DO PRAZO;R$ 116.321,00;R$ 0,00;R$ 0,00;NÃO;CAA;307;AIRTON ALVES MENDES DE MOURA;;-;;-;;-;3189/2025;SIM;5%;NÃO;-;NÃO;-;MATERIAL PERMANENTE;NÃO;;;;
CONTRATO;60;2025;FEPDC;CONTRATO-60-2025-FEPDC;20695/2025-32;LEI_14.133;PREGÃO;AQUISIÇÃO DE MATERIAL PERMANENTE (MOBILIÁRIO EM GERAL COM MONTAGEM INCLUSIVA);26.237.728/0001-25;EMPRESA GRATITUDE COMÉRCIO E SERVIÇOS EM MÓVEIS LTDA;10/07/2025;10/07/2026;10/07/2026;-11;FORA DO PRAZO;FORA DO PRAZO;R$ 18.414,00;R$ 0,00;R$ 0,00;NÃO;CAA;307;AIRTON ALVES MENDES DE MOURA;;-;;-;;-;3132/2025;SIM;5%;NÃO;-;NÃO;-;MATERIAL PERMANENTE;NÃO;;;;
CONTRATO;61;2025;FEPDC;CONTRATO-61-2025-FEPDC;21101/2025-31;LEI_14.133;PREGÃO;AQUISIÇÃO DE MATERIAL PERMANENTE (MOBILIÁRIO GERAL COM MONTAGEM INCLUSA);07.875.146/0001-20;EMPRESA SERRA MOBILE INDÚSTRIA E COMÉRCIO LTDA;10/07/2025;10/07/2026;10/07/2026;-11;FORA DO PRAZO;FORA DO PRAZO;R$ 233.849,28;R$ 0,00;R$ 0,00;NÃO;CAA;307;AIRTON ALVES MENDES DE MOURA;;-;;-;;-;3133/2025;SIM;5%;NÃO;-;NÃO;-;MATERIAL PERMANENTE;NÃO;;;;
CONTRATO;62;2025;FEPDC;CONTRATO-62-2025-FEPDC;0693/2025-86;LEI_14.133;PREGÃO;AQUISIÇÃO DE MATERIAL PERMANENTE (MOBILIÁRIO GERAL COM MONTAGEM INCLUSA);66.455.593/0001-99;EMPRESA HOMEOFFICE MÓVEIS LTDA;10/07/2025;10/07/2026;10/07/2026;-11;FORA DO PRAZO;FORA DO PRAZO;R$ 159.479,43;R$ 0,00;R$ 0,00;NÃO;CAA;307;AIRTON ALVES MENDES DE MOURA;;-;;-;;-;3148/2025;SIM;5%;NÃO;-;NÃO;-;MATERIAL PERMANENTE;NÃO;;;;
CONTRATO;63;2025;PGJ;CONTRATO-63-2025-PGJ;19246/2025-81;LEI_14.133;INEXIGIBILIDADE;CONTRATAÇÃO DE LICENÇA DO SISTEMA WEB DE GESTÃO TRIBUTÁRIA – GT FÁCIL;09.094.300/0001-51;OPEN TREINAMENTOS EMPRESARIAIS E EDITORA LTDA EPP;14/07/2025;12/11/2026;12/11/2026;114;INICIAR RENOVAÇÃO;EM VIGÊNCIA;R$ 11.988,00;R$ 11.988,00;R$ 11.988,00;NÃO;CCF;280;SÉRGIO ALVES NORONHA;;-;;-;;-;3190/2025;NÃO;NÃO;NÃO;-;SIM;-;SERVIÇO DE TI;NÃO;;;;
CONTRATO;64;2025;FMMPPI;CONTRATO-64-2025-FMMPPI;17780/2025-04;LEI_14.133;PREGÃO;VEÍCULO AUTOMOTOR CAMINHONETE PICK-UP CABINE DUPLA, TIPO X, TRANSMISSÃO AUTOMÁTICA, VEÍCULO NOVO, ZERO KM, ANO/MODELO DE FABRICAÇÃO 2025/2025 OU SUPERIOR. MARCA/MODELO NISSAN FRONTIER ATTACK.;51.552.005/0001-68;NOVO HORIZONTE COMÈRCIO E SERVIÇOS LTDA – ME;14/07/2025;14/07/2026;14/07/2026;-7;FORA DO PRAZO;FORA DO PRAZO;R$ 804.000,00;R$ 0,00;R$ 0,00;NÃO;CAA;310;GUILHERME SANTOS DE ANDRADE;;-;;-;;-;3191/2025;NÃO;NÃO;NÃO;-;NÃO;-;MATERIAL PERMANENTE;NÃO;;;;
CONTRATO;65;2025;FEPDC;CONTRATO-65-2025-FEPDC;24160/2025-82;LEI_14.133;PREGÃO;AQUISIÇÃO DE MATERIAL PERMANENTE (MOBILIÁRIO EM GERAL COM MONTAGEM INCLUSA);26.237.728/0001-25;EMPRESA GRATITUDE COMÉRCIO E SERVIÇOS EM MÓVEIS LTDA;28/07/2025;28/07/2026;28/07/2026;7;RENOVAÇÃO URGENTE;EM VIGÊNCIA;R$ 9.207,00;R$ 9.207,00;R$ 9.207,00;NÃO;CAA;307;AIRTON ALVES MENDES DE MOURA;;-;;-;;-;3447/2025;SIM;5%;NÃO;-;NÃO;-;MATERIAL PERMANENTE;NÃO;;;;
CONTRATO;66;2025;FEPDC;CONTRATO-66-2025-FEPDC;24161/2025-55;LEI_14.133;PREGÃO;AQUISIÇÃO DE MATERIAL PERMANENTE (MOBILIÁRIO EM GERAL COM MONTAGEM INCLUSA);66.455.593/0001-99;EMPRESA HOMEOFFICE MÓVEIS LTDA;28/07/2025;28/09/2026;28/09/2026;69;RENOVAÇÃO URGENTE;EM VIGÊNCIA;R$ 30.600,85;R$ 30.600,85;R$ 30.600,85;NÃO;CAA;307;AIRTON ALVES MENDES DE MOURA;;-;;-;;-;3446/2025;SIM;5%;NÃO;-;NÃO;1;MATERIAL PERMANENTE;NÃO;;;;
CONTRATO;67;2025;FEPDC;CONTRATO-67-2025-FEPDC;24159/2025-12;LEI_14.133;PREGÃO;AQUISIÇÃO DE MATERIAL PERMANENTE (IMOBILIÁRIO EM GERAL COM MONTAGEM INCLUSA);07.875.146/0001-20;EMPRESA SERRA MOBILE INDÚSTRIA E COMÉRCIO LTDA;28/07/2025;28/07/2026;28/07/2026;7;RENOVAÇÃO URGENTE;EM VIGÊNCIA;R$ 59.345,58;R$ 59.345,58;R$ 59.345,58;NÃO;CAA;307;AIRTON ALVES MENDES DE MOURA;;-;;-;;-;3449/2025;SIM;5%;SIM;1;SIM;-;MATERIAL PERMANENTE;NÃO;;;;
CONTRATO;68;2025;FMMPPI;CONTRATO-68-2025-FMMPPI;23411/2025-86;LEI_14.133;PREGÃO;AQUISIÇÃO DE TABLETS COM TECLADO E CANETA DIGITAL;78.126.950/0011-26;MICROSENS S/A;14/08/2025;14/08/2026;14/08/2026;24;RENOVAÇÃO URGENTE;EM VIGÊNCIA;R$ 115.480,00;R$ 115.480,00;R$ 115.480,00;NÃO;CTI;20260;ALEXANDRE MONTEIRO RODRIGUES COELHO;15379;JOÃO CARLOS BARBOSA DOS SANTOS;-;-;;-;3826/2025;SIM;2%;NÃO;-;NÃO;-;SERVIÇOS DE TI;NÃO;;;;
CONTRATO;69;2025;FMMPPI;CONTRATO-69-2025-FMMPPI;2008/2025-41;LEI_14.133;DISPENSA;CONTRATAÇÃO DE SOLUÇÃO DE TECNOLOGIA DA INFORMAÇÃO E COMUNICAÇÃO DE AQUISIÇÃO DE NOBREAK 6KVA;16.847.666/0001-10;EMPRESA HIGH LEVEL COMERCIAL LTDA;07/08/2025;07/08/2026;07/08/2026;17;RENOVAÇÃO URGENTE;EM VIGÊNCIA;R$ 25.800,00;R$ 25.800,00;R$ 25.800,00;NÃO;CTI;20260;ALEXANDRE MONTEIRO RODRIGUES COELHO;15379;JOÃO CARLOS BARBOSA DOS SANTOS;303;BRENO REIS DO NASCIMENTO;;-;3678/2025;NÃO;NÃO;NÃO;-;NÃO;1;SERVIÇO DE TI;NÃO;;;;
CONTRATO;70;2025;PGJ;CONTRATO-70-2025-PGJ;43533/2024-85;LEI_14.133;DISPENSA;CONTRATAÇÃO DE EMPRESA ESPECIALIZADA NA PRESTAÇÃO DE SERVIÇOS DE CONTROLE DE ACESSO DE VEÍCULOS AUTOMATIZADO AO ESTACIONAMENTO, INCLUINDO A IMPLANTAÇÃO, TREINAMENTO, SUPORTE TÉCNICO E CONCESSÃO DE USO DE SOFTWARE E EQUIPAMENTOS, BEM COMO A MANUTENÇÃO PREVENTIVA E CORRETIVA, COM FORNECIMENTO E SUBSTITUIÇÃO DE INSUMOS, PEÇAS E EQUIPAMENTOS;26.587.509/0001-76;DOUBLE SOLUÇÕES E TECNOLOGIA LTDA;08/08/2025;08/08/2026;08/08/2028;749;EM VIGÊNCIA;EM VIGÊNCIA;R$ 57.974,40;R$ 57.974,40;R$ 173.923,20;NÃO;CAA;15450;ANTÔNIO MARCOS PESSOA;310;GUILHERME SANTOS DE ANDRADE;20269;FABIANA ROCHA AGUIAR NOGUEIRA;;-;3758/2025;SIM;5%;SIM;1;NÃO;-;MATERIAL PERMANENTE;NÃO;;;;
CONTRATO;71;2025;FEPDC;CONTRATO-71-2025-FEPDC;23319/2025-48;LEI_14.133;PREGÃO;AQUISIÇÃO DE COMPUTADOR DESKTOP ALL-IN-ONE E NOTEBOOK COM MOCHILA E MOUSE;12.477.490/0002-81;EMPRESA LÍDER NOTEBOOKS COMÉRCIO E SERVIÇOS LTDA;15/08/2025;15/08/2026;15/08/2026;25;RENOVAÇÃO URGENTE;EM VIGÊNCIA;R$ 2.454.986,00;R$ 2.454.986,00;R$ 2.454.986,00;NÃO;CTI;20260;ALEXANDRE MONTEIRO RODRIGUES COELHO;15379;JOÃO CARLOS BARBOSA DOS SANTOS;;-;;-;3828/2025;SIM;2%;NÃO;-;NÃO;-;SERVIÇO DE TI;NÃO;;;;
CONTRATO;72;2025;FMMPPI;CONTRATO-72-2025-FMMPPI;3910/2024-44;LEI_14.133;DISPENSA;AQUISIÇÃO DE PLANTAS ORNAMENTAIS E VASOS DECORATIVOS;30.871.301/0001-51;L ALVES DA SILVA-ME;18/08/2025;18/08/2027;18/08/2027;393;EM VIGÊNCIA;EM VIGÊNCIA;R$ 7.880,00;R$ 7.880,00;R$ 7.880,00;NÃO;CAA;15450;ANTÔNIO MARCOS PESSOA;20269;FABIANA ROCHA AGUIAR NOGUEIRA;;-;;-;3850/2025;NÃO;;NÃO;-;NÃO;-;MATERIAL PERMANENTE;NÃO;;;;
CONTRATO;73;2025;FMMPPI;CONTRATO-73-2025-FMMPPI;29501/2025-54;LEI_14.133;PREGÃO;CONTRATAÇÃO DE EMPRESA ESPECIALIZADA NA AQUISIÇÃO E INSTALAÇÃO DE CERCA ELÉTRICA DESTINADA PROTEÇÃO DE IMÓVEIS DO MINISTÉRIO PÚBLICO DO ESTADO DO PIAUÍ;01.252.610/0001-45;EMPRESA RADNOR ENGENHARIA E TELECOMUNICAÇÃO LTDA;15/08/2025;15/08/2026;15/08/2026;25;RENOVAÇÃO URGENTE;EM VIGÊNCIA;R$ 19.015,30;R$ 19.015,30;R$ 19.015,30;NÃO;GSI;15821;ANDRÉ CASTELO BRANCO RIBEIRO;15815;YANCA AREA PESSOA;;-;;-;4165/2025;NÃO;;NÃO;-;NÃO;-;ENERGIA;NÃO;;;;
CONTRATO;74;2025;FMMPPI;CONTRATO-74-2025-FMMPPI;27418/2025-60;LEI_14.133;PREGÃO;CONTRATAÇÃO DE POSTOS PARA OS SERVIÇOS DE AGENTE DE LIMPEZA INSTITUCIONAL DA SEDE DA PROMOTORIA DE JUSTIÇA DE BURITI DOS LOPES, A SEREM EXECUTADOS COM REGIME DE DEDICAÇÃO EXCLUSIVA DE MÃO DE OBRA;05.564.043/0001-13;MASTER FACILITIES LTDA;22/08/2025;22/08/2027;22/08/2027;397;EM VIGÊNCIA;EM VIGÊNCIA;R$ 85.665,12;R$ 85.665,12;R$ 85.665,12;NÃO;CAA;173;ALCIVAN DA COSTA MARQUES;20259;JOSSELLINI DOS SANTOS SOUSA ;20269;FABIANA ROCHA AGUIAR NOGUEIRA;;-;4211/2025;SIM;5%;NÃO;-;NÃO;-;OUTROS SERVIÇOS;SIM;;;;
CONTRATO;75;2025;FMMPPI;CONTRATO-75-2025-FMMPPI;28741/2024-60;LEI_14.133;PREGÃO;REALIZAÇÃO DE DEMOLIÇÃO E CONSTRUÇÃO DE UM NOVO MURO NO TERRENO DE PROPRIEDADE DO MPPI, SITUADO NA AV. BARÃO DE CASTELO BRANCO.;18.471.673/0001-95;CONSTRUTORA J M EXCELÊNCIA EIRELI - ME;29/08/2025;29/08/2026;29/08/2026;39;RENOVAÇÃO URGENTE;EM VIGÊNCIA;R$ 78.199,43;R$ 78.199,43;R$ 78.199,43;NÃO;CPPT;411;DÊNIS ALEXANDRE TEIXEIRA DE SENA;;-;;-;;-;4081/2025;SIM;5% + GARANTIA COMPLEMENTAR;NÃO;-;SIM;-;SERVIÇOS DE ENGENHARIA;NÃO;;;;
CONTRATO;76;2025;FEPDC;CONTRATO-76-2025-FEPDC;30993/2025-85;LEI_14.133;PREGÃO;AQUISIÇÃO DE MATERIAL PERMANENTE (ELETRÔNICOS);36.045.363/0001-90;SORELLE COMÉRCIO DE ELETROS E EQUIPAMENTOS LTDA;01/09/2025;01/09/2026;01/09/2026;42;RENOVAÇÃO URGENTE;EM VIGÊNCIA;R$ 25.132,47;R$ 25.132,47;R$ 25.132,47;NÃO;CAA;307;AIRTON ALVES MENDES DE MOURA;;-;;-;;-;4189/2025;NÃO;-;NÃO;-;NÃO;-;MATERIAL PERMANENTE;NÃO;;;;
CONTRATO;77;2025;FEPDC;CONTRATO-77-2025-FEPDC;30989/2025-96;LEI_14.133;PREGÃO;AQUISIÇÃO DE MATERIAL PERMANENTE (SMART TV e suportes para TV);46.368.367/0001-63;AMENA CLIMATIZAÇÃO LTDA;03/09/2025;03/09/2026;03/09/2026;44;RENOVAÇÃO URGENTE;EM VIGÊNCIA;"26395,48";"26395,48";R$ 0,00;NÃO;CAA;307;AIRTON ALVES MENDES DE MOURA;;-;;-;;-;4248/2025;NÃO;;NÃO;-;NÃO;-;MATERIAL PERMANENTE;NÃO;;;;
CONTRATO;78;2025;FMMPPI;CONTRATO-78-2025-FMMPPI;29988/2025-97;LEI_14.133;PREGÃO;PRESTAÇÃO DE SERVIÇOS TOPOGRÁFICOS E DE SONDAGEM;34.427.199/0001-50;SOLOMAX ASSESSORIA DE PROJETOS TÉCNICOS CONSULTORIA LTDA;01/09/2025;01/09/2026;01/09/2026;42;RENOVAÇÃO URGENTE;EM VIGÊNCIA;R$ 8.625,00;R$ 8.625,00;R$ 8.625,00;NÃO;CPPT;15821;ANDRÉ CASTELO BRANCO RIBEIRO;;-;;-;;-;4190/2025;NÃO;-;NÃO;-;NÃO;-;OUTROS SERVIÇOS;SIM;;;;
CONTRATO;79;2025;FMMPPI;CONTRATO-79-2025-FMMPPI;29660/2025-46;LEI_14.133;PREGÃO;AQUISIÇÃO DE APPLE IMACS (EQUIPAMENTOS TIC);20.948.432/0001-36;EMPRESA MC TEC INFORMÁTICA LTDA;01/09/2025;01/09/2026;01/09/2026;42;RENOVAÇÃO URGENTE;EM VIGÊNCIA;R$ 167.840,00;R$ 167.840,00;R$ 167.840,00;NÃO;CTI;2060;-;15379;JOÃO CARLOS BARBOSA DOS SANTOS;303;BRENO REIS DO NASCIMENTO;;-;4188/2025;SIM;5%;SIM;1;NÃO;-;MATERIAL PERMANENTE;NÃO;;;;
CONTRATO;80;2025;FEPDC;CONTRATO-80-2025-FEPDC;30994/2025-58;LEI_14.133;PREGÃO;AQUISIÇÃO DE MATERIAL PERMANENTE (ELETROELETRÔNICOS);29.023.342/0001-09;VLF Máquinas e Soluções Empresarias Ltda ME;05/09/2025;05/09/2026;05/09/2026;46;RENOVAÇÃO URGENTE;EM VIGÊNCIA;R$ 16.150,00;R$ 16.150,00;R$ 16.150,00;NÃO;CAA;307;AIRTON ALVES MENDES DE MOURA;;-;;-;;-;4247/2025;NÃO;;NÃO;-;NÃO;1;MATERIAL PERMANENTE;NÃO;;;;
CONTRATO;81;2025;FEPDC;CONTRATO-81-2025-FEPDC;31039/2025-07;LEI_14.133;DISPENSA;AQUISIÇÃO DE MATEIAL PERMANENTE (MICRO-ONDAS, CAFETEIRAS ELÉTRICAS E FOGÃO 4 BOCAS);23.331.504/0001-90;G M S ABREU E COMÉRCIO LTDA;10/09/2025;10/09/2026;10/09/2026;51;RENOVAÇÃO URGENTE;EM VIGÊNCIA;R$ 17.403,00;R$ 17.403,00;R$ 17.403,00;NÃO;CAA;307;AIRTON ALVES MENDES DE MOURA;;-;;-;;-;4286/2025;NÃO;;NÃO;-;NÃO;-;MATERIAL PERMANENTE;NÃO;;;;
CONTRATO;82;2025;FMMPPI;CONTRATO-82-2025-FMMPPI;16516/2025-86;LEI_14.133;DISPENSA;CONFECÇÃO DE MEDALHAS E COMENDAS CRIADAS PARA CONFERIR RECONHECIMENTO E PERSONALIDADES QUE COLOBORAM COM O MINISTÉRIO PÚBLICO DO PIAUÍ;12.587.125/0001-49;A S W COMERCIO DE BRINDES LTDA;15/09/2025;15/09/2026;10/09/2026;51;RENOVAÇÃO URGENTE;EM VIGÊNCIA;R$ 46.799,00;R$ 46.799,00;R$ 46.799,00;NÃO;CCS;20064;MARCOS VINÍCIUS LIMA VIEIRA;;-;;-;;-;4433/2025;NÃO;;NÃO;-;NÃO;-;MATERIAL PERMANENTE;NÃO;;;;
CONTRATO;83;2025;PGJ;CONTRATO-83-2025-PGJ;16432/2025-41;LEI_14.133;DISPENSA;PRESTAÇÃO DE SERVIÇOS DE CHAVEIRO EM GERAL.;11.495.792/0001-39;11.495.792 DIVA MARIA FERREIRA AMORIM;12/09/2025;12/09/2027;12/09/2027;418;EM VIGÊNCIA;EM VIGÊNCIA;R$ 23.680,00;R$ 23.680,00;R$ 23.680,00;NÃO;CAA;20259;JOSSELLINI DOS SANTOS SOUSA ;;-;;-;;-;4387/2025;NÃO;;NÃO;-;NÃO;-;OUTROS SERVIÇOS;NÃO;;;;
CONTRATO;84;2025;PGJ;CONTRATO-84-2025-PGJ;32160/2025-51;LEI_14.133;PREGÃO;PRESTAÇÃO DE SERVIÇOS COMUNS DE CONTROLE E COMBATE DE VETORES E PRAGAS URBANAS, COMPREENDENDO OS SERVIÇOS DE DESINSETIZAÇÃO, DESRATIZAÇÃO E DESCUPINIZAÇÃO EM TODAS AS ÁREAS INTERNAS E EXTERNAS DAS UNIDADES VINCULADAS NO INTERIOR QUE COMPÕEM O QUADRO DO MINISTÉRIO PÚBLICO DO ESTADO DO PIAUÍ - MPPI (REGIÃO NORTE E SUL);05.356.362/0001-33; MARANATA SERVIÇOS E MANUTENÇÃO LTDA;11/09/2025;11/09/2027;11/09/2027;417;EM VIGÊNCIA;EM VIGÊNCIA;R$ 19.725,70;R$ 19.725,70;R$ 19.725,70;NÃO;CAA;15450;ANTÔNIO MARCOS PESSOA;20269;FABIANA ROCHA AGUIAR NOGUEIRA;20259;JOSSELLINI DOS SANTOS SOUSA ;;-;4352/2025;SIM;5%;NÃO;-;NÃO;-;OUTROS SERVIÇOS;NÃO;;;;
CONTRATO;86;2025;PGJ;CONTRATO-86-2025-PGJ;30492/2025-79;LEI_14.133;PREGÃO;PRESTAÇÃO DE SERVIÇOS COMUNS DE CONTROLE E COMBATE DE VETORES E PRAGAS URBANAS, COMPREENDENDO OS SERVIÇOS DE DESINSETIZAÇÃO, DESRATIZAÇÃO E DESCUPINIZAÇÃO.;47.400.852/0001-30;AMV SERVIÇOS E CONSERVAÇÃO - LTDA ;12/09/2025;12/09/2027;12/09/2027;418;EM VIGÊNCIA;EM VIGÊNCIA;R$ 25.576,32;R$ 25.576,32;R$ 25.576,32;NÃO;CAA;15450;ANTÔNIO MARCOS PESSOA;20269;FABIANA ROCHA AGUIAR NOGUEIRA;20259;JOSSELLINI DOS SANTOS SOUSA ;;-;4353/2025;SIM;5%;NÃO;-;NÃO;-;OUTROS SERVIÇOS;NÃO;;;;
CONTRATO;87;2025;FMMPPI;CONTRATO-87-2025-FMMPPI;30797/2025-96;LEI_14.133;PREGÃO;AQUISIÇÃO DE EQUIPAMENTOS DE TIC (ETIQUETADORAS, PAS TÉRMICAS E HUB-USB).;08.388.921/0001-85;MIKROSHOP COMÉRCIO SOLUÇÕES E TECNOLOGIA LTDA;11/09/2025;11/09/2026;11/09/2026;52;RENOVAÇÃO URGENTE;EM VIGÊNCIA;R$ 7.591,80;R$ 7.591,80;R$ 7.591,80;NÃO;CTI;20260;ALEXANDRE MONTEIRO RODRIGUES COELHO;15379;JOÃO CARLOS BARBOSA DOS SANTOS;303;BRENO REIS DO NASCIMENTO;;-;4354/2025;NÃO;;NÃO;-;NÃO;-;MATERIAL PERMANENTE;NÃO;;;;
CONTRATO;89;2025;FEPDC;CONTRATO-89-2025-FEPDC;30991/2025-42;LEI_14.133;PREGÃO;AQUISIÇÃO DE MATERIAL PERMANENTE (PROJETOR DE IMAGEM, SUPORTE DE TETO PARA PROJETOR DE TELA DE PROJEÇÃO MANUAL).;54.533.953/0001-44;A.C.V DORNELLES;15/09/2025;15/09/2026;15/09/2026;56;RENOVAÇÃO URGENTE;EM VIGÊNCIA;R$ 26.636,00;R$ 26.636,00;R$ 26.636,00;NÃO;CAA;307;AIRTON ALVES MENDES DE MOURA;;-;;-;;-;4400/2025;NÃO;;NÃO;-;NÃO;-;MATERIAL PERMANENTE;NÃO;;;;
CONTRATO;90;2025;FMMPPI;CONTRATO-90-2025-FMMPPI;02071/2025-64;LEI_14.133;DISPENSA;PRODUÇÃO DE BRINDES PRA DIVULGAÇÃO DE CAMPANHAS E DISTRIBUIÇÃO EM EVENTOS INSTITUCIONAIS DO MINISTÉRIO PÚBLICO DO ESTADO DO PIAUÍ.;02.687.493/0001-05; I H MARTINS SILVEIRA;19/09/2025;19/09/2026;19/09/2026;60;RENOVAÇÃO URGENTE;EM VIGÊNCIA;R$ 59.835,00;R$ 59.835,00;R$ 59.835,00;NÃO;CCS;20064;MARCOS VINÍCIUS LIMA VIEIRA;;-;;-;;-;4468/2025;NÃO;;NÃO;-;NÃO;-;OUTROS SERVIÇOS;NÃO;;;;
CONTRATO;91;2025;PGJ;CONTRATO-91-2025-PGJ;15109/2025-71;LEI_14.133;DISPENSA;SERVIÇOS COMUNS DE PUBLICAÇÃO DE AVISOS DE LICITAÇÃO EM JORNAL DE GRANDE CIRCULAÇÃO NO ESTADO DO PIAUÍ, NO FORMATO DE 2 (DUAS) COLUNAS POR 10 CM DE ALTURA.;18.876.112/0001-76;GIBBOR PUBLICIDADE E PUBLICAÇÕES DE EDITAIS EIRELI LTDA;18/09/2025;22/10/2028;22/10/2028;824;EM VIGÊNCIA;EM VIGÊNCIA;R$ 34.920,00;R$ 34.920,00;R$ 34.920,00;NÃO;CLC;15814;ROSANGELA DA SILVA SANTANA;;-;;-;;-;4464/2025;NÃO;;NÃO;-;NÃO;-;OUTROS SERVIÇOS;SIM;;;;
CONTRATO;92;2025;PGJ;CONTRATO-92-2025-PGJ;031214/2025-20;LEI_14.133;PREGÃO;AQUISIÇÃO DE TONERS PARA IMPRESSORAS DE USO DE TODAS AS UNIDADES PERTENCENTES AP MP-PI;09.358.717/0001-84;MVS CARTUCHOS LTDA;17/09/2025;17/09/2027;17/09/2027;423;EM VIGÊNCIA;EM VIGÊNCIA;R$ 108.135,00;R$ 108.135,00;R$ 108.135,00;NÃO;CAA;20026;FELIPE ARLLEM REZENDE;;-;;-;;-;4454/2025;NÃO;;NÃO;-;NÃO;-;MATERIAL PERMANENTE;NÃO;;;;
CONTRATO;93;2025;FMMPPI;CONTRATO-93-2025-FMMPPI;30753/2025-23;LEI_14.133;PREGÃO;AQUISIÇÃO DE EQUIPAMENTOS DE TIC (HEADSETS, FONES DEOUVIDO, DISPOSITIVOS DE ÁUDIO VIVA VOZ E WEBCAMS;15.838.111/0001-49;MARYLEIDE FONSECA ALMEIDA LTDA;23/09/2025;23/09/2026;23/09/2026;64;RENOVAÇÃO URGENTE;EM VIGÊNCIA;R$ 171.000,00;R$ 171.000,00;R$ 171.000,00;NÃO;CTI;2060;-;15379;JOÃO CARLOS BARBOSA DOS SANTOS;303;BRENO REIS DO NASCIMENTO;;-;4548/2025;NÃO;;NÃO;-;NÃO;-;MATERIAL PERMANENTE;NÃO;;;;
CONTRATO;94;2025;FEPDC;CONTRATO-94-2025-FEPDC;19479/2025-78;LEI_14.133;ADESÃO;AQUISIÇÃO DE EQUIPAMENTOS DE VÍDEO WALL PARA O AUDITÓRIO DO MINISTÉRIO PÚBLICO DO ESTADO DO PIAUÍ SITUADO NO BAIRRO DE FÁTIMA, TERESINA-PI.;65.149.197/0002-51;REPRIMIG REPRESENTACAO E COMERCIO DE MINAS GERAIS LTDA;23/09/2025;23/09/2026;23/09/2026;64;RENOVAÇÃO URGENTE;EM VIGÊNCIA;R$ 55.600,00;R$ 55.600,00;R$ 55.600,00;NÃO;CAA;307;AIRTON ALVES MENDES DE MOURA;;-;;-;;-;4530/2025;NÃO;;NÃO;-;NÃO;-;MATERIAL PERMANENTE;NÃO;;;;
NOTA DE EMPENHO;146;2025;FEPDC;NOTA DE EMPENHO-146-2025-FEPDC;14355/2025-07;LEI_14.133;DISPENSA;AQUISIÇÃO DE IMPRESSORA E SEUS COMPONENTES, MOBILIÁRIO PLÁSTICO, QUADROS E BALIZADORES DE FILA;33.275.120/0001-50;SUPER LICITE LICITACOES LTDA;18/09/2025;18/09/2026;18/09/2026;59;PRONTA ENTREGA;EM VIGÊNCIA;R$ 4.917,74;R$ 4.917,74;R$ 4.917,74;NÃO;CAA;307;AIRTON ALVES MENDES DE MOURA;;-;;-;;-;4499/2025;NÃO;;NÃO;-;NÃO;-;MATERIAL DE CONSUMO E PERMANENTE;NÃO;;;;
NOTA DE EMPENHO;149;2025;FEPDC;NOTA DE EMPENHO-149-2025-FEPDC;14355/2025-07;LEI_14.133;DISPENSA;AQUISIÇÃO DE IMPRESSORA E SEUS COMPONENTES, MOBILIÁRIO PLÁSTICO, QUADROS E BALIZADORES DE FILA; 04.338.231/0001-60;J & K COMERCIAL LTDA;18/09/2025;18/09/2026;18/09/2026;59;PRONTA ENTREGA;EM VIGÊNCIA;R$ 1.650,00;R$ 1.650,00;R$ 1.650,00;NÃO;CAA;307;AIRTON ALVES MENDES DE MOURA;;-;;-;;-;4499/2025;NÃO;;NÃO;-;NÃO;-;MATERIAL DE CONSUMO E PERMANENTE;NÃO;;;;
NOTA DE EMPENHO;150;2025;FEPDC;NOTA DE EMPENHO-150-2025-FEPDC;14355/2025-07;LEI_14.133;DISPENSA;AQUISIÇÃO DE IMPRESSORA E SEUS COMPONENTES, MOBILIÁRIO PLÁSTICO, QUADROS E BALIZADORES DE FILA;50.423.935/0001-59;STELLA MARIA GOMES TEOTONIO LUZ;19/09/2025;19/09/2026;19/09/2026;60;PRONTA ENTREGA;EM VIGÊNCIA;R$ 12.667,60;R$ 12.667,60;R$ 12.667,60;NÃO;CAA;307;AIRTON ALVES MENDES DE MOURA;;-;;-;;-;4499/2025;NÃO;;NÃO;-;NÃO;-;MATERIAL DE CONSUMO E PERMANENTE;NÃO;;;;
NOTA DE EMPENHO;151;2025;FEPDC;NOTA DE EMPENHO-151-2025-FEPDC;14355/2025-07;LEI_14.133;DISPENSA;AQUISIÇÃO DE IMPRESSORA E SEUS COMPONENTES, MOBILIÁRIO PLÁSTICO, QUADROS E BALIZADORES DE FILA;45.690.166/0001-15;ACAT SOLUCOES E COMERCIO LTDA;09/09/2025;19/09/2026;19/09/2026;60;PRONTA ENTREGA;EM VIGÊNCIA;R$ 12.667,60;R$ 12.667,60;R$ 12.667,60;NÃO;CAA;307;AIRTON ALVES MENDES DE MOURA;;-;;-;;-;4499/2025;NÃO;;NÃO;-;NÃO;-;MATERIAL DE CONSUMO E PERMANENTE;NÃO;;;;
NOTA DE EMPENHO;585;2025;PGJ;NOTA DE EMPENHO-585-2025-PGJ;7418/2025-49;LEI_14.133;INEXIGIBILIDADE;CONTRATAÇÃO DA EMPRESA HUMANT DESENVOLVIMENTO COM A FINALIDADE DE PROMOVER TREINAMENTO E APERFEIÇOAMENTO DE PESSOA  PARA SERVIDORES DO MPPI ;06.207.694/0001-19;HUMANT DESENVOLVIMENTO PROFISSIONAL LTDA;27/05/2025;27/08/2025;27/08/2025;-328;FORA DO PRAZO;FORA DO PRAZO;R$ 32.000,00;R$ 0,00;R$ 0,00;NÃO;CLC;15814;ROSANGELA DA SILVA SANTANA;;-;;-;;-;2226/2025;NÃO;NÃO;NÃO;-;NÃO;-;CURSOS;NÃO;;;;
NOTA DE EMPENHO;595;2025;PGJ;NOTA DE EMPENHO-595-2025-PGJ;5126/2025-32;LEI_14.133;INEXIGIBILIDADE;SERVIÇO DE AVALIAÇÃO DO IMÓVEL SITUADO NA AV LINDOLFO MONTEIRO Nº 911, BAIRRO FÁTIMA;00.360.305/0001-04;CAIXA ECONÔMICA FEDERAL ;27/05/2025;20/07/2025;20/07/2025;-366;FORA DO PRAZO;FORA DO PRAZO;R$ 14.300,00;R$ 0,00;R$ 0,00;NÃO;CPPT;20120;LARISSA RAQUEL TEIXEIRA ALVES;-;-;;-;;-;2265/2025;NÃO;NÃO;NÃO;-;NÃO;-;OUTROS SERVIÇOS;NÃO;;;;
NOTA DE EMPENHO;631;2025;PGJ;NOTA DE EMPENHO-631-2025-PGJ;19503/2025-29;LEI_14.133;INEXIGIBILIDADE; TREINAMENTO E APERFEIÇOAMENTO DE PESSOAL, POR MEIO DE PARTICIPAÇÃO DE 02 (DOIS) SERVIDORES DO MINISTÉRIO PÚBLICO DO PIAUÍ NA AÇÃO EFD-REINF E DCTFWEB PARA ORGÃOS PÚBLICOS, CONSELHOS DE CLASSE, ESTATAIS E SISTEMAS (TEORIA PRÁTICA ) COM CARGA HORÁRIA DE 16 (DEZESSEIS HORAS, MODALIDADE ONLINE, NOS DIAS 24 A 27 DE JUNHO DE 2025;53.940.195/0001-16;SUPREME TREINAMENTOS LTDA;12/06/2025;12/09/2025;12/09/2025;-312;FORA DO PRAZO;FORA DO PRAZO;R$ 4.580,00;R$ 0,00;R$ 0,00;NÃO;CCF;280;SÉRGIO ALVES NORONHA;;-;;-;;-;2573/2025;NÃO;NÃO;NÃO;-;NÃO;-;CURSOS;NÃO;;;;
NOTA DE EMPENHO;884;2025;PGJ;NOTA DE EMPENHO-884-2025-PGJ;22082/2025-42;LEI_14.133;INEXIGIBILIDADE;TREINAMENTO E APERFEIÇOAMENTO DE PESSOAL, POR MEIO DA PARTICIPAÇÃO DE 02 (DDOIS) SERVIDORES DO MPPI NA AÇÃO DE DESENVOLVIMENTO INTULADA RETENÇÕES DE TRIBUTOS NA ADMINISTRAÇÃO PÚBLICA FEDERAL ESTADUAL, DISTRITAL E MUNICIPAL, COM CARGA HORÁRIA DE 20 (VINTE) HORAS, A SER REALIZADA NA MODALIDADE ONLINE, NOS DIAS 25 A 29 DE AGOSTO DE 2025;53.940.195/0001-16;SUPREME TREINAMENTOS LTDA;14/08/2025;14/11/2025;14/11/2025;-249;FORA DO PRAZO;FORA DO PRAZO;R$ 4.780,00;R$ 0,00;R$ 0,00;NÃO;CCF;280;SÉRGIO ALVES NORONHA;;-;;-;;-;3824/2025;NÃO;NÃO;NÃO;-;NÃO;-;CURSOS;NÃO;;;;
NOTA DE EMPENHO;981;2025;PGJ;NOTA DE EMPENHO-981-2025-PGJ;23964/2025-86;LEI_14.133;DISPENSA;CONTRATAÇÃO DE EMPRESA ESPECIALIZADA NA CONFECÇÃO DE VESTES TALARES, TIPO: BECA, PARA O TRAGE SOLENE DOS MEMBROS DA PROCURADORIA GERAL DE JUSTIÇA DO PIAUÍ, DURANTE AS SESSÕES DE JULGAMENTO, SOLENIDADES E EVENTOS INSTITUCIONAIS.;41.533.167/0001-03;NOBETH CONFECCOES LTDA;03/09/2025;03/03/2026;03/03/2026;-140;FORA DO PRAZO;FORA DO PRAZO;R$ 3.720,00;R$ 0,00;R$ 0,00;NÃO;CCS;20344;LIANA PEREIRA RICARDO;;-;;-;;-;4322/2025;NÃO;;NÃO;-;NÃO;-;OUTROS SERVIÇOS;NÃO;;;;
NOTA DE EMPENHO;987;2025;PGJ;NOTA DE EMPENHO-987-2025-PGJ;29142/2025-62;LEI_14.133;INEXIGIBILIDADE;"A CONTRATAÇÃO DE
CURSOS ONLINE COM AS TEMÁTICAS: CURSO COMPLETO DE FISCALIZAÇÃO E GESTÃO DOS CONTRATOS, ASSESSORIA/PROCURADORIA JURÍDICA
E A ATUAÇÃO NA LEI Nº 14.133/2021 E HABILITAÇÃO NAS CONTRATAÇÕES PÚBLICAS PARA 13 (TREZE) SERVIDORES"; 86.781.069/0001-15;ZÊNITE INFORMAÇÃO E CONSULTORIA S/A;04/09/2025;04/01/2026;04/01/2026;-198;FORA DO PRAZO;FORA DO PRAZO;R$ 29.223,00;R$ 0,00;R$ 0,00;NÃO;CLC;15814;ROSANGELA DA SILVA SANTANA;;-;;-;;-;4253/2025;NÃO;;NÃO;-;NÃO;-;CURSOS;NÃO;;;;
NOTA DE EMPENHO;1066;2025;PGJ;NOTA DE EMPENHO-1066-2025-PGJ;33803/2025-34;LEI_14.133;INEXIGIBILIDADE;CAPACITAÇÃO REFERENTE A PARTICIPAÇÃO DE MEMBROS DESTE MINISTÉRIO PÚBLICO EM CONGRESSO, NA MODALIDADE PRESENCIAL, NO 26° CONGRESSO NACIONAL DO MINISTÉRIO PÚBLICO, CONFORME CONDIÇÕES, QUANTIDADES E EXIGÊNCIAS ESTABELECIDAS NO TERMO DE REFERÊNCIA;54.284.583/0001-59;ASSOCIAÇÃO NACIONAL DOS MEMBROS DO MINISTÉRIO PÚBLICO - CONAMP;22/09/2025;22/03/2026;22/03/2026;-121;FORA DO PRAZO;FORA DO PRAZO;R$ 7.140,00;R$ 0,00;R$ 0,00;NÃO;PGJ;123;LIZIA RAQUEL POLICARPO GRAMOSA;;-;;-;;-;4558/2025;NÃO;;NÃO;-;NÃO;-;CURSOS;NÃO;;;;
CONTRATO;85;2025;PGJ;CONTRATO-85-2025-PGJ;30489/2025-63;LEI_14.133;PREGÃO;SERVIÇOS COMUNS DE CONTROLE E COMBATE DE VETORES E PRAGAS URBANAS, COMPREENDENDO OS SERVIÇOS DE DESINSETIZAÇÃO, DESRATIZAÇÃO E DESCUPINIZAÇÃO EM TODAS AS ÁREAS INTERNAS E EXTERNAS DOS EDIFÍCIOS SEDE E DEMAIS UNIDADES VINCULADAS NO CAPITAL QUE COMPÕEN I QUADRO DO MPPI.;17.465.178/0001-00;G SOARES DA COSTA ;15/09/2025;15/09/2027;15/09/2027;421;EM VIGÊNCIA;EM VIGÊNCIA;R$ 2.772,93;R$ 2.772,93;R$ 2.772,93;NÃO;CAA;15450;ANTÔNIO MARCOS PESSOA;20269;FABIANA ROCHA AGUIAR NOGUEIRA;20259;JOSSELLINI DOS SANTOS SOUSA ;;-;4420;SIM;5%;NÃO;-;NÃO;-;OUTROS SERVIÇOS;NÃO;;;;
CONTRATO;95;2025;FMMPPI;CONTRATO-95-2025-FMMPPI;34600/2025-24;LEI_14.133;PREGÃO;CONTRATAÇÃO DE EMPRESA ESPECIALIZADA EM CONSERVAÇÃO E MANUTENÇÃO DE EDIFICAÇÕES COM APLICAÇÃO DE MATERIAL, PARA O MINISTÉRIO PÚBLICO DO ESTADO DO PIAUÍ.;07.375.034/0001-00; COINSTEL CONSTRUÇÕES E INSTALAÇÕES LTDA;16/10/2025;16/10/2030;16/10/2030;1548;EM VIGÊNCIA;EM VIGÊNCIA;R$ 46.944,36;R$ 46.944,36;R$ 46.944,36;NÃO;CPPT;15821;ANDRÉ CASTELO BRANCO RIBEIRO;;-;;-;;-;5030/2025;NÃO;;NÃO;-;NÃO;-;SERVIÇO DE MANUTENÇÃO;SIM;;;;
CONTRATO;96;2025;PGJ;CONTRATO-96-2025-PGJ;28005/2025-16;LEI_14.133;INEXIGIBILIDADE;FORNECIMENTO, PELA ÁGUAS DO PIAUI SPE S.A., DE ÁGUA TRATADA E/OU DE COLETA E TRATAMENTO DE ESGOTAMENTO SANITÁRIO PARA OS IMÓVEIS, SEDES DO MINISTÉRIO PÚBLICO DO ESTADO DO PIAUÍ, LOCALIZADAS NO INTERIOR DO ESTADO, EXCLUÍDAS ÀQUELAS PROMOTORIAS, QUE TENHAM OUTRAS EMPRESAS QUE DETENHAM O REGIME DE SUBCONCESSÃO DE ABASTECIMENTO DE ÁGUA E DE ESGOTAMENTO SANITÁRIO;58.425.324/0001-51;ÁGUAS DO PIAUI SPE S.A;20/10/2025;20/10/2050;20/10/2050;8857;EM VIGÊNCIA;EM VIGÊNCIA;R$ 450.259,20;R$ 450.259,20;R$ 450.259,20;NÃO;CAA;213;ENNIO RICELLI SANTOS SOUSA;;-;;-;;-;5083/2025;NÃO;;NÃO;-;NÃO;-;OUTROS SERVIÇOS;NÃO;;;;
NOTA DE EMPENHO;1216;2025;PGJ;NOTA DE EMPENHO-1216-2025-PGJ;32946/2025-42;LEI_14.133;INEXIGIBILIDADE;"TREINAMENTO E APERFEIÇOAMENTO DE PESSOAL, POR MEIO DA PARTICIPAÇÃO DE 03 (TRÊS) SERVIDORES DO MINISTÉRIO PÚBLICO DO ESTADO DO PIAUÍ NA AÇÃO DE DESNVOLVIMENTO INTITULADA ""DESFAZIMENTO DE BENS MÓVEIS E A GESTÃO E A GESTÃO DO PATRIMÔNIA PÚBLICO, CARGA HORÁRIA 16H.";53.940.195/0001-16;SUPREME TREINAMENTOS LTDA;20/10/2025;20/01/2026;20/01/2026;-182;FORA DO PRAZO;FORA DO PRAZO;R$ 5.760,00;R$ 0,00;R$ 0,00;NÃO;CCF;280;SÉRGIO ALVES NORONHA;;-;;-;;-;5093/2025;NÃO;;NÃO;-;NÃO;-;CURSOS;NÃO;;;;
CONTRATO;97;2025;FMMPPI;CONTRATO-97-2025-FMMPPI;37118/2025-35;LEI_14.133;PREGÃO;CONTRATAÇÃO DE EMPRESA ESPECIALIZADA EM CONSERVAÇÃO E MANUTENÇÃO DE EDIFICAÇÕES COM APLICAÇÃO DE MATERIAL, PARA O MINISTÉRIO PÚBLICO DO ESTADO DO PIAUÍ;48.236.489/0001-21;MQ EMPREENDIMENTOS LTDA;27/10/2025;27/10/2030;27/10/2030;1559;EM VIGÊNCIA;EM VIGÊNCIA;R$ 70.999,79;R$ 70.999,79;R$ 70.999,79;NÃO;CPPT;15821;ANDRÉ CASTELO BRANCO RIBEIRO;;-;;-;;-;5315/2025;NÃO;;NÃO;-;NÃO;-;SERVIÇO DE MANUTENÇÃO;SIM;;;;
CONTRATO;99;2025;FMMPPI;CONTRATO-99-2025-FMMPPI;37831/2025-87;LEI_14.133;PREGÃO;PRESTAÇÃO DE SERVIÇOS DE CONSERVAÇÃO E MANUTENÇÃO DE EDIFICAÇÕES CP, A APLICAÇÃO DE MATERIAL, PARA O MINISTÉRIO PÚBLICO DO ESTADO DO PIAUÍ.;22.561.863/0001-70;MULTPAR SERVIÇOS DE CONSTRUÇÃO LTDA;04/11/2025;04/11/2030;04/11/2030;1567;EM VIGÊNCIA;EM VIGÊNCIA;R$ 3.490,00;R$ 3.490,00;R$ 3.490,00;NÃO;CPPT;411;DÊNIS ALEXANDRE TEIXEIRA DE SENA;;-;;-;;-;5430/2025;NÃO;;NÃO;-;SIM;1;SERVIÇO DE MANUTENÇÃO - ENGENHARIA;SIM;;;;
CONTRATO;101;2025;FMMPPI;CONTRATO-101-2025-FMMPPI;34838/2025-17;LEI_14.133;INEXIGIBILIDADE;CONTRATAÇÃO DE SOLUÇÃO DE TECNOLOGIA DA INFORMAÇÃO E COMUNICAÇÃO DE 15 (QUINZE) LICENÇAS, NO PLANO CORP, PARA ACESSO AOS MAIS DE 1200 CURSOS TÉCNICOS OFERECIDOS NA PLATAFORMA ALURA, DE ENSINO À DISTÂNCIA - EAD, ACESSÍVEL A QUALQUER HORA DO DIA ATRAVÉS DA INTERNET, A SEREM UTILIZADAS POR SERVIDORES INDICADOS PELA COORDENADORIA DE TECNOLOGIA DA INFORMAÇÃO DO MINISTÉRIO PÚBLICO DO ESTADO DO PIAUÍ;05.555.382/0001-33;AOVS SISTEMAS DE INFORMÁTICA S/A;12/11/2025;12/11/2026;12/11/2026;114;INICIAR RENOVAÇÃO;EM VIGÊNCIA;R$ 22.500,00;R$ 22.500,00;R$ 22.729,69;NÃO;CTI;20260;ALEXANDRE MONTEIRO RODRIGUES COELHO;15379;JOÃO CARLOS BARBOSA DOS SANTOS;303;BRENO REIS DO NASCIMENTO;;-;5568/2025;NÃO;;NÃO;-;SIM;-;SERVIÇO DE TI;NÃO;;;;
CONTRATO;100;2025;FMMPPI;CONTRATO-100-2025-FMMPPI;2729/2025-49;LEI_14.133;DISPENSA;PRODUÇÃO DE CAMISETAS PERSONALIZADAS, PARA UTILIZAÇÃO E DISTRIBUIÇÃO EM EVENTOS E NO BOJO DE CAMPANHAS E PROJETOS PROMOVIDOS PELO MINISTÉRIO PÚBLICO DO ESTADO DO PIAUÍ;02.687.493/0001-05; I H MARTINS SILVEIRA;12/11/2025;12/11/2027;12/11/2027;479;EM VIGÊNCIA;EM VIGÊNCIA;R$ 61.600,00;R$ 61.600,00;R$ 61.600,00;NÃO;CCS;20064;MARCOS VINÍCIUS LIMA VIEIRA;;-;;-;;-;5578/2025;NÃO;;NÃO;-;NÃO;-;OUTROS SERVIÇOS;NÃO;;;;
NOTA DE EMPENHO;1410;2025;PGJ;NOTA DE EMPENHO-1410-2025-PGJ;40337/2025-26;LEI_14.133;INEXIGIBILIDADE;"CONTRATAÇÃO DE CURSO
ONLINE COM A TEMÁTICA: MANUTENÇÃO PREDIAL E SERVIÇOS DE ENGENHARIA (LICITAÇÃO, CONTRATAÇÃO, PROJETOS E FISCALIZAÇÃO COM
FACILIDADES DA IA) PARA 5 (CINCO) SERVIDORES, MAIS 01 (UMA) CORTESIA,";60.310.783/0001-31; INOVE EVENTOS E TREINAMENTOS LTDA;24/11/2025;21/02/2026;21/02/2026;-150;FORA DO PRAZO;FORA DO PRAZO;R$ 14.450,00;R$ 0,00;R$ 0,00;NÃO;CPPT;20082;FRANCISCO EDUARDO LOPES VIANA;;-;;-;;-;5808/2025;NÃO;;NÃO;-;NÃO;-;CURSOS;NÃO;;;;
CONTRATO;88;2025;FMMPPI;CONTRATO-88-2025-FMMPPI;01974/2025-61;LEI_14.133;INEXIGIBILIDADE;FORNECIMENTO DE ENERGIA ELÉTRICA  NO ÂMBIT DA REGIONAL DE OPERAÇÕES DO PIAUÍ, BEM COMO DISCIPLINAR E UNIFICAR AS CONDIÇÕES RELATIVAS À PRESTAÇÃO DO SERVIÇO PARA A CONTRATANTE E SUAS UNIDADES CONSUMIDORAS DESCENTRALIZADAS NO ESTADO DO PIAUÍ, CONFORME CONTRATO DE FORNECIMENTO INDIVIDUALIZADO (GRUPO A E GRUPO B);06.840.748/0001-89;EQUATORIAL PIAUI DISTRIBUIDORA DE ENERGIA S.A;27/11/2025;27/11/2030;27/11/2030;1590;EM VIGÊNCIA;EM VIGÊNCIA;R$ 7.800.000,00;R$ 7.800.000,00;R$ 7.800.000,00;NÃO;CPPT;15821;ANDRÉ CASTELO BRANCO RIBEIRO;20359;MARCOS MATOS DE VASCONCELOS;;-;;-;5839/2025;NÃO;;NÃO;-;NÃO;-;ENERGIA;SIM;;;;
CONTRATO;102;2025;FMMPPI;CONTRATO-102-2025-FMMPPI;414661/2025-64;LEI_14.133;PREGÃO; PRESTAÇÃO DE SERVIÇOS TÉCNICOS ESPECIALIZADOS EM DESENVOLVIMENTO, SUSTENTAÇÃO, MANUTENÇÃO E EVOLUÇÃO DE SISTEMAS, ESTRUTURADOS SOB O MODELO DE UNIDADE DE SERVIÇO TÉCNICO (UST), NO FORMATO DE FÁBRICA DE SOFTWARE;05.585.355/0001-03;AGUIA NET CONSULTORIA ESTRATEGICA LTDA;27/11/2025;27/11/2027;27/11/2027;494;EM VIGÊNCIA;EM VIGÊNCIA;R$ 2.113.082,60;R$ 2.113.082,60;R$ 2.113.082,60;NÃO;CTI;303;BRENO REIS DO NASCIMENTO;425;MARCOS MACIEL MARTINS BRITO;15807;ÍTALO GARCIA ARAÚJO NOGUEIRA;;-;5900/2025;SIM;5%;NÃO;-;NÃO;-;;NÃO;;;;
CONTRATO;111;2025;PGJ;CONTRATO-111-2025-PGJ;18136/2025-93;LEI_14.133;PREGÃO;AQUISIÇÃO E FORNECIMENTO DE ALIMENTAÇÃO PREPARADA A SEMIPREPARADA - REFEIÇÕES DO TIPO ALMOÇO/JANTAR (TIPO I E III), E COQUETEL ( TIPO I, II, E III).;07.686.538/0001-40;L PINHEIRO MENDES DE SOUSA;01/12/2025;01/12/2026;01/12/2026;133;INICIAR RENOVAÇÃO;EM VIGÊNCIA;R$ 108.059,00;R$ 108.059,00;R$ 108.059,00;NÃO;CCS;15813;LÍCIA ALENCAR BOTELHO;20344;LIANA PEREIRA RICARDO;;-;;-;5894/2025;NÃO;;NÃO;-;NÃO;-;OUTROS SERVIÇOS;NÃO;;;;
CONTRATO;109;2025;PGJ;CONTRATO-109-2025-PGJ;23256/2025-03;LEI_14.133;INEXIGIBILIDADE;FORNECIMENTO DE LICENÇA DO SOFTWARE DE RECONHECIMENTO FACIAL CLEARVIEW AI NAS VERSÕES “BASIC” E “PROFESSIONAL”, PARA ATENDER ÀS NECESSIDADES DO ÓRGÃO GERENCIADOR E PARTICIPANTES;42.224.229/0001-50;INSPECT INTELIGÊNCIA E TECNOLOGIA LTDA;01/12/2025;01/12/2026;01/12/2026;133;INICIAR RENOVAÇÃO;EM VIGÊNCIA;R$ 137.800,00;R$ 137.800,00;R$ 137.800,00;NÃO;CTI;335;THIAGO DE ARAÚJO COSTA SOARES;20263;ADRIANO JOSÉ DE SOUSA SANTOS;303;BRENO REIS DO NASCIMENTO;;-;5983/2025;NÃO;;NÃO;-;NÃO;-;SERVIÇOS DE TI;NÃO;;;;
CONTRATO;103;2025;FEPDC;CONTRATO-103-2025-FEPDC;23279/2025-61;LEI_14.133;PREGÃO;AQUISIÇÃO DE EQUIPAMENTOS E ITENS DE TIC PARA ATENDER AS NECESSIDADES DO GRUPO DE ATUAÇÃO ESPECIAL DE COMBATE AO CRIME ORGANIZADO (GAECO) DO MP/PI;04.932.770/0001-23;KASA KOMPLETA COMÉRCIO E SERVIÇOS LTDA;01/12/2025;01/12/2026;01/12/2026;133;INICIAR RENOVAÇÃO;EM VIGÊNCIA;R$ 39.000,00;R$ 39.000,00;R$ 39.000,00;NÃO;CTI;335;THIAGO DE ARAÚJO COSTA SOARES;20263;ADRIANO JOSÉ DE SOUSA SANTOS;303;BRENO REIS DO NASCIMENTO;;-;5989/2025;NÃO;;NÃO;-;NÃO;-;MATERIAL PERMANENTE;NÃO;;;;
CONTRATO;104;2025;FEPDC;CONTRATO-104-2025-FEPDC;23279/2025-61;LEI_14.133;PREGÃO;AQUISIÇÃO DE EQUIPAMENTOS E ITENS DE TIC PARA ATENDER AS NECESSIDADES DO GRUPO DE ATUAÇÃO ESPECIAL DE COMBATE AO CRIME ORGANIZADO (GAECO) DO MP/PI;59.377.751/0001-74;DRONE AIR COMÉRCIO E SERVIÇOS TECNOLÓGICOS LTDA;01/12/2025;01/12/2026;01/12/2026;133;INICIAR RENOVAÇÃO;EM VIGÊNCIA;R$ 32.274,00;R$ 32.274,00;R$ 32.274,00;NÃO;CTI;335;THIAGO DE ARAÚJO COSTA SOARES;20263;ADRIANO JOSÉ DE SOUSA SANTOS;303;BRENO REIS DO NASCIMENTO;;-;5989/2025;NÃO;;NÃO;-;NÃO;-;MATERIAL PERMANENTE;NÃO;;;;
CONTRATO;105;2025;FEPDC;CONTRATO-105-2025-FEPDC;23279/2025-61;LEI_14.133;PREGÃO;AQUISIÇÃO DE EQUIPAMENTOS E ITENS DE TIC PARA ATENDER AS NECESSIDADES DO GRUPO DE ATUAÇÃO ESPECIAL DE COMBATE AO CRIME ORGANIZADO (GAECO) DO MP/PI;24.479.217/0001-94;AVEIRO SOLUTIONS;01/12/2025;01/12/2026;01/12/2026;133;INICIAR RENOVAÇÃO;EM VIGÊNCIA;R$ 8.450,00;R$ 8.450,00;R$ 8.450,00;NÃO;CTI;335;THIAGO DE ARAÚJO COSTA SOARES;20263;ADRIANO JOSÉ DE SOUSA SANTOS;303;BRENO REIS DO NASCIMENTO;;-;5989/2025;NÃO;;NÃO;-;NÃO;-;MATERIAL PERMANENTE;NÃO;;;;
CONTRATO;106;2025;FEPDC;CONTRATO-106-2025-FEPDC;23279/2025-61;LEI_14.133;PREGÃO;AQUISIÇÃO DE EQUIPAMENTOS E ITENS DE TIC PARA ATENDER AS NECESSIDADES DO GRUPO DE ATUAÇÃO ESPECIAL DE COMBATE AO CRIME ORGANIZADO (GAECO) DO MP/PI;47.104.689/0001-68;V&M GESTÃO EMPRESARIAL;02/12/2025;02/12/2026;02/12/2026;134;INICIAR RENOVAÇÃO;EM VIGÊNCIA;R$ 287.992,00;R$ 287.992,00;R$ 287.992,00;NÃO;CTI;335;THIAGO DE ARAÚJO COSTA SOARES;20263;ADRIANO JOSÉ DE SOUSA SANTOS;303;BRENO REIS DO NASCIMENTO;;-;5989/2025;NÃO;;NÃO;-;NÃO;-;MATERIAL PERMANENTE;NÃO;;;;
CONTRATO;107;2025;FEPDC;CONTRATO-107-2025-FEPDC;23279/2025-61;LEI_14.133;PREGÃO;AQUISIÇÃO DE EQUIPAMENTOS E ITENS DE TIC PARA ATENDER AS NECESSIDADES DO GRUPO DE ATUAÇÃO ESPECIAL DE COMBATE AO CRIME ORGANIZADO (GAECO) DO MP/PI;31.070.939/0001-56;FORMATO DIGITAL COMÉRCIO & COMUNICAÇÃO MULTIMÍDIA LTDA;02/12/2025;02/12/2026;02/12/2026;134;INICIAR RENOVAÇÃO;EM VIGÊNCIA;R$ 56.370,00;R$ 56.370,00;R$ 56.370,00;NÃO;CTI;335;THIAGO DE ARAÚJO COSTA SOARES;20263;ADRIANO JOSÉ DE SOUSA SANTOS;303;BRENO REIS DO NASCIMENTO;;-;5989/2025;NÃO;;NÃO;-;NÃO;-;MATERIAL PERMANENTE;NÃO;;;;
CONTRATO;110;2025;FMMPPI;CONTRATO-110-2025-FMMPPI;41278/2025-41;LEI_14.133;PREGÃO;PRESTAÇÃO DE SERVIÇOS DE CONSERVAÇÃO E MANUTENÇÃO DE EDIFICAÇÕES COM APLICAÇÃO DE MATERIAL, PARA O MPPI.;22.561.863/0001-70;MULTPAR SERVIÇOS DE CONSTRUÇÃO LTDA;05/12/2025;05/12/2030;05/12/2030;1598;EM VIGÊNCIA;EM VIGÊNCIA;R$ 8.316,00;R$ 8.316,00;R$ 8.863,21;NÃO;CPPT;411;DÊNIS ALEXANDRE TEIXEIRA DE SENA;;-;;-;;-;6062/2025;NÃO;;NÃO;-;SIM;1;SERVIÇO DE MANUTENÇÃO - ENGENHARIA;SIM;;;;
CONTRATO;108;2025;FMMPPI;CONTRATO-108-2025-FMMPPI;38820/2025-59;LEI_14.133;PREGÃO;PRESTAÇÃO DE SERVIÇOS DE CONSERVAÇÃO E MANUTENÇÃO DE EDIFICAÇÕES COM APLICAÇÃO DE MATERIAL, PARA O MPPI.;22.561.863/0001-70;MULTPAR SERVIÇOS DE CONSTRUÇÃO LTDA;05/12/2025;06/12/2030;06/12/2030;1599;EM VIGÊNCIA;EM VIGÊNCIA;R$ 11.711,81;R$ 11.711,81;R$ 12.482,45;NÃO;CPPT;411;DÊNIS ALEXANDRE TEIXEIRA DE SENA;;-;;-;;-;6063/2025;NÃO;;NÃO;-;SIM;1;SERVIÇO DE MANUTENÇÃO - ENGENHARIA;SIM;;;;
CONTRATO;112;2025;FMMPPI;CONTRATO-112-2025-FMMPPI;43527/2025-57;LEI_14.133;PREGÃO;AQUISIÇÃO DE EQUIPAMENTOS DE TIC ;54.826.788/0001-19;VIP IMPORTACAO E COMERCIO DE PRODUTOS LTDA;04/12/2025;04/12/2026;04/12/2026;136;INICIAR RENOVAÇÃO;EM VIGÊNCIA;R$ 38.444,00;R$ 38.444,00;R$ 38.444,00;NÃO;CTI;20260;ALEXANDRE MONTEIRO RODRIGUES COELHO;15379;JOÃO CARLOS BARBOSA DOS SANTOS;303;BRENO REIS DO NASCIMENTO;;-;6046/2025;NÃO;;NÃO;-;NÃO;-;MATERIAL PERMANENTE;NÃO;;;;
CONTRATO;116;2025;FMMPPI;CONTRATO-116-2025-FMMPPI;38985/2025-60;LEI_14.133;ADESÃO;AQUISIÇÃO, MEDIANTE ADESÃO AO ITEM 04 DA ARP N°01/2025/2025 DECORRENTE DO PREGÃO ELETRÔNICO  N°001/2024 - SASC/PI, DE VEÍCULOS AUTOMOTORES SEDAN ;08.571.437/0001-97;GIVEL - GIVALDO VEICULOS LTDA;11/12/2025;11/12/2026;11/12/2026;143;INICIAR RENOVAÇÃO;EM VIGÊNCIA;R$ 656.250,00;R$ 656.250,00;R$ 656.250,00;NÃO;CAA;310;GUILHERME SANTOS DE ANDRADE;;-;;-;;-;6191/2025;NÃO;;NÃO;-;NÃO;-;MATERIAL PERMANENTE;NÃO;;;;
CONTRATO;115;2025;FEPDC;CONTRATO-115-2025-FEPDC;2834/2025-49;LEI_14.133;ADESÃO;AQUISIÇÃO DE COMPUTADORES  SERVIDORES, INCLUINDO SERVIÇOS DE INSTALAÇÃO, CONFIGURAÇÃO E GARANTIA PELO PERÍODO DE 87 MESES, POR MEIO DE ADESÃO DE ARP N° 009/2024, RESULTANTE DE PREGÃO ELETRÔNICO N°028/2024 DO TRF;06.105.781/0001-65;ZOOMTECH LTDA;12/12/2025;12/12/2030;12/12/2030;1605;EM VIGÊNCIA;EM VIGÊNCIA;R$ 1.083.000,00;R$ 1.083.000,00;R$ 1.083.000,00;NÃO;CTI;335;THIAGO DE ARAÚJO COSTA SOARES;20263;ADRIANO JOSÉ DE SOUSA SANTOS;303;BRENO REIS DO NASCIMENTO;;-;6209/2025;NÃO;;NÃO;-;NÃO;-;MATERIAL PERMANENTE;NÃO;;;;
CONTRATO;114;2025;FEPDC;CONTRATO-114-2025-FEPDC;36057/2025-05;LEI_14.133;ADESÃO;COLETES DE PROTEÇÃO BALÍSTICA COM CAPA MODULAR PARA ATENDER AO MINISTÉRIO PÚBLICO DO ESTADO DO PIAUÍ;14.533.049/0002-03;COPLATEX INDÚSTRIA E COMÉRICO DE TECIDOS S.A;15/12/2025;15/12/2026;15/12/2026;147;INICIAR RENOVAÇÃO;EM VIGÊNCIA;R$ 46.105,18;R$ 46.105,18;R$ 46.105,18;NÃO;GSI;233;PATRICIA LUZ MARTINS LIMA;;-;;-;;-;6218;NÃO;;NÃO;-;NÃO;-;MATERIAL DE CONSUMO;NÃO;;;;
CONTRATO;119;2025;FMMPPI;CONTRATO-119-2025-FMMPPI;44563/2025-04;LEI_14.133;PREGÃO;CONTRATAÇÃO DE EMPRESA ESPECIALIZADA EM CONSERVAÇÃO E MANUTENÇÃO DE EDIFICAÇÕES COM APLICAÇÃO DE MATERIAL, PARA O MINISTÉRIO PÚBLICO DO ESTADO DO PIAUÍ.;22.561.863/0001-70;MULTPAR SERVIÇOS DE CONSTRUÇÃO LTDA;19/12/2025;19/12/2030;19/12/2030;1612;EM VIGÊNCIA;EM VIGÊNCIA;R$ 74.644,72;R$ 74.644,72;R$ 79.556,34;NÃO;CPPT;411;DÊNIS ALEXANDRE TEIXEIRA DE SENA;;-;;-;;-; 6354/2025;NÃO;;NÃO;-;SIM;1;SERVIÇO DE MANUTENÇÃO - ENGENHARIA;SIM;;;;
CONTRATO;118;2025;FMMPPI;CONTRATO-118-2025-FMMPPI;43934/2025-12;LEI_14.133;PREGÃO;CONTRATAÇÃO DE EMPRESA ESPECIALIZADA EM CONSERVAÇÃO E MANUTENÇÃO DE EDIFICAÇÕES COM APLICAÇÃO DE MATERIAL, PARA O MINISTÉRIO PÚBLICO DO ESTADO DO PIAUÍ(PROMOTORIAS DE JUSTIÇA DE JOSÉ DE FREITAS, AMARANTE E UNIÃO), CONFORME CONDIÇÕES, QUANTIDADES E EXIGÊNCIAS ESTABELECIDAS NO TERMO DE REFERÊNCIA E NO APÊNDICE DESTE INSTRUMENTO.;48.236.489/0001-21;MQ EMPREENDIMENTOS LTDA;18/12/2025;18/12/2030;18/12/2030;1611;EM VIGÊNCIA;EM VIGÊNCIA;R$ 70.853,92;R$ 70.853,92;R$ 70.853,92;NÃO;CPPT;15821;ANDRÉ CASTELO BRANCO RIBEIRO;;-;;-;;-;6353/2025;NÃO;;NÃO;-;NÃO;-;SERVIÇO DE MANUTENÇÃO - ENGENHARIA;SIM;;;;
CONTRATO;117;2025;FMMPPI;CONTRATO-117-2025-FMMPPI;44854/2025-04;LEI_14.133;PREGÃO;CONTRATAÇÃO DE EMPRESA ESPECIALIZADA EM CONSERVAÇÃO E MANUTENÇÃO DE EDIFICAÇÕES COM APLICAÇÃO DE MATERIAL, PARA O MINISTÉRIO PÚBLICO DO ESTADO DO PIAUÍ (PROMOTORIAS DE JUSTIÇA DE URUÇUÍ);48.236.489/0001-21;MQ EMPREENDIMENTOS LTDA;17/12/2025;17/12/2030;17/12/2030;1610;EM VIGÊNCIA;EM VIGÊNCIA;R$ 21.989,39;R$ 21.989,39;R$ 21.989,39;NÃO;CPPT;15821;ANDRÉ CASTELO BRANCO RIBEIRO;;-;;-;;-;6305/2025;NÃO;;NÃO;-;NÃO;-;SERVIÇO DE MANUTENÇÃO - ENGENHARIA;SIM;;;;
CONTRATO;120;2025;FMMPPI;CONTRATO-120-2025-FMMPPI;43009/2025-75;LEI_14.133;PREGÃO;CONTRATAÇÃO DE EMPRESA ESPECIALIZADA PARA A PRESTAÇÃO DE SERVIÇO DE SOLUÇÃO DE ARMAZENAMENTO DE DADOS BASEADA EM TECNOLOGIA ALL-FLASH FULL NVME, INCLUINDO O FORNECIMENTO DE EQUIPAMENTOS, INSTALAÇÃO, MIGRAÇÃO DE DADOS, TREINAMENTO E SUPORTE TÉCNICO POR 60 MESES;25.359.140/0001-81;ARVVO TECNOLOGIA, CONSULTORIA E SERVICOS LTDA;18/12/2030;18/12/2030;18/12/2030;1611;EM VIGÊNCIA;EM VIGÊNCIA;R$ 1.526.000,00;R$ 1.526.000,00;R$ 1.526.000,00;NÃO;CTI;294;MARCIEL FERREIRA LIMA;425;MARCOS MACIEL MARTINS BRITO;15807;ÍTALO GARCIA ARAÚJO NOGUEIRA;;-;6349/2025;SIM;5%;NÃO;-;NÃO;-;SERVIÇO DE TI;SIM;;;;
CONTRATO;122;2025;FMMPPI;CONTRATO-122-2025-FMMPPI;44630/2025-38;LEI_14.133;PREGÃO;CONTRATAÇÃO DE EMPRESA ESPECIALIZADA EM CONSERVAÇÃO E MANUTENÇÃO DE EDIFICAÇÕES COM APLICAÇÃO DE MATERIAL, PARA O MINISTÉRIO PÚBLICO DO ESTADO DO PIAUÍ (PROMOTORIAS DE JUSTIÇA DE LUZILÂNDIA, PIRIPIRI, E PEDRO II), CONFORME CONDIÇÕES, QUANTIDADES E EXIGÊNCIAS ESTABELECIDAS NO TERMO DE REFERÊNCIA E NO APÊNDICE DESTE INSTRUMENTO.;07.375.034/0001-00; COINSTEL CONSTRUÇÕES E INSTALAÇÕES LTDA;07/01/2026;07/01/2031;07/01/2031;1631;EM VIGÊNCIA;EM VIGÊNCIA;R$ 79.196,06;R$ 79.196,06;R$ 79.196,06;NÃO;CPPT;15821;ANDRÉ CASTELO BRANCO RIBEIRO;;-;;-;;-;80/2026;;;NÃO;-;NÃO;-;SERVIÇOS DE ENGENHARIA;NÃO;;;;
NOTA DE EMPENHO;1649;2025;PGJ;NOTA DE EMPENHO-1649-2025-PGJ;03273/2025-08;LEI_14.133;CONCURSO;PROMOÇÃO DO 10° PRÊMIO DO MPPI DE JORNALISMO, POR MEIO DA SELEÇÃO E PREMIAÇÃO DE TRABALHOS JORNALÍSTICOS QUE VEICULEM MATÉRIA SOBRE AA ATUAÇÃO DO MINISTÉRIO PÚBLICO;075.896.603-29;ALECIO RODRIGUES BARBOSA DA SILVA ;26/12/2025;26/01/2026;26/01/2026;-176;FORA DO PRAZO;FORA DO PRAZO;R$ 7.000,00;R$ 0,00;R$ 0,00;SIM;CCS;20312;ANA ISABEL FREIRE MONTEIRO DOS SANOS MARINHO;15486;JOSÉ MARQUES DA SILVA;;-;;-;39/2026;;;NÃO;-;NÃO;-;CONCURSO;NÃO;;;;
NOTA DE EMPENHO;1650;2025;PGJ;NOTA DE EMPENHO-1650-2025-PGJ;03273/2025-08;LEI_14.133;CONCURSO;PROMOÇÃO DO 10° PRÊMIO DO MPPI DE JORNALISMO, POR MEIO DA SELEÇÃO E PREMIAÇÃO DE TRABALHOS JORNALÍSTICOS QUE VEICULEM MATÉRIA SOBRE AA ATUAÇÃO DO MINISTÉRIO PÚBLICO;034.050.583-41;ISABELA LEITE LOPES;26/12/2025;26/01/2026;26/01/2026;-176;FORA DO PRAZO;FORA DO PRAZO;R$ 3.500,00;R$ 0,00;R$ 0,00;SIM;CCS;20312;ANA ISABEL FREIRE MONTEIRO DOS SANOS MARINHO;15486;JOSÉ MARQUES DA SILVA;;-;;-;39/2027;;;NÃO;-;NÃO;-;CONCURSO;NÃO;;;;
NOTA DE EMPENHO;1651;2025;PGJ;NOTA DE EMPENHO-1651-2025-PGJ;03273/2025-08;LEI_14.133;CONCURSO;PROMOÇÃO DO 10° PRÊMIO DO MPPI DE JORNALISMO, POR MEIO DA SELEÇÃO E PREMIAÇÃO DE TRABALHOS JORNALÍSTICOS QUE VEICULEM MATÉRIA SOBRE AA ATUAÇÃO DO MINISTÉRIO PÚBLICO;047.378.123-90;LUAN MATHEUS DOS SANTOS SANTANA;26/12/2025;26/01/2026;26/01/2026;-176;FORA DO PRAZO;FORA DO PRAZO;R$ 2.000,00;R$ 0,00;R$ 0,00;SIM;CCS;20312;ANA ISABEL FREIRE MONTEIRO DOS SANOS MARINHO;15486;JOSÉ MARQUES DA SILVA;;-;;-;39/2028;;;NÃO;-;NÃO;-;CONCURSO;NÃO;;;;
NOTA DE EMPENHO;1654;2025;PGJ;NOTA DE EMPENHO-1654-2025-PGJ;03273/2025-08;LEI_14.133;CONCURSO;PROMOÇÃO DO 10° PRÊMIO DO MPPI DE JORNALISMO, POR MEIO DA SELEÇÃO E PREMIAÇÃO DE TRABALHOS JORNALÍSTICOS QUE VEICULEM MATÉRIA SOBRE AA ATUAÇÃO DO MINISTÉRIO PÚBLICO;059.511.313.32;MARCELO DA SILVA GOMES;26/12/2025;26/01/2026;26/01/2026;-176;FORA DO PRAZO;FORA DO PRAZO;R$ 7.000,00;R$ 0,00;R$ 0,00;SIM;CCS;20312;ANA ISABEL FREIRE MONTEIRO DOS SANOS MARINHO;15486;JOSÉ MARQUES DA SILVA;;-;;-;39/2029;;;NÃO;-;NÃO;-;CONCURSO;NÃO;;;;
NOTA DE EMPENHO;1655;2025;PGJ;NOTA DE EMPENHO-1655-2025-PGJ;03273/2025-08;LEI_14.133;CONCURSO;PROMOÇÃO DO 10° PRÊMIO DO MPPI DE JORNALISMO, POR MEIO DA SELEÇÃO E PREMIAÇÃO DE TRABALHOS JORNALÍSTICOS QUE VEICULEM MATÉRIA SOBRE AA ATUAÇÃO DO MINISTÉRIO PÚBLICO;070.960.773-32; LUCAS FERREIRA PESSOA;26/12/2025;26/01/2026;26/01/2026;-176;FORA DO PRAZO;FORA DO PRAZO;R$ 3.500,00;R$ 0,00;R$ 0,00;SIM;CCS;20312;ANA ISABEL FREIRE MONTEIRO DOS SANOS MARINHO;15486;JOSÉ MARQUES DA SILVA;;-;;-;39/2026;;;NÃO;-;NÃO;-;CONCURSO;NÃO;;;;
NOTA DE EMPENHO;102;2025;FMMPPI;NOTA DE EMPENHO-102-2025-FMMPPI;45674/2025-77;LEI_14.133;DISPENSA;"SERVIÇO DE MANUTENÇÃO E REVISÃO PARA O FUNCIONAMENTO DOS HIDRANTES, COM SUBSTITUIÇÃO DE PEÇAS DAS BOMBAS PARA RETIRADA DE VAZAMENTO DA MESMA; MANUTENÇÃO DO QUADRO DE COMANDO (QC), DO SISTEMA DE HIDRANTES PARA QUE FIQUE FUNCIONANDO, CONFORME NORMAS CBMEPI, COM LEDS NA TAMPA E IDENTIFICAÇÃO DOS MESMOS; REGULAGEM DO SISTEMA AUTOMÁTICO (VÁLVULA DE FLUXO), PARA QUE EM CASO DE ABERTURA DE QUALQUER HIDRANTE A BOMBA LIGUE AUTOMATICAMENTE; REVISÃO E MANUTENÇÃO DO QUADRO REMOTO NA RECEPÇÃO DO PRÉDIO (PAVIMENTO TÉRREO), PARA QUE FIQUE FUNCIONANDO PERFEITAMENTE.";08.106.402/0001-87;NEWPROJ ENGENHARIA LTDA;24/12/2025;24/12/2026;24/12/2026;156;PRONTA ENTREGA;EM VIGÊNCIA;R$ 6.000,00;R$ 6.000,00;R$ 6.000,00;NÃO;CPPT;226;CAROL CHAVES MESQUITA E FERREIRA;;-;;-;;-;22/2026;;;NÃO;-;NÃO;-;MATERIAL DE CONSUMO;NÃO;;;;
NOTA DE EMPENHO;1656;2025;PGJ;NOTA DE EMPENHO-1656-2025-PGJ;03273/2025-08;LEI_14.133;CONCURSO;PROMOÇÃO DO 10° PRÊMIO DO MPPI DE JORNALISMO, POR MEIO DA SELEÇÃO E PREMIAÇÃO DE TRABALHOS JORNALÍSTICOS QUE VEICULEM MATÉRIA SOBRE AA ATUAÇÃO DO MINISTÉRIO PÚBLICO;614.806.363-80;JOELMA DE SOUSA ABREU;26/12/2025;26/01/2026;26/01/2026;-176;FORA DO PRAZO;FORA DO PRAZO;R$ 2.000,00;R$ 0,00;R$ 0,00;SIM;CCS;20312;ANA ISABEL FREIRE MONTEIRO DOS SANOS MARINHO;15486;JOSÉ MARQUES DA SILVA;;-;;-;39/2026;;;NÃO;-;NÃO;-;CONCURSO;NÃO;;;;
NOTA DE EMPENHO;1658;2025;PGJ;NOTA DE EMPENHO-1658-2025-PGJ;03273/2025-08;LEI_14.133;CONCURSO;PROMOÇÃO DO 10° PRÊMIO DO MPPI DE JORNALISMO, POR MEIO DA SELEÇÃO E PREMIAÇÃO DE TRABALHOS JORNALÍSTICOS QUE VEICULEM MATÉRIA SOBRE AA ATUAÇÃO DO MINISTÉRIO PÚBLICO;479.183.813-00;JOSÉ DE ANCHIETA LOPES CARDOSO;26/12/2025;26/01/2026;26/01/2026;-176;FORA DO PRAZO;FORA DO PRAZO;R$ 7.000,00;R$ 0,00;R$ 0,00;SIM;CCS;20312;ANA ISABEL FREIRE MONTEIRO DOS SANOS MARINHO;15486;JOSÉ MARQUES DA SILVA;;-;;-;39/2026;;;NÃO;-;NÃO;-;CONCURSO;NÃO;;;;
NOTA DE EMPENHO;1659;2025;PGJ;NOTA DE EMPENHO-1659-2025-PGJ;03273/2025-08;LEI_14.133;CONCURSO;PROMOÇÃO DO 10° PRÊMIO DO MPPI DE JORNALISMO, POR MEIO DA SELEÇÃO E PREMIAÇÃO DE TRABALHOS JORNALÍSTICOS QUE VEICULEM MATÉRIA SOBRE AA ATUAÇÃO DO MINISTÉRIO PÚBLICO;395.669.353-15;SIMONE CASTRO SILVA;26/12/2025;26/01/2026;26/01/2026;-176;FORA DO PRAZO;FORA DO PRAZO;R$ 3.500,00;R$ 0,00;R$ 0,00;SIM;CCS;20312;ANA ISABEL FREIRE MONTEIRO DOS SANOS MARINHO;15486;JOSÉ MARQUES DA SILVA;;-;;-;39/2026;;;NÃO;-;NÃO;-;CONCURSO;NÃO;;;;
NOTA DE EMPENHO;1660;2025;PGJ;NOTA DE EMPENHO-1660-2025-PGJ;03273/2025-08;LEI_14.133;CONCURSO;PROMOÇÃO DO 10° PRÊMIO DO MPPI DE JORNALISMO, POR MEIO DA SELEÇÃO E PREMIAÇÃO DE TRABALHOS JORNALÍSTICOS QUE VEICULEM MATÉRIA SOBRE AA ATUAÇÃO DO MINISTÉRIO PÚBLICO;058.903.413-83;VALDI DA COSTA SOUSA JÚNIOR;26/12/2025;26/01/2026;26/01/2026;-176;FORA DO PRAZO;FORA DO PRAZO;R$ 2.000,00;R$ 0,00;R$ 0,00;SIM;CCS;20312;ANA ISABEL FREIRE MONTEIRO DOS SANOS MARINHO;15486;JOSÉ MARQUES DA SILVA;;-;;-;39/2026;;;NÃO;-;NÃO;-;CONCURSO;NÃO;;;;
NOTA DE EMPENHO;106;2025;FMMPPI;NOTA DE EMPENHO-106-2025-FMMPPI;44867/2025-67;LEI_14.133;INEXIGIBILIDADE;TREINAMENTO E APERFEIÇOAMENTO DE PESSOAL, MEDIANTE A PARTICIPAÇÃO DE 02 (DOIS) PSICÓLOGOS, INTEGRANTES DO QUADRO DE PESSOAL DO MINISTÉRIO PÚBLICO DO ESTADO DO PIAUÍ, NO CURSO PRESENCIAL AVALIAÇÃO PSICOLÓGICA PARA POSSE E PORTE DE ARMA DE FOGO, NO PERÍODO DE 02 A 07 DE FEVEREIRO DE 2026, EM BELO HORIZONTE-MG E DE 01(UM) PSICÓLOGO, INTEGRANTE DO QUADRO DE PESSOAL DO MINISTÉRIO PÚBLICO DO ESTADO DO PIAUÍ, NO CURSO ONLINE Z-TESTE COLETIVO E INDIVIDUAL - TÉCNICA DE ZULLIGER, CONFORME CONDIÇÕES, CRONOGRAMA, QUANTIDADES E EXIGÊNCIAS DEFINIDAS NO TERMO DE REFERÊNCIA; 70.953.385/0001-97;CICLO CEAP LTDA;29/12/2025;28/04/2026;28/04/2026;-84;FORA DO PRAZO;FORA DO PRAZO;R$ 6.191,00;R$ 0,00;R$ 0,00;NÃO;GSI;223;PATRÍCIA LUZ MARTINS;;-;;-;;-;;;;NÃO;-;NÃO;-;CURSOS;NÃO;;;;
CONTRATO;1;2026;FMMPPI;CONTRATO-1-2026-FMMPPI;35067/2025-25;LEI_14.133;CONCORRÊNCIA;CONTRATAÇÃO DE EMPRESA ESPECIALIZADA PARA A IMPLANTAÇÃO DA SEDE QUE ABRIGARÁ AS PROMOTORIAS DE JUSTIÇA DE ALTOS-PI; 22.829.583/0001-09;ALTACON ENGENHARIA E CONSTRUÇÃO LTDA;13/01/2026;13/04/2027;13/04/2027;266;EM VIGÊNCIA;EM VIGÊNCIA;R$ 1.490.701,03;R$ 1.490.701,03;R$ 1.490.701,03;NÃO;CPPT;15821;ANDRÉ CASTELO BRANCO RIBEIRO;;-;;-;;-;102/2026;;;NÃO;-;NÃO;-;OBRA;NÃO;;;;
CONTRATO;2;2026;FMMPPI;CONTRATO-2-2026-FMMPPI;43994/2025-35;LEI_14.133;ADESÃO;AQUISIÇÃO MEDIANTE ADESÃO AO IEM 03 DA ARP N°04/PGJ/2025 DO MMPI-MS, DE 01 VEÍCULO CAMIONETA TIPO SUV, DE GRANDE PORTE, CÂMBIO AUTOMÁTICO, NOVO,ZERO KM, COM BLINDAGEM TOTAL NÍVEL III-A.;59.275.792/0001-50;GENERAL MOTORS DO BRASIL LTDA;15/01/2026;15/01/2027;15/01/2027;178;INICIAR RENOVAÇÃO;EM VIGÊNCIA;R$ 467.950,00;R$ 467.950,00;R$ 467.950,00;NÃO;CAA;310;GUILHERME SANTOS DE ANDRADE;;-;;-;;-;138/2026;;;NÃO;-;NÃO;-;MATERIAL PERMANENTE;NÃO;;;;
CONTRATO;3;2026;FEPDC;CONTRATO-3-2026-FEPDC;40648/2024-74;LEI_14.133;PREGÃO;AQUISIÇÃO DE EQUIPAMENTOS PARA FILMAGEM, ORGANIZAÇÃO DE EVENTOS E APARELHAMENTO DE SALAS DEÁUDIO PARA O MP-PI (LOTE 1).;57.115.331/0001-94;UDIMAXBR COMÉRCIO LTDA;05/02/2026;05/02/2027;05/02/2027;199;EM VIGÊNCIA;EM VIGÊNCIA;R$ 53.096,00;R$ 53.096,00;R$ 53.096,00;NÃO;CCS;15486;JOSÉ MARQUES DA SILVA;20064;MARCOS VINÍCIUS LIMA VIEIRA;20350;BRENDO VERAS DA SILVA OLIVEIRA;20312;ANA ISABEL FREIRE MONTEIRO DOS SANOS MARINHO;783/2026;NÃO;;NÃO;-;NÃO;-;MATERIAL PERMANENTE;NÃO;;;;
CONTRATO;4;2026;FEPDC;CONTRATO-4-2026-FEPDC;40648/2024-74;LEI_14.133;PREGÃO;AQUISIÇÃO DE EQUIPAMENTOS PARA FILMAGEM, ORGANIZAÇÃO DE EVENTOS E APARELHAMENTO DE SALAS DEÁUDIO PARA O MPPI (LOTE 2);42.132.229/0001-20;LCS COMÉRCIO DE FOTOGRAFIA E VÍDEO;03/02/2026;03/02/2027;03/02/2027;197;EM VIGÊNCIA;EM VIGÊNCIA;R$ 47.169,78;R$ 47.169,78;R$ 47.169,78;NÃO;CCS;15486;JOSÉ MARQUES DA SILVA;20064;MARCOS VINÍCIUS LIMA VIEIRA;20350;BRENDO VERAS DA SILVA OLIVEIRA;20312;ANA ISABEL FREIRE MONTEIRO DOS SANOS MARINHO;462/2026;NÃO;;NÃO;-;NÃO;-;MATERIAL PERMANENTE;NÃO;;;;
CONTRATO;5;2026;PGJ;CONTRATO-5-2026-PGJ;36433/2025-94;LEI_14.133;PREGÃO;PRESTAÇÃO DE SERVIÇOS COMUNS DE SISTEMA DE MONITORAMENTO VEICULAR VIA SATÉLITE PARA OS VEÍCULOS DO MINISTÉRIO PÚBLICO DO ESTADO DO PIAUÍ (FROTA PGJ);00.090.021/0001-45;SISTEMA AVANÇADO DE SEGURANÇA ELETRÔNICA LTDA;03/02/2026;03/02/2028;03/02/2028;562;EM VIGÊNCIA;EM VIGÊNCIA;R$ 20.160,00;R$ 20.160,00;R$ 20.160,00;NÃO;CAA;310;GUILHERME SANTOS DE ANDRADE;;-;;-;;-;443/2026;SIM;5%;NÃO;-;NÃO;-;OUTROS SERVIÇOS;SIM;;;;
CONTRATO;6;2026;FEPDC;CONTRATO-6-2026-FEPDC;36433/2025-94;LEI_14.133;PREGÃO;PRESTAÇÃO DE SERVIÇOS COMUNS DE SISTEMA DE MONITORAMENTO VEICULAR VIA SATÉLITE PARA OS VEÍCULOS DO MINISTÉRIO PÚBLICO DO ESTADO DO PIAUÍ ( FROTA PROCON);00.090.021/0001-45;SISTEMA AVANÇADO DE SEGURANÇA ELETRÔNICA LTDA;03/02/2026;03/02/2028;03/02/2028;562;EM VIGÊNCIA;EM VIGÊNCIA;R$ 10.080,00;R$ 10.080,00;R$ 10.080,00;NÃO;CAA;310;GUILHERME SANTOS DE ANDRADE;;-;;-;;-;443/2026;SIM;5%;NÃO;-;NÃO;-;OUTROS SERVIÇOS;SIM;;;;
CONTRATO;7;2026;FMMPPI;CONTRATO-7-2026-FMMPPI;35225/2025-27;LEI_14.133;DISPENSA;CONTRATAÇÃO DE SERVIÇOS COMUNS E CONTINUADOS DE MANUTENÇÃO PREVENTIVA E CORRETIVA DE PLATAFORMA ELEVATÓRIA PARA ACESSIBILIDADE, COM FORNECIMENTO PEÇAS, COMPONENTES E ACESSÓRIOS NOVOS, ORIGINAIS, GENUÍNOS, DE QUALIDADE OU DESEMPENHO IGUAIS OU SUPERIORES ÀS UTILIZADAS NA FABRICAÇÃO MEDIANTE DECLARAÇÃO DE RESPONSABILIDADE DA EMPRESA, E/OU RECOMENDADOS PELO FABRICANTE, PARA ATENDER AS NECESSIDADES DA SEDE DAS PROMOTORIAS DE JUSTIÇA DE OEIRAS E FLORIANO.;07.300.179/0001-41;NORDESTE COMERCIO E SERVIÇOS LTDA;04/02/2026;04/02/2027;04/02/2027;198;EM VIGÊNCIA;EM VIGÊNCIA;R$ 31.860,00;R$ 31.860,00;R$ 31.860,00;NÃO;CPPT;411;DÊNIS ALEXANDRE TEIXEIRA DE SENA;;-;;-;;-;456/2026;SIM;5%;NÃO;-;NÃO;-;SERVIÇO DE MANUTENÇÃO;SIM;;;;
CONTRATO;8;2026;PGJ;CONTRATO-8-2026-PGJ;02726/2026-80;LEI_14.133;PREGÃO;AQUISIÇÃO DE MATERIAL DE HIGIENE E LIMPEZA.;33.613.876/0001-62;BQS DISTRIBUIDORA LTDA;09/02/2026;09/02/2028;09/02/2028;568;EM VIGÊNCIA;EM VIGÊNCIA;R$ 20.281,50;R$ 20.281,50;R$ 20.281,50;NÃO;CAA;20026;FELIPE ARLLEM REZENDE;;-;;-;;-;520/2026;NÃO;;NÃO;-;NÃO;-;MATERIAL DE CONSUMO;NÃO;;;;
CONTRATO;9;2026;PGJ;CONTRATO-9-2026-PGJ;02248/2026-57;LEI_14.133;PREGÃO;PRESTAÇÃO DE SERVIÇOS DE SOLUÇÃO INTEGRADA DE SEGURANÇA DE PERÍMETRO DE PRÓXIMA GERAÇÃO ( NGFW), SEGURANÇA EM NUVEM, GERÊNCIA CENTRALIZADA, PROTEÇÃO DE E-MAIL, MONITORAMENTO 24X7 E TREINAMENTO ESPECIALIZADO.;09.137.728/0002-15;NTSEC SOLUCÇÕES EM TELINFORMÁTICA LTDA;19/02/2026;19/02/2029;19/02/2029;944;EM VIGÊNCIA;EM VIGÊNCIA;R$ 4.425.347,10;R$ 4.425.347,10;R$ 4.425.347,10;NÃO;CTI;294;MARCIEL FERREIRA LIMA;15807;ÍTALO GARCIA ARAÚJO NOGUEIRA;425;MARCOS MACIEL MARTINS BRITO;;-;609/2026;SIM;5%;NÃO;-;NÃO;-;SERVIÇO DE TI;SIM;;;;
CONTRATO;10;2026;FEPDC;CONTRATO-10-2026-FEPDC;01017/2026-66;LEI_14.133;PREGÃO;AQUISIÇÃO DE MATERIAL PERMANENTE (ELETROELETRÔNICOS);36.045.363/0001-90;SORELLE COMÉRCIO DE ELETROS E EQUIPAMENTOS LTDA;19/02/2026;19/02/2027;19/02/2027;213;EM VIGÊNCIA;EM VIGÊNCIA;R$ 10.957,23;R$ 10.957,23;R$ 10.957,23;NÃO;CAA;307;AIRTON ALVES MENDES DE MOURA;;-;;-;;-;632/2026;NÃO;;NÃO;-;NÃO;-;MATERIAL PERMANENTE;NÃO;;;;
CONTRATO;11;2026;FMMPPI;CONTRATO-11-2026-FMMPPI;38670/2025-35;LEI_14.133;DISPENSA;PRESTAÇÃO DE SERVIÇOS ESPECIALIZADOS DE ELABORAÇÃO DE PROJETOS DE PREVENÇÃO E COMBATE A INCÊNDIO E PÂNICO, DESTINADOS A ATENDER ÀS NECESSIDADES DO MINISTÉRIO PÚBLICO DO ESTADO DO PIAUÍ;32.928.276/0001-20;BIM PROJETOS DE ARQUITETURA E ENGENHARIA LTDA;20/02/2026;20/02/2027;20/02/2027;214;EM VIGÊNCIA;EM VIGÊNCIA;R$ 47.299,62;R$ 47.299,62;R$ 47.299,62;NÃO;CPPT;226;CAROL CHAVES MESQUITA E FERREIRA;;-;;-;;-;659/2026;NÃO;;NÃO;-;NÃO;1;OUTROS SERVIÇOS;NÃO;;;;
CONTRATO;12;2026;FMMPPI;CONTRATO-12-2026-FMMPPI;38670/2025-35;LEI_14.133;DISPENSA;PRESTAÇÃO DE SERVIÇOS ESPECIALIZADOS DE ELABORAÇÃO DE PROJETOS DE PREVENÇÃO E COMBATE A INCÊNDIO E PÂNICO, DESTINADOS A ATENDER ÀS NECESSIDADES DO MINISTÉRIO PÚBLICO DO ESTADO DO PIAUÍ;42.489.485/0001-79;L H C HAIDAR SOUSA;24/02/2026;24/02/2027;24/02/2027;218;EM VIGÊNCIA;EM VIGÊNCIA;R$ 7.672,50;R$ 7.672,50;R$ 7.672,50;NÃO;CPPT;226;CAROL CHAVES MESQUITA E FERREIRA;;-;;-;;-;659/2026;NÃO;;NÃO;-;NÃO;-;OUTROS SERVIÇOS;NÃO;;;;
CONTRATO;13;2026;PGJ;CONTRATO-13-2026-PGJ;02645/2026-36;LEI_14.133;PREGÃO;AQUISIÇÃO DE MATERIAL DE HIGIENE E LIMPEZA;39.853.645/0001-02;LAÍS G DE SOUSA EIRELI;19/02/2026;19/02/2028;19/02/2028;578;EM VIGÊNCIA;EM VIGÊNCIA;R$ 34.966,00;R$ 34.966,00;R$ 34.966,00;NÃO;CAA;20026;FELIPE ARLLEM REZENDE;;-;;-;;-;619/2026;NÃO;;NÃO;-;SIM;-;MATERIAL DE CONSUMO;NÃO;;;;
CONTRATO;14;2026;PGJ;CONTRATO-14-2026-PGJ;02672/2026-83;LEI_14.133;PREGÃO;AQUISIÇÃO DE MATERIAL DE HIGIENE E LIMPEZA;45.167.140/0001-97;E PACHECO LOPES FILHO;23/02/2026;23/02/2028;23/02/2028;582;EM VIGÊNCIA;EM VIGÊNCIA;R$ 56.313,00;R$ 56.313,00;R$ 56.313,00;NÃO;CAA;20026;FELIPE ARLLEM REZENDE;;-;;-;;-;662/2026;NÃO;;NÃO;-;NÃO;-;MATERIAL DE CONSUMO;NÃO;;;;
CONTRATO;15;2026;FEPDC;CONTRATO-15-2026-FEPDC;00965/2026-15;LEI_14.133;PREGÃO;AQUISIÇÃO DE MATERIAL PERMANENTE (ELETROELETRÔNICOS).;56.953.630/0001-35;PROSPERA COMÉRCIO LTDA;06/03/2026;06/03/2027;06/03/2027;228;EM VIGÊNCIA;EM VIGÊNCIA;R$ 33.280,60;R$ 33.280,60;R$ 33.280,60;NÃO;CAA;307;AIRTON ALVES MENDES DE MOURA;;-;;-;;-;858/2026;NÃO;;SIM;1;NÃO;-;MATERIAL PERMANENTE;NÃO;;;;
CONTRATO;16;2026;PGJ;CONTRATO-16-2026-PGJ;02099/2026-34;LEI_14.133;PREGÃO;AQUISIÇÃO DE MATERIAL DE HIGIENE E LIMPEZA.;53.254.670/0001-09;EB DISTRIBUIDORA LTDA;27/02/2026;27/02/2028;27/02/2028;586;EM VIGÊNCIA;EM VIGÊNCIA;R$ 292.408,55;R$ 292.408,55;R$ 292.408,55;NÃO;CAA;20026;FELIPE ARLLEM REZENDE;;-;;-;;-;803/2026;NÃO;;NÃO;-;NÃO;-;MATERIAL DE CONSUMO;NÃO;;;;
CONTRATO;17;2026;FEPDC;CONTRATO-17-2026-FEPDC;02564/2026-07;LEI_14.133;PREGÃO;AQUISIÇÃO DE MATERIAL PERMANENTE (MOBILIÁRIO EM GERAL COM MONTAGEM INCLUSA).;26.242.393/0001-33;HOMEOFFICE CADEIRAS LTDA ME;03/03/2026;03/03/2027;03/03/2027;225;EM VIGÊNCIA;EM VIGÊNCIA;R$ 89.443,00;R$ 89.443,00;R$ 89.443,00;NÃO;CAA;307;AIRTON ALVES MENDES DE MOURA;;-;;-;;-;805/2026;SIM;5%;NÃO;-;NÃO;-;MATERIAL PERMANENTE;NÃO;;;;
CONTRATO;18;2026;PGJ;CONTRATO-18-2026-PGJ;03918/2026-80;LEI_14.133;PREGÃO;PRESTAÇÃO CONTÍNUA DE SERVIÇOS DE MÃO DE OBRA RESIDENTE, EM REGIME DE DEDICAÇÃO EXCLUSIVA, NAS CATEGORIA DE ASSISTENTE SOCIAL, PEDAGOGO E PSICÓLOGO, PARA ATENDER AO CONVÊNCIO DEPEN-MJSP-PLATAFORMA+BRASIL;08.989.745/0001-37;CANAÃ FACILITIES LTDA;06/03/2026;06/03/2028;06/03/2028;594;EM VIGÊNCIA;EM VIGÊNCIA;R$ 1.536.234,72;R$ 1.536.234,72;R$ 1.536.234,72;NÃO;CAA;173;ALCIVAN DA COSTA MARQUES;20269;FABIANA ROCHA AGUIAR NOGUEIRA;20259;JOSSELLINI DOS SANTOS SOUSA ;;-;860/2026;SIM;5%;NÃO;-;NÃO;-;SERVIÇOS DE MÃO DE OBRA;NÃO;;;;
CONTRATO;19;2026;PGJ;CONTRATO-19-2026-PGJ;38324/2025-87;LEI_14.133;DISPENSA;CONTRATAÇÃO DE SOLUÇÃO DE TECNOLOGIA DA INFORMAÇÃO E COMUNICAÇÃO DE FORNECIMENTO DE LINK DE INTERNET COM DUPLA ABORDAGEM, POR 36 (TRINTA E SEIS) MESES;54.315.275/0001-43;PIAUÍ LINK S.A;05/03/2026;05/03/2029;06/03/2027;228;EM VIGÊNCIA;EM VIGÊNCIA;R$ 702.000,00;R$ 702.000,00;R$ 702.000,00;NÃO;CTI;20260;ALEXANDRE MONTEIRO RODRIGUES COELHO;294;MARCIEL FERREIRA LIMA;15807;ÍTALO GARCIA ARAÚJO NOGUEIRA;;-;877/2026;NÃO;;NÃO;-;NÃO;-;SERVIÇOS DE TI;SIM;;;;
CONTRATO;20;2026;FMMPPI;CONTRATO-20-2026-FMMPPI;08977/2026-55;LEI_14.133;PREGÃO;AQUISIÇÃO DE APPLE IMACS ( EQUIPAMENTOS DE TIC);20.948.432/0001-36;EMPRESA MC TEC INFORMÁTICA LTDA;16/03/2026;16/03/2027;16/03/2027;238;EM VIGÊNCIA;EM VIGÊNCIA;R$ 41.960,00;R$ 41.960,00;R$ 41.960,00;NÃO;CTI;20260;ALEXANDRE MONTEIRO RODRIGUES COELHO;15379;JOÃO CARLOS BARBOSA DOS SANTOS;303;BRENO REIS DO NASCIMENTO;;-;1017/2026;SIM;5%;NÃO;-;NÃO;-;MATERIAL PERMANENTE;NÃO;;;;
CONTRATO;21;2026;FMMPPI;CONTRATO-21-2026-FMMPPI;09210/2026-69;LEI_14.133;PREGÃO;AQUISIÇÃO DE EQUIPAMENTOS DE TIC (FILTRO DE LINHA);54.826.788/0001-19;VIP IMPORTACAO E COMERCIO DE PRODUTOS LTDA;23/03/2026;23/03/2027;23/03/2027;245;EM VIGÊNCIA;EM VIGÊNCIA;R$ 9.844,00;R$ 9.844,00;R$ 9.844,00;NÃO;CTI;20260;ALEXANDRE MONTEIRO RODRIGUES COELHO;15379;JOÃO CARLOS BARBOSA DOS SANTOS;303;BRENO REIS DO NASCIMENTO;;-;1134/2026;NÃO;;NÃO;-;NÃO;-;SERVIÇOS DE TI;NÃO;;;;
CONTRATO;22;2026;FEPDC;CONTRATO-22-2026-FEPDC;09463/2026-71;LEI_14.133;PREGÃO;AQUISIÇÃO DE MATERIAL PERMANENTE (MOBILIÁRIO EM GERAL COM MONTAGEM INCLUSA);66.455.593/0001-99;EMPRESA HOMEOFFICE MÓVEIS LTDA;24/03/2026;24/03/2027;24/03/2027;246;EM VIGÊNCIA;EM VIGÊNCIA;R$ 45.661,43;R$ 45.661,43;R$ 45.661,43;NÃO;CAA;307;AIRTON ALVES MENDES DE MOURA;;-;;-;;-;1175/2026;SIM;5%;NÃO;-;NÃO;-;MATERIAL PERMANENTE;NÃO;;;;
CONTRATO;23;2026;FEPDC;CONTRATO-23-2026-FEPDC;01023/2026-98;LEI_14.133;PREGÃO;AQUISIÇÃO DE MATERIAL PERMANENTE (APARELHOS DE AR-CONDICIONADO), SEM INSTALAÇÃO INCLUSA;17.417.928/0001-79;VENTISOL DA AMAZÔNIA INDÚSTRIA DE APARELHOS ELÉTRICOS;24/03/2026;24/03/2027;24/03/2027;246;EM VIGÊNCIA;EM VIGÊNCIA;R$ 81.461,00;R$ 81.461,00;R$ 81.461,00;NÃO;CAA;307;AIRTON ALVES MENDES DE MOURA;;-;;-;;-;1176/2026;SIM;5%;NÃO;-;NÃO;-;MATERIAL PERMANENTE;NÃO;;;;
CONTRATO;24;2026;FEPDC;CONTRATO-24-2026-FEPDC;08560/2026-08;LEI_14.133;PREGÃO;AQUISIÇÃO DE MATERIAL PERMANENTE (SMART TV E SUPORTES PARA TV).;46.368.367/0001-63;AMENA CLIMATIZAÇÃO LTDA;26/03/2026;26/03/2027;26/03/2027;248;EM VIGÊNCIA;EM VIGÊNCIA;R$ 16.847,60;R$ 16.847,60;R$ 16.847,60;NÃO;CAA;307;AIRTON ALVES MENDES DE MOURA;;-;;-;;-;1241/2026;NÃO;;NÃO;-;NÃO;-;MATERIAL PERMANENTE;NÃO;;;;
CONTRATO;25;2026;FEPDC;CONTRATO-25-2026-FEPDC;01030/2026-06;LEI_14.133;PREGÃO;AQUISIÇÃO DE MATERIAL PERMANENTE ( APARELHOS DE AR-CONDICIONADO), SEM INSTALAÇÃO INCLUSA;21.613.975/0001-65;RECNOBLU COMÉRCIO DE REFRIGERAÇÃO LTDA;24/03/2026;24/03/2027;24/03/2027;246;EM VIGÊNCIA;EM VIGÊNCIA;R$ 63.030,51;R$ 63.030,51;R$ 63.030,51;NÃO;CAA;307;AIRTON ALVES MENDES DE MOURA;;-;;-;;-;1184/2026;SIM;5%;NÃO;-;NÃO;-;MATERIAL PERMANENTE;NÃO;;;;
CONTRATO;26;2026;FEPDC;CONTRATO-26-2026-FEPDC;00955/2026-91;LEI_14.133;PREGÃO;AQUISIÇÃO DE MATERIAL PERMANENTE( ELETROELETRÔNICOS).;23.331.504/0001-90;G M S ABREU E COMÉRCIO LTDA;30/03/2026;30/03/2027;30/03/2027;252;EM VIGÊNCIA;EM VIGÊNCIA;R$ 22.964,00;R$ 22.964,00;R$ 22.964,00;NÃO;CAA;307;AIRTON ALVES MENDES DE MOURA;;-;;-;;-;1257/2026;NÃO;;NÃO;-;NÃO;-;MATERIAL PERMANENTE;NÃO;;;;
CONTRATO;27;2026;FMMPPI;CONTRATO-27-2026-FMMPPI;10254/2026-11;LEI_14.133;PREGÃO;AQUISIÇÃO DE EQUIPAMENTOS DE TIC (HEADSETS, FONES DE OUVIDO, DISPOSITIVOS DE ÁUDIO VIVA-VOZ E WEBCAMS);15.838.111/0001-49;MARYLEIDE FONSECA ALMEIDA LTDA;08/04/2026;08/04/2027;08/04/2027;261;EM VIGÊNCIA;EM VIGÊNCIA;R$ 19.000,00;R$ 19.000,00;R$ 19.000,00;NÃO;CTI;20260;ALEXANDRE MONTEIRO RODRIGUES COELHO;15379;JOÃO CARLOS BARBOSA DOS SANTOS;303;BRENO REIS DO NASCIMENTO;;-;1433/2026;NÃO;;NÃO;-;NÃO;-;MATERIAL PERMANENTE;NÃO;;;;
CONTRATO;28;2026;PGJ;CONTRATO-28-2026-PGJ;11690/2026-67;LEI_14.133;PREGÃO; AQUISIÇÃO DE MATERIAL DE GÊNEROS ALIMENTÍCIOS E COPA PARA O MP-PI;18.309.483/0001-76;PHOENIX COMERCIAL LTDA;10/04/2026;10/04/2028;10/04/2028;629;EM VIGÊNCIA;EM VIGÊNCIA;R$ 326.106,00;R$ 326.106,00;R$ 326.106,00;NÃO;CAA;20026;FELIPE ARLLEM REZENDE;;-;;-;;-;1446/2026;NÃO;;NÃO;-;NÃO;-;MATERIAL DE CONSUMO;SIM;;;;
CONTRATO;29;2026;PGJ;CONTRATO-29-2026-PGJ;12277/2026-09;LEI_14.133;PREGÃO;PRESTAÇÃO DE SERVIÇOS CONTINUADOS COM REGIME DE DEDICAÇÃO DE MÃO DE OBRA EXCLUSIVA - LOTE 1;05.564.043/0001-13;MASTER FACILITIES LTDA;16/04/2026;16/04/2028;16/04/2028;635;EM VIGÊNCIA;EM VIGÊNCIA;R$ 10.718.174,40;R$ 10.718.174,40;R$ 10.718.174,40;NÃO;CAA;173;ALCIVAN DA COSTA MARQUES;20269;FABIANA ROCHA AGUIAR NOGUEIRA;20026;FELIPE ARLLEM REZENDE;;-;1528/2026;SIM;5%;NÃO;-;NÃO;-;SERVIÇOS DE MÃO DE OBRA;SIM;;;;
CONTRATO;30;2026;PGJ;CONTRATO-30-2026-PGJ;08910/2026-49;LEI_14.133;DISPENSA;AQUISIÇÃO DE RECARGAS DE BOTIJÕES DE GÁS (GLP) E AQUISIÇÃO DE BOTIJÕES DE 45KG;41.856.952/0001-99;RAINHA DO GÁS LTDA;15/04/2026;15/04/2027;15/04/2027;268;EM VIGÊNCIA;EM VIGÊNCIA;R$ 16.296,42;R$ 16.296,42;R$ 16.296,42;NÃO;CAA;20026;FELIPE ARLLEM REZENDE;;-;;-;;-;1497/2026;NÃO;;NÃO;-;NÃO;-;MATERIAL DE CONSUMO;SIM;;;;
CONTRATO;31;2026;PGJ;CONTRATO-31-2026-PGJ;10216/2026-65;LEI_14.133;INEXIGIBILIDADE;"PRESTAÇÃO DE SERVIÇOS COMUNS DE ASSINATURA ANUAL DE FERRAMENTA DE PESQUISA ""ZENITE FÁCIL IA"", COM 5 ACESSOS DIMULTÂNEOS, DESTINADA A REALIZAÇÃO DE  CONSULTAS E PESQUISAS ESPECIALIZADAS E LICITAÇÕES, CONTRATAÇÕES DIRETAS E CONTRATOS ADMINISTRATIVOS.";86.781.069/0001-15;ZENITE EDITORA;17/04/2026;17/04/2027;17/04/2027;270;EM VIGÊNCIA;EM VIGÊNCIA;R$ 21.800,00;R$ 21.800,00;R$ 21.800,00;NÃO;CLC;15814;ROSANGELA DA SILVA SANTANA;;-;;-;;-;1563/2026;NÃO;;NÃO;-;NÃO;-;OUTROS SERVIÇOS;SIM;;;;
CONTRATO;32;2026;PGJ;CONTRATO-32-2026-PGJ;16112/2026-60;LEI_14.133;PREGÃO;PRESTAÇÃO DE SEVIÇOS A SEREM EXECUTADOS COM REGIME DE DEDICAÇÃO DE MÃO DE OBRA EXCLUSIVA, DE 18 POSTOS DE AUXILIAR ADMINISTRATIVO (TERESINA, UNIÃO E PICOS).;07.983.615/0001-24;COMSERV SERVIÇOS E ENGENHARIA EIRELI;25/05/2026;01/06/2028;01/06/2028;681;EM VIGÊNCIA;EM VIGÊNCIA;R$ 1.950.192,00;R$ 1.950.192,00;R$ 1.950.192,00;NÃO;CAA;173;ALCIVAN DA COSTA MARQUES;20269;FABIANA ROCHA AGUIAR NOGUEIRA;20026;FELIPE ARLLEM REZENDE;;-;2150/2026;NÃO;5%;NÃO;-;NÃO;-;SERVIÇOS DE MÃO DE OBRA;SIM;;;;
CONTRATO;33;2026;FEPDC;CONTRATO-33-2026-FEPDC;16234/2026-33;LEI_14.133;DISPENSA;PRESTAÇÃO DE SERVIÇOS COMUNS PARA VEÍCULOS PERTENCENTES À FROTA PRÓPRIA DO FUNDO ESTADUAL DE PROTEÇÃO E DEFESA DO CONSUMIDOR;90.180.605/0001-02;GENTE SEGURADORA S.A ;09/06/2026;09/06/2027;09/06/2027;323;EM VIGÊNCIA;EM VIGÊNCIA;R$ 5.000,00;R$ 5.000,00;R$ 5.000,00;NÃO;CAA;310;GUILHERME SANTOS DE ANDRADE;;-;;-;;-;2355/2026;NÃO;;NÃO;-;NÃO;-;SERVIÇOS DE SEGURO;SIM;;;;
NOTA DE EMPENHO;148;2026;PGJ;NOTA DE EMPENHO-148-2026-PGJ;01493/2026-35;LEI_14.133;INEXIGIBILIDADE;"TREINAMENTO E APERFEIÇOAMENTO DE PESSOAL, MEDIANTE 06 (SEIS) SERVIDORES DO MP NA AÇÃO DE DESENVOLVIMENTO INTITULADA ""REFORMA TRIBUTÁRIA PARA ÓRGÃOS PÚNLICOS E SISTEMA S"".";09.094.300/0001-51;OPEN TREINAMENTOS EMPRESARIAIS E EDITORA LTDA EPP;09/02/2026;09/05/2026;09/05/2026;-73;FORA DO PRAZO;FORA DO PRAZO;R$ 16.140,00;R$ 0,00;R$ 0,00;NÃO;CCF;280;SÉRGIO ALVES NORONHA;;-;;-;;-;576/2026;NÃO;;NÃO;-;NÃO;-;CURSOS;NÃO;;;;
NOTA DE EMPENHO;176;2026;PGJ;NOTA DE EMPENHO-176-2026-PGJ;46875/2025-74;LEI_14.133;INEXIGIBILIDADE;" AQUISIÇÃO DE
TESTES PSICOLÓGICOS DEVIDAMENTE ATUALIZADOS E VALIDADOS, A SEREM UTILIZADOS NOS PROCESSOS DE AVALIAÇÃO PSICOLÓGICA DA
APTIDÃO DE MEMBROS PERTENCENTES AO MINISTÉRIO PÚBLICO DO ESTADO DO PIAUI MPPI, PARA A POSSE E O PORTE DE ARMA DE FOGO, ";05.577.842/0001-24;CENTRO DE DESENVOLVIMENTO PSICOLOGICO LTDA-ME;13/02/2026;13/05/2026;13/05/2026;-69;FORA DO PRAZO;FORA DO PRAZO;R$ 2.787,97;R$ 0,00;R$ 0,00;NÃO;GSI;391;GABRIELA PIRES AMÂNCIO MEDEIROS,;;-;;-;;-;590/2026;NÃO;;NÃO;-;NÃO;-;MATERIAL DE CONSUMO;NÃO;;;;
NOTA DE EMPENHO;187;2026;PGJ;NOTA DE EMPENHO-187-2026-PGJ;03217/2026-67;LEI_14.133;DISPENSA;"PRESTAÇÃO DE SERVIÇOS DE HOSPEDAGEM NO MUNICÍPIO DE PICOS/PI, PARA ATENDER DEMANDA DA SEDE DAS
PROMOTORIAS DE JUSTIÇA DE PICOS DURANTE A REALIZAÇÃO DO CURSO ""CAPACITIA"", CONFORME CONDIÇÕES, QUANTIDADES E EXIGÊNCIAS
ESTABELECIDAS NO TERMO DE REFERÊNCIA";26.705.259/0001-21;MARIA DA SAUDE COSTA DE MENESES;19/02/2026;19/02/2026;19/02/2026;-152;FORA DO PRAZO;FORA DO PRAZO;R$ 920,00;R$ 0,00;R$ 0,00;SIM;PGJ;355;ISMAEL BEZERRA NELSON;;-;;-;;-;611/2026;NÃO;;NÃO;-;NÃO;-;OUTROS SERVIÇOS;NÃO;;;;
NOTA DE EMPENHO;288;2026;PGJ;NOTA DE EMPENHO-288-2026-PGJ;06923/2026-12;LEI_14.133;DISPENSA;"SERVIÇOS DE HOSPEDAGEM NO MUNICÍPIO DE SÃO RAIMUNDO NONATO-PI, PARA ATENDER A DEMANDA DA SEDE DAS PROMOTORIAS DE JUSTIÇA DE SÃO RAIMUNDO NONATO DURANTE A REALIZAÇÃO DO CURSO ""CAPACITIA"".";63.519.227/0001-68;REAL HOTEL EMPREENDIMENTOS LTDA;12/03/2026;10/04/2026;10/04/2026;-102;FORA DO PRAZO;FORA DO PRAZO;R$ 1.800,00;R$ 0,00;R$ 0,00;NÃO;PGJ;368;STÊNIO CAVALCANTE DE OLIVEIRA;;-;;-;;-;976/2026;NÃO;;NÃO;-;NÃO;-;OUTROS SERVIÇOS;NÃO;;;;
CONTRATO;34;2026;PGJ;CONTRATO-34-2026-PGJ;17866/2026-58;LEI_14.133;DISPENSA;AQUISIÇÃO DE ÁGUA MINERAL PARA A REGIONAL NORTE E MUNICÍPIOS POLOS DA REGIONAL CENTRO-SUL (ÁGUA BRANCA, DEMERVAL LOBÃO, ELESBÃO VELOSO, SÃO PEDRO DO PIAUÍ, BARRO DURO E MONSENHOR GIL), COM ENTREGA OBRIGATÓRIA EM TODAS AS SEDES INDICADAS.;00.375.697/0001-85;MAURO C O LOPES LTDA;23/06/2026;23/06/2028;23/06/2028;703;EM VIGÊNCIA;EM VIGÊNCIA;R$ 45.000,00;R$ 45.000,00;R$ 45.000,00;NÃO;CAA;20026;FELIPE ARLLEM REZENDE;;-;;-;;-;2561/2026;NÃO;;NÃO;-;NÃO;-;MATERIAL DE CONSUMO;SIM;;;;
CONTRATO;35;2026;PGJ;CONTRATO-35-2026-PGJ;04228/2026-51;LEI_14.133;PREGÃO;PRESTAÇÃO DE  SERVIÇOS CONTINUADOS DE AUXILIAR DE SERVIÇOS GERAIS, BOMBEIRO HIDRÁULICO, CARREGADOR DE VOLUMES, COPEIRAGEM, ELETRICISTA, GARÇONARIA, MOTORISTA CATEGORIA A (MOTOBOY), MOTORISTA CATEGORIA B (CONDUÇÃO DE VEÍCULO LEVE), MOTORISTA CATEGORIA D (CONDUÇÃO DE VEÍCULO PESADO), OFFICE BOY, OPERADOR DE SOM E IMAGEM, RECEPCIONISTA, RECEPCIONISTA BILÍNGUE E TELEFONISTA, A SEREM EXECUTADOS COM REGIME DE DEDICAÇÃO EXCLUSIVA DE MÃO DE OBRA;07.204.255/0001-15;ALFA GESTÃO DE RECURSOS HUMANOS LTDA;30/06/2026;30/06/2028;30/06/2028;710;EM VIGÊNCIA;EM VIGÊNCIA;R$ 10.863.437,28;R$ 10.863.437,28;R$ 10.863.437,28;NÃO;CAA;173;ALCIVAN DA COSTA MARQUES;20269;FABIANA ROCHA AGUIAR NOGUEIRA;20026;FELIPE ARLLEM REZENDE;;-;2773/2026;SIM;5%;NÃO;-;NÃO;-;SERVIÇOS DE MÃO DE OBRA;SIM;;;;
CONTRATO;36;2026;FMMPPI;CONTRATO-36-2026-FMMPPI;23671/2026-55;LEI_14.133;PREGÃO; POSTOS PARA OS SERVIÇOS CONTINUADOS DE AGENTE DE LIMPEZA, A SEREM EXECUTADOS COM REGIME DE DEDICAÇÃO EXCLUSIVA DE MÃO DE OBRA, CONFORME CONDIÇÕES, ESPECIFICAÇÕES E DEMAIS EXIGÊNCIAS ESTABELECIDAS NO TERMO DE REFERÊNCIA, ANEXO I DO EDITAL DE LICITAÇÃO Nº 90003/2026;07.204.255/0001-15;ALFA GESTÃO DE RECURSOS HUMANOS LTDA;30/06/2026;30/06/2028;30/06/2028;710;EM VIGÊNCIA;EM VIGÊNCIA;R$ 4.017.118,08;R$ 4.017.118,08;R$ 4.017.118,08;NÃO;CAA;173;ALCIVAN DA COSTA MARQUES;20269;FABIANA ROCHA AGUIAR NOGUEIRA;20026;FELIPE ARLLEM REZENDE;;-;2772/2026;SIM;5%;NÃO;-;NÃO;-;SERVIÇOS DE MÃO DE OBRA;SIM;;;;
CONTRATO;37;2026;FMMPPI;CONTRATO-37-2026-FMMPPI;11743/2026-40;LEI_14.133;ADESÃO;AQUISIÇÃO DE 2 (DOIS) VEÍCULOS AUTOMOTORES (PICK UP), POR MEIO DA ADESÃO À ATA DE REGISTRO DE PREÇO Nº 114/2025, DO PREGÃO ELETRÔNICO Nº 057/2025 REALIZADO PELA SECRETARIA DA ADMINISTRAÇÃO DO ESTADO DA BAHIA, PARA RENOVAÇÃO/SUBSTITUIÇÃO DE PARTE DA FROTA DO MINISTÉRIO PÚBLICO DO ESTADO DO PIAUÍ.;54.305.743/0011-70; HPE AUTOMOTORES DO BRASIL LTDA;02/07/2026;11/10/2026;11/10/2026;82;RENOVAÇÃO URGENTE;EM VIGÊNCIA;R$ 463.980,00;R$ 463.980,00;R$ 463.980,00;NÃO;CAA;310;GUILHERME SANTOS DE ANDRADE;;-;;-;;-;2798/2026;NÃO;;NÃO;-;NÃO;-;MATERIAL PERMANENTE;NÃO;;;;
NOTA DE EMPENHO;778;2026;PGJ;NOTA DE EMPENHO-778-2026-PGJ;16301/2026-95;LEI_14.133;INEXIGIBILIDADE;AQUISIÇÃO DE TESTES PSICOLÓGICOS ATUALIZADOS E VALIDADOS, VISANDO À APLICAÇÃO EM PROCESSOS DE AVALIAÇÃO PSICOLÓGICA EM CONFORMIDADE COM AS NORMAS ÉTICAS E TÉCNICAS ESTABELECIDAS PELO CONSELHO FEDERAL DE PSICOLOGIA (CFP), GARANTINDO A QUALIDADE, A FIDEDIGNIDADE E A VALIDADE DOS INSTRUMENTOS UTILIZADOS NOS ATENDIMENTOS PSICOLÓGICOS E/OU ATIVIDADES INSTITUCIONAIS DO MINISTÉRIO PÚBLICO DO ESTADO DO PIAUI - MPPI;05.577.842/0001-24;CENTRO DE DESENVOLVIMENTO PSICOLOGICO LTDA-ME;02/07/2026;02/10/2026;02/10/2026;73;PRONTA ENTREGA;EM VIGÊNCIA;R$ 1.718,43;R$ 1.718,43;R$ 1.718,43;NÃO;CPPT;391;GABRIELA PIRES AMÂNCIO MEDEIROS,;;-;;-;;-;2844/2026;NÃO;;NÃO;-;NÃO;-;MATERIAL DE CONSUMO;NÃO;;;;
CONTRATO;38;2026;FMMPPI;CONTRATO-38-2026-FMMPPI;22103/2026-74;LEI_14.133;PREGÃO;CONTRATAÇÃO DE EMPRESA ESPECIALIZADA NA PRESTAÇÃO DE SERVIÇOS DE CONSERVAÇÃO E MANUTENÇÃO PREDIAL, COM FORNECIMENTO E APLICAÇÃO DE MATERIAIS, DESTINADOS AOS IMÓVEIS DO MINISTÉRIO PÚBLICO DO ESTADO DO PIAUÍ;54.137.467/0001-07;INOVARE ENGENHARIA LTDA;08/07/2026;08/07/2028;08/07/2028;718;EM VIGÊNCIA;EM VIGÊNCIA;R$ 36.731,23;R$ 36.731,23;R$ 36.731,23;NÃO;CPPT;226;CAROL CHAVES MESQUITA E FERREIRA;;-;;-;;-;3073/2026;NÃO;;NÃO;-;NÃO;-;SERVIÇO DE MANUTENÇÃO;SIM;;;;
NOTA DE EMPENHO;832;2026;PGJ;NOTA DE EMPENHO-832-2026-PGJ;21262/2026-63;LEI_14.133;INEXIGIBILIDADE; TREINAMENTO E APERFEIÇOAMENTO DE PESSOAL, MEDIANTE A PARTICIPAÇÃO DE 06 (SEIS) SERVIDORES DO MPPI NA AÇÃO DE DESENVOLVIMENTO INTITULADA “REFORMA TRIBUTÁRIA PARA ÓRGÃOS PÚBLICOS E SISTEMA S”, COM CARGA HORÁRIA DE 16 (DEZESSEIS) HORAS, A SER REALIZADA NA MODALIDADE ONLINE, NOS DIAS 14 A 17 DE JULHO DE 2026.;09.094.300/0001-51;OPEN TREINAMENTOS EMPRESARIAIS E EDITORA LTDA EPP;14/07/2026;12/10/2026;12/10/2026;83;PRONTA ENTREGA;EM VIGÊNCIA;R$ 16.140,00;R$ 16.140,00;R$ 16.140,00;NÃO;CCF;280;SÉRGIO ALVES NORONHA;;-;;-;;-;3188/2026;NÃO;;NÃO;-;NÃO;-;CURSOS;NÃO;;;;
CONTRATO;43;2026;FMMPPI;CONTRATO-43-2026-FMMPPI;26306/2026-03;LEI_14.133;PREGÃO;AQUISIÇÃO DE SUPRIMENTOS E FERRAMENTAS DE TIC PARA ATENDER AS NECESSIDADES DA DIVISÃO DE ATENDIMENTO AO USUÁRIO, VINCULADA A COORDENADORIA DE TECNOLOGIA DA INFORMAÇÃO DO MPPI.;46.869.912/0001-03;DOMINI TELECOM LTDA;15/07/2026;15/07/2027;15/07/2027;359;EM VIGÊNCIA;EM VIGÊNCIA;R$ 42.940,40;R$ 42.940,40;R$ 42.940,40;NÃO;CTI;15379;JOÃO CARLOS BARBOSA DOS SANTOS;20260;ALEXANDRE MONTEIRO RODRIGUES COELHO;303;BRENO REIS DO NASCIMENTO;;-;3219/2026;NÃO;;NÃO;-;NÃO;-;MATERIAL PERMANENTE;NÃO;;;;
CONTRATO;39;2026;FMMPPI;CONTRATO-39-2026-FMMPPI;26251/2026-33;LEI_14.133;PREGÃO;AQUISIÇÃO DE SUPRIMENTOS E FERRAMENTAS DE TIC PARA ATENDER AS NECESSIDADES DA DIVISÃO DE ATENDIMENTO AO USUÁRIO, VINCULADA A COORDENADORIA DE TECNOLOGIA DA INFORMAÇÃO DO MPPI.;12.010.075/0001-32;RRM SERVIÇOS E COMÉRCIOS DE CARTUCHOS LTDA;13/07/2026;13/07/2027;13/07/2027;357;EM VIGÊNCIA;EM VIGÊNCIA;R$ 1.627,95;R$ 1.627,95;R$ 1.627,95;NÃO;CTI;20260;ALEXANDRE MONTEIRO RODRIGUES COELHO;15379;JOÃO CARLOS BARBOSA DOS SANTOS;303;BRENO REIS DO NASCIMENTO;;-;3074/2026;NÃO;;NÃO;-;NÃO;-;MATERIAL PERMANENTE;NÃO;;;;
